2023-03-09T23:08:29.006+09:00,nozerose,Action,EditorBackSpace,_026___sorting_for_std_vector,Editor,/Users/nozerose/Desktop/2023학년도 1학기 수업/CB3500572-063 C++프로그래밍과실습(Prof.김태연)/실습 026 - sorting for std_vector/sort.cpp,,2,0,Changes
2023-03-09T23:08:29.010+09:00,nozerose,KeyEvent,8:8:0,_026___sorting_for_std_vector,Editor,/Users/nozerose/Desktop/2023학년도 1학기 수업/CB3500572-063 C++프로그래밍과실습(Prof.김태연)/실습 026 - sorting for std_vector/sort.cpp,,2,0,Changes
2023-03-09T23:08:29.364+09:00,nozerose,Action,EditorBackSpace,_026___sorting_for_std_vector,Editor,/Users/nozerose/Desktop/2023학년도 1학기 수업/CB3500572-063 C++프로그래밍과실습(Prof.김태연)/실습 026 - sorting for std_vector/sort.cpp,,2,0,Changes
2023-03-09T23:08:29.375+09:00,nozerose,KeyEvent,8:8:0,_026___sorting_for_std_vector,Editor,/Users/nozerose/Desktop/2023학년도 1학기 수업/CB3500572-063 C++프로그래밍과실습(Prof.김태연)/실습 026 - sorting for std_vector/sort.cpp,,1,0,Changes
2023-03-09T23:08:29.794+09:00,nozerose,KeyEvent,65535:16:1,_026___sorting_for_std_vector,Editor,/Users/nozerose/Desktop/2023학년도 1학기 수업/CB3500572-063 C++프로그래밍과실습(Prof.김태연)/실습 026 - sorting for std_vector/sort.cpp,,1,0,Changes
2023-03-09T23:08:30.128+09:00,nozerose,KeyEvent,35:520:1,_026___sorting_for_std_vector,Editor,/Users/nozerose/Desktop/2023학년도 1학기 수업/CB3500572-063 C++프로그래밍과실습(Prof.김태연)/실습 026 - sorting for std_vector/sort.cpp,,1,0,Changes
2023-03-09T23:08:30.419+09:00,nozerose,KeyEvent,105:73:0,_026___sorting_for_std_vector,Editor,/Users/nozerose/Desktop/2023학년도 1학기 수업/CB3500572-063 C++프로그래밍과실습(Prof.김태연)/실습 026 - sorting for std_vector/sort.cpp,,1,1,Changes
2023-03-09T23:08:30.592+09:00,nozerose,KeyEvent,110:78:0,_026___sorting_for_std_vector,Editor,/Users/nozerose/Desktop/2023학년도 1학기 수업/CB3500572-063 C++프로그래밍과실습(Prof.김태연)/실습 026 - sorting for std_vector/sort.cpp,,1,2,Changes
2023-03-09T23:08:30.726+09:00,nozerose,KeyEvent,99:67:0,_026___sorting_for_std_vector,Editor,/Users/nozerose/Desktop/2023학년도 1학기 수업/CB3500572-063 C++프로그래밍과실습(Prof.김태연)/실습 026 - sorting for std_vector/sort.cpp,,1,3,Changes
2023-03-09T23:08:30.803+09:00,nozerose,KeyEvent,108:76:0,_026___sorting_for_std_vector,Editor,/Users/nozerose/Desktop/2023학년도 1학기 수업/CB3500572-063 C++프로그래밍과실습(Prof.김태연)/실습 026 - sorting for std_vector/sort.cpp,,1,4,Changes
2023-03-09T23:08:31.016+09:00,nozerose,KeyEvent,117:85:0,_026___sorting_for_std_vector,Editor,/Users/nozerose/Desktop/2023학년도 1학기 수업/CB3500572-063 C++프로그래밍과실습(Prof.김태연)/실습 026 - sorting for std_vector/sort.cpp,,1,5,Changes
2023-03-09T23:08:31.078+09:00,nozerose,KeyEvent,100:68:0,_026___sorting_for_std_vector,Editor,/Users/nozerose/Desktop/2023학년도 1학기 수업/CB3500572-063 C++프로그래밍과실습(Prof.김태연)/실습 026 - sorting for std_vector/sort.cpp,,1,6,Changes
2023-03-09T23:08:31.246+09:00,nozerose,KeyEvent,101:69:0,_026___sorting_for_std_vector,Editor,/Users/nozerose/Desktop/2023학년도 1학기 수업/CB3500572-063 C++프로그래밍과실습(Prof.김태연)/실습 026 - sorting for std_vector/sort.cpp,,1,7,Changes
2023-03-09T23:08:31.406+09:00,nozerose,KeyEvent,32:32:0,_026___sorting_for_std_vector,Editor,/Users/nozerose/Desktop/2023학년도 1학기 수업/CB3500572-063 C++프로그래밍과실습(Prof.김태연)/실습 026 - sorting for std_vector/sort.cpp,,1,8,Changes
2023-03-09T23:08:31.587+09:00,nozerose,KeyEvent,65535:16:1,_026___sorting_for_std_vector,Editor,/Users/nozerose/Desktop/2023학년도 1학기 수업/CB3500572-063 C++프로그래밍과실습(Prof.김태연)/실습 026 - sorting for std_vector/sort.cpp,,1,9,Changes
2023-03-09T23:08:31.822+09:00,nozerose,KeyEvent,60:153:1,_026___sorting_for_std_vector,Editor,/Users/nozerose/Desktop/2023학년도 1학기 수업/CB3500572-063 C++프로그래밍과실습(Prof.김태연)/실습 026 - sorting for std_vector/sort.cpp,,1,9,Changes
2023-03-09T23:08:32.028+09:00,nozerose,KeyEvent,118:86:0,_026___sorting_for_std_vector,Editor,/Users/nozerose/Desktop/2023학년도 1학기 수업/CB3500572-063 C++프로그래밍과실습(Prof.김태연)/실습 026 - sorting for std_vector/sort.cpp,,1,10,Changes
2023-03-09T23:08:32.205+09:00,nozerose,KeyEvent,101:69:0,_026___sorting_for_std_vector,Editor,/Users/nozerose/Desktop/2023학년도 1학기 수업/CB3500572-063 C++프로그래밍과실습(Prof.김태연)/실습 026 - sorting for std_vector/sort.cpp,,1,11,Changes
2023-03-09T23:08:32.368+09:00,nozerose,KeyEvent,99:67:0,_026___sorting_for_std_vector,Editor,/Users/nozerose/Desktop/2023학년도 1학기 수업/CB3500572-063 C++프로그래밍과실습(Prof.김태연)/실습 026 - sorting for std_vector/sort.cpp,,1,12,Changes
2023-03-09T23:08:32.635+09:00,nozerose,KeyEvent,116:84:0,_026___sorting_for_std_vector,Editor,/Users/nozerose/Desktop/2023학년도 1학기 수업/CB3500572-063 C++프로그래밍과실습(Prof.김태연)/실습 026 - sorting for std_vector/sort.cpp,,1,13,Changes
2023-03-09T23:08:32.719+09:00,nozerose,KeyEvent,111:79:0,_026___sorting_for_std_vector,Editor,/Users/nozerose/Desktop/2023학년도 1학기 수업/CB3500572-063 C++프로그래밍과실습(Prof.김태연)/실습 026 - sorting for std_vector/sort.cpp,,1,14,Changes
2023-03-09T23:08:32.819+09:00,nozerose,KeyEvent,114:82:0,_026___sorting_for_std_vector,Editor,/Users/nozerose/Desktop/2023학년도 1학기 수업/CB3500572-063 C++프로그래밍과실습(Prof.김태연)/실습 026 - sorting for std_vector/sort.cpp,,1,15,Changes
2023-03-09T23:08:33.082+09:00,nozerose,KeyEvent,65535:16:1,_026___sorting_for_std_vector,Editor,/Users/nozerose/Desktop/2023학년도 1학기 수업/CB3500572-063 C++프로그래밍과실습(Prof.김태연)/실습 026 - sorting for std_vector/sort.cpp,,1,16,Changes
2023-03-09T23:08:33.330+09:00,nozerose,KeyEvent,62:46:1,_026___sorting_for_std_vector,Editor,/Users/nozerose/Desktop/2023학년도 1학기 수업/CB3500572-063 C++프로그래밍과실습(Prof.김태연)/실습 026 - sorting for std_vector/sort.cpp,,1,16,Changes
2023-03-09T23:08:33.550+09:00,nozerose,Action,EditorEnter,_026___sorting_for_std_vector,Editor,/Users/nozerose/Desktop/2023학년도 1학기 수업/CB3500572-063 C++프로그래밍과실습(Prof.김태연)/실습 026 - sorting for std_vector/sort.cpp,,1,17,Changes
2023-03-09T23:08:33.564+09:00,nozerose,KeyEvent,10:10:0,_026___sorting_for_std_vector,Editor,/Users/nozerose/Desktop/2023학년도 1학기 수업/CB3500572-063 C++프로그래밍과실습(Prof.김태연)/실습 026 - sorting for std_vector/sort.cpp,,2,0,Changes
2023-03-09T23:08:33.928+09:00,nozerose,Action,EditorEnter,_026___sorting_for_std_vector,Editor,/Users/nozerose/Desktop/2023학년도 1학기 수업/CB3500572-063 C++프로그래밍과실습(Prof.김태연)/실습 026 - sorting for std_vector/sort.cpp,,2,0,Changes
2023-03-09T23:08:33.939+09:00,nozerose,KeyEvent,10:10:0,_026___sorting_for_std_vector,Editor,/Users/nozerose/Desktop/2023학년도 1학기 수업/CB3500572-063 C++프로그래밍과실습(Prof.김태연)/실습 026 - sorting for std_vector/sort.cpp,,3,0,Changes
2023-03-09T23:08:34.323+09:00,nozerose,KeyEvent,105:73:0,_026___sorting_for_std_vector,Editor,/Users/nozerose/Desktop/2023학년도 1학기 수업/CB3500572-063 C++프로그래밍과실습(Prof.김태연)/실습 026 - sorting for std_vector/sort.cpp,,3,0,Changes
2023-03-09T23:08:34.502+09:00,nozerose,KeyEvent,110:78:0,_026___sorting_for_std_vector,Editor,/Users/nozerose/Desktop/2023학년도 1학기 수업/CB3500572-063 C++프로그래밍과실습(Prof.김태연)/실습 026 - sorting for std_vector/sort.cpp,,3,1,Changes
2023-03-09T23:08:34.618+09:00,nozerose,KeyEvent,116:84:0,_026___sorting_for_std_vector,Editor,/Users/nozerose/Desktop/2023학년도 1학기 수업/CB3500572-063 C++프로그래밍과실습(Prof.김태연)/실습 026 - sorting for std_vector/sort.cpp,,3,2,Changes
2023-03-09T23:08:34.723+09:00,nozerose,KeyEvent,32:32:0,_026___sorting_for_std_vector,Editor,/Users/nozerose/Desktop/2023학년도 1학기 수업/CB3500572-063 C++프로그래밍과실습(Prof.김태연)/실습 026 - sorting for std_vector/sort.cpp,,3,3,Changes
2023-03-09T23:08:34.838+09:00,nozerose,KeyEvent,109:77:0,_026___sorting_for_std_vector,Editor,/Users/nozerose/Desktop/2023학년도 1학기 수업/CB3500572-063 C++프로그래밍과실습(Prof.김태연)/실습 026 - sorting for std_vector/sort.cpp,,3,4,Changes
2023-03-09T23:08:34.980+09:00,nozerose,KeyEvent,97:65:0,_026___sorting_for_std_vector,Editor,/Users/nozerose/Desktop/2023학년도 1학기 수업/CB3500572-063 C++프로그래밍과실습(Prof.김태연)/실습 026 - sorting for std_vector/sort.cpp,,3,5,Changes
2023-03-09T23:08:35.069+09:00,nozerose,KeyEvent,105:73:0,_026___sorting_for_std_vector,Editor,/Users/nozerose/Desktop/2023학년도 1학기 수업/CB3500572-063 C++프로그래밍과실습(Prof.김태연)/실습 026 - sorting for std_vector/sort.cpp,,3,6,Changes
2023-03-09T23:08:35.162+09:00,nozerose,KeyEvent,110:78:0,_026___sorting_for_std_vector,Editor,/Users/nozerose/Desktop/2023학년도 1학기 수업/CB3500572-063 C++프로그래밍과실습(Prof.김태연)/실습 026 - sorting for std_vector/sort.cpp,,3,7,Changes
2023-03-09T23:08:35.483+09:00,nozerose,KeyEvent,65535:16:1,_026___sorting_for_std_vector,Editor,/Users/nozerose/Desktop/2023학년도 1학기 수업/CB3500572-063 C++프로그래밍과실습(Prof.김태연)/실습 026 - sorting for std_vector/sort.cpp,,3,8,Changes
2023-03-09T23:08:35.736+09:00,nozerose,KeyEvent,40:519:1,_026___sorting_for_std_vector,Editor,/Users/nozerose/Desktop/2023학년도 1학기 수업/CB3500572-063 C++프로그래밍과실습(Prof.김태연)/실습 026 - sorting for std_vector/sort.cpp,,3,8,Changes
2023-03-09T23:08:35.888+09:00,nozerose,KeyEvent,41:522:1,_026___sorting_for_std_vector,Editor,/Users/nozerose/Desktop/2023학년도 1학기 수업/CB3500572-063 C++프로그래밍과실습(Prof.김태연)/실습 026 - sorting for std_vector/sort.cpp,,3,9,Changes
2023-03-09T23:08:36.108+09:00,nozerose,Action,EditorEnter,_026___sorting_for_std_vector,Editor,/Users/nozerose/Desktop/2023학년도 1학기 수업/CB3500572-063 C++프로그래밍과실습(Prof.김태연)/실습 026 - sorting for std_vector/sort.cpp,,3,10,Changes
2023-03-09T23:08:36.114+09:00,nozerose,KeyEvent,10:10:0,_026___sorting_for_std_vector,Editor,/Users/nozerose/Desktop/2023학년도 1학기 수업/CB3500572-063 C++프로그래밍과실습(Prof.김태연)/실습 026 - sorting for std_vector/sort.cpp,,4,0,Changes
2023-03-09T23:08:36.390+09:00,nozerose,KeyEvent,65535:16:1,_026___sorting_for_std_vector,Editor,/Users/nozerose/Desktop/2023학년도 1학기 수업/CB3500572-063 C++프로그래밍과실습(Prof.김태연)/실습 026 - sorting for std_vector/sort.cpp,,4,0,Changes
2023-03-09T23:08:36.705+09:00,nozerose,KeyEvent,123:91:1,_026___sorting_for_std_vector,Editor,/Users/nozerose/Desktop/2023학년도 1학기 수업/CB3500572-063 C++프로그래밍과실습(Prof.김태연)/실습 026 - sorting for std_vector/sort.cpp,,4,0,Changes
2023-03-09T23:08:36.893+09:00,nozerose,Action,EditorEnter,_026___sorting_for_std_vector,Editor,/Users/nozerose/Desktop/2023학년도 1학기 수업/CB3500572-063 C++프로그래밍과실습(Prof.김태연)/실습 026 - sorting for std_vector/sort.cpp,,4,1,Changes
2023-03-09T23:08:36.901+09:00,nozerose,KeyEvent,10:10:0,_026___sorting_for_std_vector,Editor,/Users/nozerose/Desktop/2023학년도 1학기 수업/CB3500572-063 C++프로그래밍과실습(Prof.김태연)/실습 026 - sorting for std_vector/sort.cpp,,5,2,Changes
2023-03-09T23:08:37.915+09:00,nozerose,KeyEvent,105:73:0,_026___sorting_for_std_vector,Editor,/Users/nozerose/Desktop/2023학년도 1학기 수업/CB3500572-063 C++프로그래밍과실습(Prof.김태연)/실습 026 - sorting for std_vector/sort.cpp,,5,2,Changes
2023-03-09T23:08:38.116+09:00,nozerose,KeyEvent,110:78:0,_026___sorting_for_std_vector,Editor,/Users/nozerose/Desktop/2023학년도 1학기 수업/CB3500572-063 C++프로그래밍과실습(Prof.김태연)/실습 026 - sorting for std_vector/sort.cpp,,5,3,Changes
2023-03-09T23:08:38.250+09:00,nozerose,KeyEvent,116:84:0,_026___sorting_for_std_vector,Editor,/Users/nozerose/Desktop/2023학년도 1학기 수업/CB3500572-063 C++프로그래밍과실습(Prof.김태연)/실습 026 - sorting for std_vector/sort.cpp,,5,4,Changes
2023-03-09T23:08:38.449+09:00,nozerose,KeyEvent,32:32:0,_026___sorting_for_std_vector,Editor,/Users/nozerose/Desktop/2023학년도 1학기 수업/CB3500572-063 C++프로그래밍과실습(Prof.김태연)/실습 026 - sorting for std_vector/sort.cpp,,5,5,Changes
2023-03-09T23:08:38.726+09:00,nozerose,KeyEvent,65535:16:1,_026___sorting_for_std_vector,Editor,/Users/nozerose/Desktop/2023학년도 1학기 수업/CB3500572-063 C++프로그래밍과실습(Prof.김태연)/실습 026 - sorting for std_vector/sort.cpp,,5,6,Changes
2023-03-09T23:08:39.482+09:00,nozerose,KeyEvent,110:78:0,_026___sorting_for_std_vector,Editor,/Users/nozerose/Desktop/2023학년도 1학기 수업/CB3500572-063 C++프로그래밍과실습(Prof.김태연)/실습 026 - sorting for std_vector/sort.cpp,,5,6,Changes
2023-03-09T23:08:39.704+09:00,nozerose,KeyEvent,117:85:0,_026___sorting_for_std_vector,Editor,/Users/nozerose/Desktop/2023학년도 1학기 수업/CB3500572-063 C++프로그래밍과실습(Prof.김태연)/실습 026 - sorting for std_vector/sort.cpp,,5,7,Changes
2023-03-09T23:08:39.905+09:00,nozerose,KeyEvent,109:77:0,_026___sorting_for_std_vector,Editor,/Users/nozerose/Desktop/2023학년도 1학기 수업/CB3500572-063 C++프로그래밍과실습(Prof.김태연)/실습 026 - sorting for std_vector/sort.cpp,,5,8,Changes
2023-03-09T23:08:40.479+09:00,nozerose,KeyEvent,59:59:0,_026___sorting_for_std_vector,Editor,/Users/nozerose/Desktop/2023학년도 1학기 수업/CB3500572-063 C++프로그래밍과실습(Prof.김태연)/실습 026 - sorting for std_vector/sort.cpp,,5,9,Changes
2023-03-09T23:08:40.737+09:00,nozerose,Action,EditorEnter,_026___sorting_for_std_vector,Editor,/Users/nozerose/Desktop/2023학년도 1학기 수업/CB3500572-063 C++프로그래밍과실습(Prof.김태연)/실습 026 - sorting for std_vector/sort.cpp,,5,10,Changes
2023-03-09T23:08:40.744+09:00,nozerose,KeyEvent,10:10:0,_026___sorting_for_std_vector,Editor,/Users/nozerose/Desktop/2023학년도 1학기 수업/CB3500572-063 C++프로그래밍과실습(Prof.김태연)/실습 026 - sorting for std_vector/sort.cpp,,6,2,Changes
2023-03-09T23:08:41.017+09:00,nozerose,KeyEvent,99:67:0,_026___sorting_for_std_vector,Editor,/Users/nozerose/Desktop/2023학년도 1학기 수업/CB3500572-063 C++프로그래밍과실습(Prof.김태연)/실습 026 - sorting for std_vector/sort.cpp,,6,2,Changes
2023-03-09T23:08:41.134+09:00,nozerose,KeyEvent,105:73:0,_026___sorting_for_std_vector,Editor,/Users/nozerose/Desktop/2023학년도 1학기 수업/CB3500572-063 C++프로그래밍과실습(Prof.김태연)/실습 026 - sorting for std_vector/sort.cpp,,6,3,Changes
2023-03-09T23:08:41.222+09:00,nozerose,KeyEvent,110:78:0,_026___sorting_for_std_vector,Editor,/Users/nozerose/Desktop/2023학년도 1학기 수업/CB3500572-063 C++프로그래밍과실습(Prof.김태연)/실습 026 - sorting for std_vector/sort.cpp,,6,4,Changes
2023-03-09T23:08:41.409+09:00,nozerose,KeyEvent,32:32:0,_026___sorting_for_std_vector,Editor,/Users/nozerose/Desktop/2023학년도 1학기 수업/CB3500572-063 C++프로그래밍과실습(Prof.김태연)/실습 026 - sorting for std_vector/sort.cpp,,6,5,Changes
2023-03-09T23:08:41.647+09:00,nozerose,KeyEvent,65535:16:1,_026___sorting_for_std_vector,Editor,/Users/nozerose/Desktop/2023학년도 1학기 수업/CB3500572-063 C++프로그래밍과실습(Prof.김태연)/실습 026 - sorting for std_vector/sort.cpp,,6,6,Changes
2023-03-09T23:08:41.799+09:00,nozerose,KeyEvent,62:46:1,_026___sorting_for_std_vector,Editor,/Users/nozerose/Desktop/2023학년도 1학기 수업/CB3500572-063 C++프로그래밍과실습(Prof.김태연)/실습 026 - sorting for std_vector/sort.cpp,,6,6,Changes
2023-03-09T23:08:41.940+09:00,nozerose,KeyEvent,62:46:1,_026___sorting_for_std_vector,Editor,/Users/nozerose/Desktop/2023학년도 1학기 수업/CB3500572-063 C++프로그래밍과실습(Prof.김태연)/실습 026 - sorting for std_vector/sort.cpp,,6,7,Changes
2023-03-09T23:08:42.091+09:00,nozerose,KeyEvent,32:32:0,_026___sorting_for_std_vector,Editor,/Users/nozerose/Desktop/2023학년도 1학기 수업/CB3500572-063 C++프로그래밍과실습(Prof.김태연)/실습 026 - sorting for std_vector/sort.cpp,,6,8,Changes
2023-03-09T23:08:42.237+09:00,nozerose,KeyEvent,110:78:0,_026___sorting_for_std_vector,Editor,/Users/nozerose/Desktop/2023학년도 1학기 수업/CB3500572-063 C++프로그래밍과실습(Prof.김태연)/실습 026 - sorting for std_vector/sort.cpp,,6,9,Changes
2023-03-09T23:08:42.442+09:00,nozerose,KeyEvent,117:85:0,_026___sorting_for_std_vector,Editor,/Users/nozerose/Desktop/2023학년도 1학기 수업/CB3500572-063 C++프로그래밍과실습(Prof.김태연)/실습 026 - sorting for std_vector/sort.cpp,,6,10,Changes
2023-03-09T23:08:42.619+09:00,nozerose,KeyEvent,109:77:0,_026___sorting_for_std_vector,Editor,/Users/nozerose/Desktop/2023학년도 1학기 수업/CB3500572-063 C++프로그래밍과실습(Prof.김태연)/실습 026 - sorting for std_vector/sort.cpp,,6,11,Changes
2023-03-09T23:08:42.960+09:00,nozerose,KeyEvent,59:59:0,_026___sorting_for_std_vector,Editor,/Users/nozerose/Desktop/2023학년도 1학기 수업/CB3500572-063 C++프로그래밍과실습(Prof.김태연)/실습 026 - sorting for std_vector/sort.cpp,,6,12,Changes
2023-03-09T23:08:43.311+09:00,nozerose,Action,EditorEnter,_026___sorting_for_std_vector,Editor,/Users/nozerose/Desktop/2023학년도 1학기 수업/CB3500572-063 C++프로그래밍과실습(Prof.김태연)/실습 026 - sorting for std_vector/sort.cpp,,6,13,Changes
2023-03-09T23:08:43.318+09:00,nozerose,KeyEvent,10:10:0,_026___sorting_for_std_vector,Editor,/Users/nozerose/Desktop/2023학년도 1학기 수업/CB3500572-063 C++프로그래밍과실습(Prof.김태연)/실습 026 - sorting for std_vector/sort.cpp,,7,2,Changes
2023-03-09T23:08:44.866+09:00,nozerose,Action,EditorEnter,_026___sorting_for_std_vector,Editor,/Users/nozerose/Desktop/2023학년도 1학기 수업/CB3500572-063 C++프로그래밍과실습(Prof.김태연)/실습 026 - sorting for std_vector/sort.cpp,,1,17,Changes
2023-03-09T23:08:44.881+09:00,nozerose,KeyEvent,10:10:0,_026___sorting_for_std_vector,Editor,/Users/nozerose/Desktop/2023학년도 1학기 수업/CB3500572-063 C++프로그래밍과실습(Prof.김태연)/실습 026 - sorting for std_vector/sort.cpp,,2,0,Changes
2023-03-09T23:08:45.353+09:00,nozerose,KeyEvent,117:85:0,_026___sorting_for_std_vector,Editor,/Users/nozerose/Desktop/2023학년도 1학기 수업/CB3500572-063 C++프로그래밍과실습(Prof.김태연)/실습 026 - sorting for std_vector/sort.cpp,,2,0,Changes
2023-03-09T23:08:45.456+09:00,nozerose,KeyEvent,115:83:0,_026___sorting_for_std_vector,Editor,/Users/nozerose/Desktop/2023학년도 1학기 수업/CB3500572-063 C++프로그래밍과실습(Prof.김태연)/실습 026 - sorting for std_vector/sort.cpp,,2,1,Changes
2023-03-09T23:08:45.536+09:00,nozerose,KeyEvent,105:73:0,_026___sorting_for_std_vector,Editor,/Users/nozerose/Desktop/2023학년도 1학기 수업/CB3500572-063 C++프로그래밍과실습(Prof.김태연)/실습 026 - sorting for std_vector/sort.cpp,,2,2,Changes
2023-03-09T23:08:45.648+09:00,nozerose,KeyEvent,110:78:0,_026___sorting_for_std_vector,Editor,/Users/nozerose/Desktop/2023학년도 1학기 수업/CB3500572-063 C++프로그래밍과실습(Prof.김태연)/실습 026 - sorting for std_vector/sort.cpp,,2,3,Changes
2023-03-09T23:08:45.740+09:00,nozerose,KeyEvent,103:71:0,_026___sorting_for_std_vector,Editor,/Users/nozerose/Desktop/2023학년도 1학기 수업/CB3500572-063 C++프로그래밍과실습(Prof.김태연)/실습 026 - sorting for std_vector/sort.cpp,,2,4,Changes
2023-03-09T23:08:45.943+09:00,nozerose,KeyEvent,110:78:0,_026___sorting_for_std_vector,Editor,/Users/nozerose/Desktop/2023학년도 1학기 수업/CB3500572-063 C++프로그래밍과실습(Prof.김태연)/실습 026 - sorting for std_vector/sort.cpp,,2,5,Changes
2023-03-09T23:08:46.295+09:00,nozerose,Action,EditorBackSpace,_026___sorting_for_std_vector,Editor,/Users/nozerose/Desktop/2023학년도 1학기 수업/CB3500572-063 C++프로그래밍과실습(Prof.김태연)/실습 026 - sorting for std_vector/sort.cpp,,2,6,Changes
2023-03-09T23:08:46.299+09:00,nozerose,KeyEvent,8:8:0,_026___sorting_for_std_vector,Editor,/Users/nozerose/Desktop/2023학년도 1학기 수업/CB3500572-063 C++프로그래밍과실습(Prof.김태연)/실습 026 - sorting for std_vector/sort.cpp,,2,5,Changes
2023-03-09T23:08:46.461+09:00,nozerose,KeyEvent,32:32:0,_026___sorting_for_std_vector,Editor,/Users/nozerose/Desktop/2023학년도 1학기 수업/CB3500572-063 C++프로그래밍과실습(Prof.김태연)/실습 026 - sorting for std_vector/sort.cpp,,2,5,Changes
2023-03-09T23:08:46.632+09:00,nozerose,KeyEvent,110:78:0,_026___sorting_for_std_vector,Editor,/Users/nozerose/Desktop/2023학년도 1학기 수업/CB3500572-063 C++프로그래밍과실습(Prof.김태연)/실습 026 - sorting for std_vector/sort.cpp,,2,6,Changes
2023-03-09T23:08:46.731+09:00,nozerose,KeyEvent,97:65:0,_026___sorting_for_std_vector,Editor,/Users/nozerose/Desktop/2023학년도 1학기 수업/CB3500572-063 C++프로그래밍과실습(Prof.김태연)/실습 026 - sorting for std_vector/sort.cpp,,2,7,Changes
2023-03-09T23:08:46.865+09:00,nozerose,KeyEvent,109:77:0,_026___sorting_for_std_vector,Editor,/Users/nozerose/Desktop/2023학년도 1학기 수업/CB3500572-063 C++프로그래밍과실습(Prof.김태연)/실습 026 - sorting for std_vector/sort.cpp,,2,8,Changes
2023-03-09T23:08:47.170+09:00,nozerose,KeyEvent,101:69:0,_026___sorting_for_std_vector,Editor,/Users/nozerose/Desktop/2023학년도 1학기 수업/CB3500572-063 C++프로그래밍과실습(Prof.김태연)/실습 026 - sorting for std_vector/sort.cpp,,2,9,Changes
2023-03-09T23:08:47.377+09:00,nozerose,KeyEvent,115:83:0,_026___sorting_for_std_vector,Editor,/Users/nozerose/Desktop/2023학년도 1학기 수업/CB3500572-063 C++프로그래밍과실습(Prof.김태연)/실습 026 - sorting for std_vector/sort.cpp,,2,10,Changes
2023-03-09T23:08:47.532+09:00,nozerose,KeyEvent,112:80:0,_026___sorting_for_std_vector,Editor,/Users/nozerose/Desktop/2023학년도 1학기 수업/CB3500572-063 C++프로그래밍과실습(Prof.김태연)/실습 026 - sorting for std_vector/sort.cpp,,2,11,Changes
2023-03-09T23:08:47.576+09:00,nozerose,KeyEvent,97:65:0,_026___sorting_for_std_vector,Editor,/Users/nozerose/Desktop/2023학년도 1학기 수업/CB3500572-063 C++프로그래밍과실습(Prof.김태연)/실습 026 - sorting for std_vector/sort.cpp,,2,12,Changes
2023-03-09T23:08:47.711+09:00,nozerose,KeyEvent,99:67:0,_026___sorting_for_std_vector,Editor,/Users/nozerose/Desktop/2023학년도 1학기 수업/CB3500572-063 C++프로그래밍과실습(Prof.김태연)/실습 026 - sorting for std_vector/sort.cpp,,2,13,Changes
2023-03-09T23:08:47.883+09:00,nozerose,KeyEvent,101:69:0,_026___sorting_for_std_vector,Editor,/Users/nozerose/Desktop/2023학년도 1학기 수업/CB3500572-063 C++프로그래밍과실습(Prof.김태연)/실습 026 - sorting for std_vector/sort.cpp,,2,14,Changes
2023-03-09T23:08:48.001+09:00,nozerose,KeyEvent,32:32:0,_026___sorting_for_std_vector,Editor,/Users/nozerose/Desktop/2023학년도 1학기 수업/CB3500572-063 C++프로그래밍과실습(Prof.김태연)/실습 026 - sorting for std_vector/sort.cpp,,2,15,Changes
2023-03-09T23:08:48.127+09:00,nozerose,KeyEvent,115:83:0,_026___sorting_for_std_vector,Editor,/Users/nozerose/Desktop/2023학년도 1학기 수업/CB3500572-063 C++프로그래밍과실습(Prof.김태연)/실습 026 - sorting for std_vector/sort.cpp,,2,16,Changes
2023-03-09T23:08:48.287+09:00,nozerose,KeyEvent,116:84:0,_026___sorting_for_std_vector,Editor,/Users/nozerose/Desktop/2023학년도 1학기 수업/CB3500572-063 C++프로그래밍과실습(Prof.김태연)/실습 026 - sorting for std_vector/sort.cpp,,2,17,Changes
2023-03-09T23:08:48.496+09:00,nozerose,KeyEvent,100:68:0,_026___sorting_for_std_vector,Editor,/Users/nozerose/Desktop/2023학년도 1학기 수업/CB3500572-063 C++프로그래밍과실습(Prof.김태연)/실습 026 - sorting for std_vector/sort.cpp,,2,18,Changes
2023-03-09T23:08:48.584+09:00,nozerose,KeyEvent,59:59:0,_026___sorting_for_std_vector,Editor,/Users/nozerose/Desktop/2023학년도 1학기 수업/CB3500572-063 C++프로그래밍과실습(Prof.김태연)/실습 026 - sorting for std_vector/sort.cpp,,2,19,Changes
2023-03-09T23:08:48.737+09:00,nozerose,Action,EditorEnter,_026___sorting_for_std_vector,Editor,/Users/nozerose/Desktop/2023학년도 1학기 수업/CB3500572-063 C++프로그래밍과실습(Prof.김태연)/실습 026 - sorting for std_vector/sort.cpp,,2,20,Changes
2023-03-09T23:08:48.739+09:00,nozerose,KeyEvent,10:10:0,_026___sorting_for_std_vector,Editor,/Users/nozerose/Desktop/2023학년도 1학기 수업/CB3500572-063 C++프로그래밍과실습(Prof.김태연)/실습 026 - sorting for std_vector/sort.cpp,,3,0,Changes
2023-03-09T23:08:49.656+09:00,nozerose,Action,EditorBackSpace,_026___sorting_for_std_vector,Editor,/Users/nozerose/Desktop/2023학년도 1학기 수업/CB3500572-063 C++프로그래밍과실습(Prof.김태연)/실습 026 - sorting for std_vector/sort.cpp,,3,0,Changes
2023-03-09T23:08:49.661+09:00,nozerose,KeyEvent,8:8:0,_026___sorting_for_std_vector,Editor,/Users/nozerose/Desktop/2023학년도 1학기 수업/CB3500572-063 C++프로그래밍과실습(Prof.김태연)/실습 026 - sorting for std_vector/sort.cpp,,2,20,Changes
2023-03-09T23:08:51.203+09:00,nozerose,Action,EditorEnter,_026___sorting_for_std_vector,Editor,/Users/nozerose/Desktop/2023학년도 1학기 수업/CB3500572-063 C++프로그래밍과실습(Prof.김태연)/실습 026 - sorting for std_vector/sort.cpp,,8,2,Changes
2023-03-09T23:08:51.209+09:00,nozerose,KeyEvent,10:10:0,_026___sorting_for_std_vector,Editor,/Users/nozerose/Desktop/2023학년도 1학기 수업/CB3500572-063 C++프로그래밍과실습(Prof.김태연)/실습 026 - sorting for std_vector/sort.cpp,,9,2,Changes
2023-03-09T23:08:54.670+09:00,nozerose,KeyEvent,102:70:0,_026___sorting_for_std_vector,Editor,/Users/nozerose/Desktop/2023학년도 1학기 수업/CB3500572-063 C++프로그래밍과실습(Prof.김태연)/실습 026 - sorting for std_vector/sort.cpp,,9,2,Changes
2023-03-09T23:08:54.788+09:00,nozerose,KeyEvent,111:79:0,_026___sorting_for_std_vector,Editor,/Users/nozerose/Desktop/2023학년도 1학기 수업/CB3500572-063 C++프로그래밍과실습(Prof.김태연)/실습 026 - sorting for std_vector/sort.cpp,,9,3,Changes
2023-03-09T23:08:54.907+09:00,nozerose,KeyEvent,114:82:0,_026___sorting_for_std_vector,Editor,/Users/nozerose/Desktop/2023학년도 1학기 수업/CB3500572-063 C++프로그래밍과실습(Prof.김태연)/실습 026 - sorting for std_vector/sort.cpp,,9,4,Changes
2023-03-09T23:08:57.921+09:00,nozerose,KeyEvent,65535:16:1,_026___sorting_for_std_vector,Editor,/Users/nozerose/Desktop/2023학년도 1학기 수업/CB3500572-063 C++프로그래밍과실습(Prof.김태연)/실습 026 - sorting for std_vector/sort.cpp,,9,5,Changes
2023-03-09T23:08:58.194+09:00,nozerose,KeyEvent,40:519:1,_026___sorting_for_std_vector,Editor,/Users/nozerose/Desktop/2023학년도 1학기 수업/CB3500572-063 C++프로그래밍과실습(Prof.김태연)/실습 026 - sorting for std_vector/sort.cpp,,9,5,Changes
2023-03-09T23:09:02.560+09:00,nozerose,KeyEvent,97:65:0,_026___sorting_for_std_vector,Editor,/Users/nozerose/Desktop/2023학년도 1학기 수업/CB3500572-063 C++프로그래밍과실습(Prof.김태연)/실습 026 - sorting for std_vector/sort.cpp,,9,6,Changes
2023-03-09T23:09:03.167+09:00,nozerose,KeyEvent,117:85:0,_026___sorting_for_std_vector,Editor,/Users/nozerose/Desktop/2023학년도 1학기 수업/CB3500572-063 C++프로그래밍과실습(Prof.김태연)/실습 026 - sorting for std_vector/sort.cpp,,9,7,Changes
2023-03-09T23:09:03.403+09:00,nozerose,KeyEvent,116:84:0,_026___sorting_for_std_vector,Editor,/Users/nozerose/Desktop/2023학년도 1학기 수업/CB3500572-063 C++프로그래밍과실습(Prof.김태연)/실습 026 - sorting for std_vector/sort.cpp,,9,8,Changes
2023-03-09T23:09:03.463+09:00,nozerose,KeyEvent,111:79:0,_026___sorting_for_std_vector,Editor,/Users/nozerose/Desktop/2023학년도 1학기 수업/CB3500572-063 C++프로그래밍과실습(Prof.김태연)/실습 026 - sorting for std_vector/sort.cpp,,9,9,Changes
2023-03-09T23:09:03.758+09:00,nozerose,KeyEvent,32:32:0,_026___sorting_for_std_vector,Editor,/Users/nozerose/Desktop/2023학년도 1학기 수업/CB3500572-063 C++프로그래밍과실습(Prof.김태연)/실습 026 - sorting for std_vector/sort.cpp,,9,10,Changes
2023-03-09T23:09:04.355+09:00,nozerose,KeyEvent,65535:16:1,_026___sorting_for_std_vector,Editor,/Users/nozerose/Desktop/2023학년도 1학기 수업/CB3500572-063 C++프로그래밍과실습(Prof.김태연)/실습 026 - sorting for std_vector/sort.cpp,,9,11,Changes
2023-03-09T23:09:05.765+09:00,nozerose,KeyEvent,38:150:1,_026___sorting_for_std_vector,Editor,/Users/nozerose/Desktop/2023학년도 1학기 수업/CB3500572-063 C++프로그래밍과실습(Prof.김태연)/실습 026 - sorting for std_vector/sort.cpp,,9,11,Changes
2023-03-09T23:09:06.388+09:00,nozerose,KeyEvent,105:73:0,_026___sorting_for_std_vector,Editor,/Users/nozerose/Desktop/2023학년도 1학기 수업/CB3500572-063 C++프로그래밍과실습(Prof.김태연)/실습 026 - sorting for std_vector/sort.cpp,,9,12,Changes
2023-03-09T23:09:07.778+09:00,nozerose,KeyEvent,32:32:0,_026___sorting_for_std_vector,Editor,/Users/nozerose/Desktop/2023학년도 1학기 수업/CB3500572-063 C++프로그래밍과실습(Prof.김태연)/실습 026 - sorting for std_vector/sort.cpp,,9,13,Changes
2023-03-09T23:09:07.959+09:00,nozerose,KeyEvent,65535:16:1,_026___sorting_for_std_vector,Editor,/Users/nozerose/Desktop/2023학년도 1학기 수업/CB3500572-063 C++프로그래밍과실습(Prof.김태연)/실습 026 - sorting for std_vector/sort.cpp,,9,14,Changes
2023-03-09T23:09:08.213+09:00,nozerose,KeyEvent,58:513:1,_026___sorting_for_std_vector,Editor,/Users/nozerose/Desktop/2023학년도 1학기 수업/CB3500572-063 C++프로그래밍과실습(Prof.김태연)/실습 026 - sorting for std_vector/sort.cpp,,9,14,Changes
2023-03-09T23:09:08.501+09:00,nozerose,KeyEvent,32:32:0,_026___sorting_for_std_vector,Editor,/Users/nozerose/Desktop/2023학년도 1학기 수업/CB3500572-063 C++프로그래밍과실습(Prof.김태연)/실습 026 - sorting for std_vector/sort.cpp,,9,15,Changes
2023-03-09T23:09:10.204+09:00,nozerose,Action,EditorEnter,_026___sorting_for_std_vector,Editor,/Users/nozerose/Desktop/2023학년도 1학기 수업/CB3500572-063 C++프로그래밍과실습(Prof.김태연)/실습 026 - sorting for std_vector/sort.cpp,,8,2,Changes
2023-03-09T23:09:10.211+09:00,nozerose,KeyEvent,10:10:0,_026___sorting_for_std_vector,Editor,/Users/nozerose/Desktop/2023학년도 1학기 수업/CB3500572-063 C++프로그래밍과실습(Prof.김태연)/실습 026 - sorting for std_vector/sort.cpp,,9,2,Changes
2023-03-09T23:09:10.629+09:00,nozerose,KeyEvent,118:86:0,_026___sorting_for_std_vector,Editor,/Users/nozerose/Desktop/2023학년도 1학기 수업/CB3500572-063 C++프로그래밍과실습(Prof.김태연)/실습 026 - sorting for std_vector/sort.cpp,,9,2,Changes
2023-03-09T23:09:10.821+09:00,nozerose,KeyEvent,101:69:0,_026___sorting_for_std_vector,Editor,/Users/nozerose/Desktop/2023학년도 1학기 수업/CB3500572-063 C++프로그래밍과실습(Prof.김태연)/실습 026 - sorting for std_vector/sort.cpp,,9,3,Changes
2023-03-09T23:09:10.988+09:00,nozerose,KeyEvent,99:67:0,_026___sorting_for_std_vector,Editor,/Users/nozerose/Desktop/2023학년도 1학기 수업/CB3500572-063 C++프로그래밍과실습(Prof.김태연)/실습 026 - sorting for std_vector/sort.cpp,,9,4,Changes
2023-03-09T23:09:11.285+09:00,nozerose,KeyEvent,116:84:0,_026___sorting_for_std_vector,Editor,/Users/nozerose/Desktop/2023학년도 1학기 수업/CB3500572-063 C++프로그래밍과실습(Prof.김태연)/실습 026 - sorting for std_vector/sort.cpp,,9,5,Changes
2023-03-09T23:09:11.383+09:00,nozerose,KeyEvent,111:79:0,_026___sorting_for_std_vector,Editor,/Users/nozerose/Desktop/2023학년도 1학기 수업/CB3500572-063 C++프로그래밍과실습(Prof.김태연)/실습 026 - sorting for std_vector/sort.cpp,,9,6,Changes
2023-03-09T23:09:11.468+09:00,nozerose,KeyEvent,114:82:0,_026___sorting_for_std_vector,Editor,/Users/nozerose/Desktop/2023학년도 1학기 수업/CB3500572-063 C++프로그래밍과실습(Prof.김태연)/실습 026 - sorting for std_vector/sort.cpp,,9,7,Changes
2023-03-09T23:09:12.002+09:00,nozerose,KeyEvent,65535:16:1,_026___sorting_for_std_vector,Editor,/Users/nozerose/Desktop/2023학년도 1학기 수업/CB3500572-063 C++프로그래밍과실습(Prof.김태연)/실습 026 - sorting for std_vector/sort.cpp,,9,8,Changes
2023-03-09T23:09:12.321+09:00,nozerose,KeyEvent,60:153:1,_026___sorting_for_std_vector,Editor,/Users/nozerose/Desktop/2023학년도 1학기 수업/CB3500572-063 C++프로그래밍과실습(Prof.김태연)/실습 026 - sorting for std_vector/sort.cpp,,9,8,Changes
2023-03-09T23:09:12.609+09:00,nozerose,KeyEvent,105:73:0,_026___sorting_for_std_vector,Editor,/Users/nozerose/Desktop/2023학년도 1학기 수업/CB3500572-063 C++프로그래밍과실습(Prof.김태연)/실습 026 - sorting for std_vector/sort.cpp,,9,9,Changes
2023-03-09T23:09:12.700+09:00,nozerose,KeyEvent,110:78:0,_026___sorting_for_std_vector,Editor,/Users/nozerose/Desktop/2023학년도 1학기 수업/CB3500572-063 C++프로그래밍과실습(Prof.김태연)/실습 026 - sorting for std_vector/sort.cpp,,9,10,Changes
2023-03-09T23:09:12.792+09:00,nozerose,KeyEvent,116:84:0,_026___sorting_for_std_vector,Editor,/Users/nozerose/Desktop/2023학년도 1학기 수업/CB3500572-063 C++프로그래밍과실습(Prof.김태연)/실습 026 - sorting for std_vector/sort.cpp,,9,11,Changes
2023-03-09T23:09:13.147+09:00,nozerose,KeyEvent,65535:16:1,_026___sorting_for_std_vector,Editor,/Users/nozerose/Desktop/2023학년도 1학기 수업/CB3500572-063 C++프로그래밍과실습(Prof.김태연)/실습 026 - sorting for std_vector/sort.cpp,,9,12,Changes
2023-03-09T23:09:13.444+09:00,nozerose,KeyEvent,62:46:1,_026___sorting_for_std_vector,Editor,/Users/nozerose/Desktop/2023학년도 1학기 수업/CB3500572-063 C++프로그래밍과실습(Prof.김태연)/실습 026 - sorting for std_vector/sort.cpp,,9,12,Changes
2023-03-09T23:09:13.691+09:00,nozerose,KeyEvent,32:32:0,_026___sorting_for_std_vector,Editor,/Users/nozerose/Desktop/2023학년도 1학기 수업/CB3500572-063 C++프로그래밍과실습(Prof.김태연)/실습 026 - sorting for std_vector/sort.cpp,,9,13,Changes
2023-03-09T23:09:14.660+09:00,nozerose,KeyEvent,118:86:0,_026___sorting_for_std_vector,Editor,/Users/nozerose/Desktop/2023학년도 1학기 수업/CB3500572-063 C++프로그래밍과실습(Prof.김태연)/실습 026 - sorting for std_vector/sort.cpp,,9,14,Changes
2023-03-09T23:09:15.364+09:00,nozerose,KeyEvent,59:59:0,_026___sorting_for_std_vector,Editor,/Users/nozerose/Desktop/2023학년도 1학기 수업/CB3500572-063 C++프로그래밍과실습(Prof.김태연)/실습 026 - sorting for std_vector/sort.cpp,,9,15,Changes
2023-03-09T23:09:17.142+09:00,nozerose,KeyEvent,118:86:0,_026___sorting_for_std_vector,Editor,/Users/nozerose/Desktop/2023학년도 1학기 수업/CB3500572-063 C++프로그래밍과실습(Prof.김태연)/실습 026 - sorting for std_vector/sort.cpp,,10,16,Changes
2023-03-09T23:09:17.646+09:00,nozerose,Action,EditorRight,_026___sorting_for_std_vector,Editor,/Users/nozerose/Desktop/2023학년도 1학기 수업/CB3500572-063 C++프로그래밍과실습(Prof.김태연)/실습 026 - sorting for std_vector/sort.cpp,,10,17,Changes
2023-03-09T23:09:17.652+09:00,nozerose,KeyEvent,65535:39:0,_026___sorting_for_std_vector,Editor,/Users/nozerose/Desktop/2023학년도 1학기 수업/CB3500572-063 C++프로그래밍과실습(Prof.김태연)/실습 026 - sorting for std_vector/sort.cpp,,10,18,Changes
2023-03-09T23:09:19.003+09:00,nozerose,Action,EditorEnter,_026___sorting_for_std_vector,Editor,/Users/nozerose/Desktop/2023학년도 1학기 수업/CB3500572-063 C++프로그래밍과실습(Prof.김태연)/실습 026 - sorting for std_vector/sort.cpp,,10,18,Changes
2023-03-09T23:09:19.007+09:00,nozerose,KeyEvent,10:10:0,_026___sorting_for_std_vector,Editor,/Users/nozerose/Desktop/2023학년도 1학기 수업/CB3500572-063 C++프로그래밍과실습(Prof.김태연)/실습 026 - sorting for std_vector/sort.cpp,,11,4,Changes
2023-03-09T23:09:21.216+09:00,nozerose,KeyEvent,99:67:0,_026___sorting_for_std_vector,Editor,/Users/nozerose/Desktop/2023학년도 1학기 수업/CB3500572-063 C++프로그래밍과실습(Prof.김태연)/실습 026 - sorting for std_vector/sort.cpp,,11,4,Changes
2023-03-09T23:09:21.321+09:00,nozerose,KeyEvent,105:73:0,_026___sorting_for_std_vector,Editor,/Users/nozerose/Desktop/2023학년도 1학기 수업/CB3500572-063 C++프로그래밍과실습(Prof.김태연)/실습 026 - sorting for std_vector/sort.cpp,,11,5,Changes
2023-03-09T23:09:21.441+09:00,nozerose,KeyEvent,110:78:0,_026___sorting_for_std_vector,Editor,/Users/nozerose/Desktop/2023학년도 1학기 수업/CB3500572-063 C++프로그래밍과실습(Prof.김태연)/실습 026 - sorting for std_vector/sort.cpp,,11,6,Changes
2023-03-09T23:09:21.747+09:00,nozerose,KeyEvent,32:32:0,_026___sorting_for_std_vector,Editor,/Users/nozerose/Desktop/2023학년도 1학기 수업/CB3500572-063 C++프로그래밍과실습(Prof.김태연)/실습 026 - sorting for std_vector/sort.cpp,,11,7,Changes
2023-03-09T23:09:21.992+09:00,nozerose,KeyEvent,65535:16:1,_026___sorting_for_std_vector,Editor,/Users/nozerose/Desktop/2023학년도 1학기 수업/CB3500572-063 C++프로그래밍과실습(Prof.김태연)/실습 026 - sorting for std_vector/sort.cpp,,11,8,Changes
2023-03-09T23:09:22.220+09:00,nozerose,KeyEvent,62:46:1,_026___sorting_for_std_vector,Editor,/Users/nozerose/Desktop/2023학년도 1학기 수업/CB3500572-063 C++프로그래밍과실습(Prof.김태연)/실습 026 - sorting for std_vector/sort.cpp,,11,8,Changes
2023-03-09T23:09:22.372+09:00,nozerose,KeyEvent,62:46:1,_026___sorting_for_std_vector,Editor,/Users/nozerose/Desktop/2023학년도 1학기 수업/CB3500572-063 C++프로그래밍과실습(Prof.김태연)/실습 026 - sorting for std_vector/sort.cpp,,11,9,Changes
2023-03-09T23:09:22.797+09:00,nozerose,KeyEvent,32:32:0,_026___sorting_for_std_vector,Editor,/Users/nozerose/Desktop/2023학년도 1학기 수업/CB3500572-063 C++프로그래밍과실습(Prof.김태연)/실습 026 - sorting for std_vector/sort.cpp,,11,10,Changes
2023-03-09T23:09:23.058+09:00,nozerose,KeyEvent,65535:16:1,_026___sorting_for_std_vector,Editor,/Users/nozerose/Desktop/2023학년도 1학기 수업/CB3500572-063 C++프로그래밍과실습(Prof.김태연)/실습 026 - sorting for std_vector/sort.cpp,,11,11,Changes
2023-03-09T23:09:24.307+09:00,nozerose,KeyEvent,38:150:1,_026___sorting_for_std_vector,Editor,/Users/nozerose/Desktop/2023학년도 1학기 수업/CB3500572-063 C++프로그래밍과실습(Prof.김태연)/실습 026 - sorting for std_vector/sort.cpp,,11,11,Changes
2023-03-09T23:09:24.799+09:00,nozerose,KeyEvent,105:73:0,_026___sorting_for_std_vector,Editor,/Users/nozerose/Desktop/2023학년도 1학기 수업/CB3500572-063 C++프로그래밍과실습(Prof.김태연)/실습 026 - sorting for std_vector/sort.cpp,,11,12,Changes
2023-03-09T23:09:31.812+09:00,nozerose,Action,EditorBackSpace,_026___sorting_for_std_vector,Editor,/Users/nozerose/Desktop/2023학년도 1학기 수업/CB3500572-063 C++프로그래밍과실습(Prof.김태연)/실습 026 - sorting for std_vector/sort.cpp,,11,12,Changes
2023-03-09T23:09:31.817+09:00,nozerose,KeyEvent,8:8:0,_026___sorting_for_std_vector,Editor,/Users/nozerose/Desktop/2023학년도 1학기 수업/CB3500572-063 C++프로그래밍과실습(Prof.김태연)/실습 026 - sorting for std_vector/sort.cpp,,11,11,Changes
2023-03-09T23:09:32.810+09:00,nozerose,Action,EditorRight,_026___sorting_for_std_vector,Editor,/Users/nozerose/Desktop/2023학년도 1학기 수업/CB3500572-063 C++프로그래밍과실습(Prof.김태연)/실습 026 - sorting for std_vector/sort.cpp,,11,11,Changes
2023-03-09T23:09:32.813+09:00,nozerose,KeyEvent,65535:39:0,_026___sorting_for_std_vector,Editor,/Users/nozerose/Desktop/2023학년도 1학기 수업/CB3500572-063 C++프로그래밍과실습(Prof.김태연)/실습 026 - sorting for std_vector/sort.cpp,,11,12,Changes
2023-03-09T23:09:33.386+09:00,nozerose,KeyEvent,59:59:0,_026___sorting_for_std_vector,Editor,/Users/nozerose/Desktop/2023학년도 1학기 수업/CB3500572-063 C++프로그래밍과실습(Prof.김태연)/실습 026 - sorting for std_vector/sort.cpp,,11,12,Changes
2023-03-09T23:09:33.939+09:00,nozerose,Action,EditorEnter,_026___sorting_for_std_vector,Editor,/Users/nozerose/Desktop/2023학년도 1학기 수업/CB3500572-063 C++프로그래밍과실습(Prof.김태연)/실습 026 - sorting for std_vector/sort.cpp,,11,13,Changes
2023-03-09T23:09:33.941+09:00,nozerose,KeyEvent,10:10:0,_026___sorting_for_std_vector,Editor,/Users/nozerose/Desktop/2023학년도 1학기 수업/CB3500572-063 C++프로그래밍과실습(Prof.김태연)/실습 026 - sorting for std_vector/sort.cpp,,12,2,Changes
2023-03-09T23:09:34.264+09:00,nozerose,Action,EditorEnter,_026___sorting_for_std_vector,Editor,/Users/nozerose/Desktop/2023학년도 1학기 수업/CB3500572-063 C++프로그래밍과실습(Prof.김태연)/실습 026 - sorting for std_vector/sort.cpp,,12,2,Changes
2023-03-09T23:09:34.274+09:00,nozerose,KeyEvent,10:10:0,_026___sorting_for_std_vector,Editor,/Users/nozerose/Desktop/2023학년도 1학기 수업/CB3500572-063 C++프로그래밍과실습(Prof.김태연)/실습 026 - sorting for std_vector/sort.cpp,,13,2,Changes
2023-03-09T23:09:42.910+09:00,nozerose,Action,EditorLeft,_026___sorting_for_std_vector,Editor,/Users/nozerose/Desktop/2023학년도 1학기 수업/CB3500572-063 C++프로그래밍과실습(Prof.김태연)/실습 026 - sorting for std_vector/sort.cpp,,9,16,Changes
2023-03-09T23:09:42.912+09:00,nozerose,KeyEvent,65535:37:0,_026___sorting_for_std_vector,Editor,/Users/nozerose/Desktop/2023학년도 1학기 수업/CB3500572-063 C++프로그래밍과실습(Prof.김태연)/실습 026 - sorting for std_vector/sort.cpp,,9,15,Changes
2023-03-09T23:09:43.505+09:00,nozerose,KeyEvent,65535:16:1,_026___sorting_for_std_vector,Editor,/Users/nozerose/Desktop/2023학년도 1학기 수업/CB3500572-063 C++프로그래밍과실습(Prof.김태연)/실습 026 - sorting for std_vector/sort.cpp,,9,15,Changes
2023-03-09T23:09:43.766+09:00,nozerose,KeyEvent,40:519:1,_026___sorting_for_std_vector,Editor,/Users/nozerose/Desktop/2023학년도 1학기 수업/CB3500572-063 C++프로그래밍과실습(Prof.김태연)/실습 026 - sorting for std_vector/sort.cpp,,9,15,Changes
2023-03-09T23:09:44.755+09:00,nozerose,KeyEvent,110:78:0,_026___sorting_for_std_vector,Editor,/Users/nozerose/Desktop/2023학년도 1학기 수업/CB3500572-063 C++프로그래밍과실습(Prof.김태연)/실습 026 - sorting for std_vector/sort.cpp,,9,16,Changes
2023-03-09T23:09:44.967+09:00,nozerose,KeyEvent,117:85:0,_026___sorting_for_std_vector,Editor,/Users/nozerose/Desktop/2023학년도 1학기 수업/CB3500572-063 C++프로그래밍과실습(Prof.김태연)/실습 026 - sorting for std_vector/sort.cpp,,9,17,Changes
2023-03-09T23:09:45.176+09:00,nozerose,KeyEvent,109:77:0,_026___sorting_for_std_vector,Editor,/Users/nozerose/Desktop/2023학년도 1학기 수업/CB3500572-063 C++프로그래밍과실습(Prof.김태연)/실습 026 - sorting for std_vector/sort.cpp,,9,18,Changes
2023-03-09T23:09:45.731+09:00,nozerose,KeyEvent,44:44:0,_026___sorting_for_std_vector,Editor,/Users/nozerose/Desktop/2023학년도 1학기 수업/CB3500572-063 C++프로그래밍과실습(Prof.김태연)/실습 026 - sorting for std_vector/sort.cpp,,9,19,Changes
2023-03-09T23:09:45.945+09:00,nozerose,KeyEvent,32:32:0,_026___sorting_for_std_vector,Editor,/Users/nozerose/Desktop/2023학년도 1학기 수업/CB3500572-063 C++프로그래밍과실습(Prof.김태연)/실습 026 - sorting for std_vector/sort.cpp,,9,20,Changes
2023-03-09T23:09:46.122+09:00,nozerose,KeyEvent,48:48:0,_026___sorting_for_std_vector,Editor,/Users/nozerose/Desktop/2023학년도 1학기 수업/CB3500572-063 C++프로그래밍과실습(Prof.김태연)/실습 026 - sorting for std_vector/sort.cpp,,9,21,Changes
2023-03-09T23:09:49.699+09:00,nozerose,Action,EditorDown,_026___sorting_for_std_vector,Editor,/Users/nozerose/Desktop/2023학년도 1학기 수업/CB3500572-063 C++프로그래밍과실습(Prof.김태연)/실습 026 - sorting for std_vector/sort.cpp,,11,13,Changes
2023-03-09T23:09:49.701+09:00,nozerose,KeyEvent,65535:40:0,_026___sorting_for_std_vector,Editor,/Users/nozerose/Desktop/2023학년도 1학기 수업/CB3500572-063 C++프로그래밍과실습(Prof.김태연)/실습 026 - sorting for std_vector/sort.cpp,,12,2,Changes
2023-03-09T23:09:49.959+09:00,nozerose,Action,EditorDown,_026___sorting_for_std_vector,Editor,/Users/nozerose/Desktop/2023학년도 1학기 수업/CB3500572-063 C++프로그래밍과실습(Prof.김태연)/실습 026 - sorting for std_vector/sort.cpp,,12,2,Changes
2023-03-09T23:09:49.961+09:00,nozerose,KeyEvent,65535:40:0,_026___sorting_for_std_vector,Editor,/Users/nozerose/Desktop/2023학년도 1학기 수업/CB3500572-063 C++프로그래밍과실습(Prof.김태연)/실습 026 - sorting for std_vector/sort.cpp,,13,2,Changes
2023-03-09T23:09:51.987+09:00,nozerose,KeyEvent,115:83:0,_026___sorting_for_std_vector,Editor,/Users/nozerose/Desktop/2023학년도 1학기 수업/CB3500572-063 C++프로그래밍과실습(Prof.김태연)/실습 026 - sorting for std_vector/sort.cpp,,13,2,Changes
2023-03-09T23:09:52.101+09:00,nozerose,KeyEvent,111:79:0,_026___sorting_for_std_vector,Editor,/Users/nozerose/Desktop/2023학년도 1학기 수업/CB3500572-063 C++프로그래밍과실습(Prof.김태연)/실습 026 - sorting for std_vector/sort.cpp,,13,3,Changes
2023-03-09T23:09:52.236+09:00,nozerose,KeyEvent,114:82:0,_026___sorting_for_std_vector,Editor,/Users/nozerose/Desktop/2023학년도 1학기 수업/CB3500572-063 C++프로그래밍과실습(Prof.김태연)/실습 026 - sorting for std_vector/sort.cpp,,13,4,Changes
2023-03-09T23:09:52.460+09:00,nozerose,KeyEvent,116:84:0,_026___sorting_for_std_vector,Editor,/Users/nozerose/Desktop/2023학년도 1학기 수업/CB3500572-063 C++프로그래밍과실습(Prof.김태연)/실습 026 - sorting for std_vector/sort.cpp,,13,5,Changes
2023-03-09T23:09:54.147+09:00,nozerose,KeyEvent,65535:16:1,_026___sorting_for_std_vector,Editor,/Users/nozerose/Desktop/2023학년도 1학기 수업/CB3500572-063 C++프로그래밍과실습(Prof.김태연)/실습 026 - sorting for std_vector/sort.cpp,,13,6,Changes
2023-03-09T23:09:54.370+09:00,nozerose,KeyEvent,40:519:1,_026___sorting_for_std_vector,Editor,/Users/nozerose/Desktop/2023학년도 1학기 수업/CB3500572-063 C++프로그래밍과실습(Prof.김태연)/실습 026 - sorting for std_vector/sort.cpp,,13,6,Changes
2023-03-09T23:09:55.294+09:00,nozerose,KeyEvent,98:66:0,_026___sorting_for_std_vector,Editor,/Users/nozerose/Desktop/2023학년도 1학기 수업/CB3500572-063 C++프로그래밍과실습(Prof.김태연)/실습 026 - sorting for std_vector/sort.cpp,,13,7,Changes
2023-03-09T23:09:55.513+09:00,nozerose,KeyEvent,101:69:0,_026___sorting_for_std_vector,Editor,/Users/nozerose/Desktop/2023학년도 1학기 수업/CB3500572-063 C++프로그래밍과실습(Prof.김태연)/실습 026 - sorting for std_vector/sort.cpp,,13,8,Changes
2023-03-09T23:09:55.799+09:00,nozerose,KeyEvent,103:71:0,_026___sorting_for_std_vector,Editor,/Users/nozerose/Desktop/2023학년도 1학기 수업/CB3500572-063 C++프로그래밍과실습(Prof.김태연)/실습 026 - sorting for std_vector/sort.cpp,,13,9,Changes
2023-03-09T23:09:55.901+09:00,nozerose,KeyEvent,105:73:0,_026___sorting_for_std_vector,Editor,/Users/nozerose/Desktop/2023학년도 1학기 수업/CB3500572-063 C++프로그래밍과실습(Prof.김태연)/실습 026 - sorting for std_vector/sort.cpp,,13,10,Changes
2023-03-09T23:09:55.979+09:00,nozerose,KeyEvent,110:78:0,_026___sorting_for_std_vector,Editor,/Users/nozerose/Desktop/2023학년도 1학기 수업/CB3500572-063 C++프로그래밍과실습(Prof.김태연)/실습 026 - sorting for std_vector/sort.cpp,,13,11,Changes
2023-03-09T23:09:56.619+09:00,nozerose,KeyEvent,65535:16:1,_026___sorting_for_std_vector,Editor,/Users/nozerose/Desktop/2023학년도 1학기 수업/CB3500572-063 C++프로그래밍과실습(Prof.김태연)/실습 026 - sorting for std_vector/sort.cpp,,13,12,Changes
2023-03-09T23:09:56.888+09:00,nozerose,KeyEvent,40:519:1,_026___sorting_for_std_vector,Editor,/Users/nozerose/Desktop/2023학년도 1학기 수업/CB3500572-063 C++프로그래밍과실습(Prof.김태연)/실습 026 - sorting for std_vector/sort.cpp,,13,12,Changes
2023-03-09T23:09:58.458+09:00,nozerose,KeyEvent,118:86:0,_026___sorting_for_std_vector,Editor,/Users/nozerose/Desktop/2023학년도 1학기 수업/CB3500572-063 C++프로그래밍과실습(Prof.김태연)/실습 026 - sorting for std_vector/sort.cpp,,13,13,Changes
2023-03-09T23:09:59.066+09:00,nozerose,Action,EditorRight,_026___sorting_for_std_vector,Editor,/Users/nozerose/Desktop/2023학년도 1학기 수업/CB3500572-063 C++프로그래밍과실습(Prof.김태연)/실습 026 - sorting for std_vector/sort.cpp,,13,14,Changes
2023-03-09T23:09:59.069+09:00,nozerose,KeyEvent,65535:39:0,_026___sorting_for_std_vector,Editor,/Users/nozerose/Desktop/2023학년도 1학기 수업/CB3500572-063 C++프로그래밍과실습(Prof.김태연)/실습 026 - sorting for std_vector/sort.cpp,,13,15,Changes
2023-03-09T23:09:59.594+09:00,nozerose,KeyEvent,44:44:0,_026___sorting_for_std_vector,Editor,/Users/nozerose/Desktop/2023학년도 1학기 수업/CB3500572-063 C++프로그래밍과실습(Prof.김태연)/실습 026 - sorting for std_vector/sort.cpp,,13,15,Changes
2023-03-09T23:09:59.841+09:00,nozerose,KeyEvent,32:32:0,_026___sorting_for_std_vector,Editor,/Users/nozerose/Desktop/2023학년도 1학기 수업/CB3500572-063 C++프로그래밍과실습(Prof.김태연)/실습 026 - sorting for std_vector/sort.cpp,,13,16,Changes
2023-03-09T23:10:01.691+09:00,nozerose,KeyEvent,101:69:0,_026___sorting_for_std_vector,Editor,/Users/nozerose/Desktop/2023학년도 1학기 수업/CB3500572-063 C++프로그래밍과실습(Prof.김태연)/실습 026 - sorting for std_vector/sort.cpp,,13,17,Changes
2023-03-09T23:10:01.771+09:00,nozerose,KeyEvent,110:78:0,_026___sorting_for_std_vector,Editor,/Users/nozerose/Desktop/2023학년도 1학기 수업/CB3500572-063 C++프로그래밍과실습(Prof.김태연)/실습 026 - sorting for std_vector/sort.cpp,,13,18,Changes
2023-03-09T23:10:01.880+09:00,nozerose,KeyEvent,100:68:0,_026___sorting_for_std_vector,Editor,/Users/nozerose/Desktop/2023학년도 1학기 수업/CB3500572-063 C++프로그래밍과실습(Prof.김태연)/실습 026 - sorting for std_vector/sort.cpp,,13,19,Changes
2023-03-09T23:10:02.207+09:00,nozerose,KeyEvent,65535:16:1,_026___sorting_for_std_vector,Editor,/Users/nozerose/Desktop/2023학년도 1학기 수업/CB3500572-063 C++프로그래밍과실습(Prof.김태연)/실습 026 - sorting for std_vector/sort.cpp,,13,20,Changes
2023-03-09T23:10:02.542+09:00,nozerose,KeyEvent,40:519:1,_026___sorting_for_std_vector,Editor,/Users/nozerose/Desktop/2023학년도 1학기 수업/CB3500572-063 C++프로그래밍과실습(Prof.김태연)/실습 026 - sorting for std_vector/sort.cpp,,13,20,Changes
2023-03-09T23:10:02.782+09:00,nozerose,KeyEvent,118:86:0,_026___sorting_for_std_vector,Editor,/Users/nozerose/Desktop/2023학년도 1학기 수업/CB3500572-063 C++프로그래밍과실습(Prof.김태연)/실습 026 - sorting for std_vector/sort.cpp,,13,21,Changes
2023-03-09T23:10:03.203+09:00,nozerose,Action,EditorRight,_026___sorting_for_std_vector,Editor,/Users/nozerose/Desktop/2023학년도 1학기 수업/CB3500572-063 C++프로그래밍과실습(Prof.김태연)/실습 026 - sorting for std_vector/sort.cpp,,13,22,Changes
2023-03-09T23:10:03.205+09:00,nozerose,KeyEvent,65535:39:0,_026___sorting_for_std_vector,Editor,/Users/nozerose/Desktop/2023학년도 1학기 수업/CB3500572-063 C++프로그래밍과실습(Prof.김태연)/실습 026 - sorting for std_vector/sort.cpp,,13,23,Changes
2023-03-09T23:10:03.524+09:00,nozerose,Action,EditorRight,_026___sorting_for_std_vector,Editor,/Users/nozerose/Desktop/2023학년도 1학기 수업/CB3500572-063 C++프로그래밍과실습(Prof.김태연)/실습 026 - sorting for std_vector/sort.cpp,,13,23,Changes
2023-03-09T23:10:03.525+09:00,nozerose,KeyEvent,65535:39:0,_026___sorting_for_std_vector,Editor,/Users/nozerose/Desktop/2023학년도 1학기 수업/CB3500572-063 C++프로그래밍과실습(Prof.김태연)/실습 026 - sorting for std_vector/sort.cpp,,13,24,Changes
2023-03-09T23:10:04.275+09:00,nozerose,KeyEvent,59:59:0,_026___sorting_for_std_vector,Editor,/Users/nozerose/Desktop/2023학년도 1학기 수업/CB3500572-063 C++프로그래밍과실습(Prof.김태연)/실습 026 - sorting for std_vector/sort.cpp,,13,24,Changes
2023-03-09T23:10:08.540+09:00,nozerose,Action,EditorEnter,_026___sorting_for_std_vector,Editor,/Users/nozerose/Desktop/2023학년도 1학기 수업/CB3500572-063 C++프로그래밍과실습(Prof.김태연)/실습 026 - sorting for std_vector/sort.cpp,,13,25,Changes
2023-03-09T23:10:08.545+09:00,nozerose,KeyEvent,10:10:0,_026___sorting_for_std_vector,Editor,/Users/nozerose/Desktop/2023학년도 1학기 수업/CB3500572-063 C++프로그래밍과실습(Prof.김태연)/실습 026 - sorting for std_vector/sort.cpp,,14,2,Changes
2023-03-09T23:10:10.530+09:00,nozerose,Action,EditorEnter,_026___sorting_for_std_vector,Editor,/Users/nozerose/Desktop/2023학년도 1학기 수업/CB3500572-063 C++프로그래밍과실습(Prof.김태연)/실습 026 - sorting for std_vector/sort.cpp,,14,2,Changes
2023-03-09T23:10:10.535+09:00,nozerose,KeyEvent,10:10:0,_026___sorting_for_std_vector,Editor,/Users/nozerose/Desktop/2023학년도 1학기 수업/CB3500572-063 C++프로그래밍과실습(Prof.김태연)/실습 026 - sorting for std_vector/sort.cpp,,15,2,Changes
2023-03-09T23:10:12.766+09:00,nozerose,KeyEvent,102:70:0,_026___sorting_for_std_vector,Editor,/Users/nozerose/Desktop/2023학년도 1학기 수업/CB3500572-063 C++프로그래밍과실습(Prof.김태연)/실습 026 - sorting for std_vector/sort.cpp,,15,2,Changes
2023-03-09T23:10:12.895+09:00,nozerose,KeyEvent,111:79:0,_026___sorting_for_std_vector,Editor,/Users/nozerose/Desktop/2023학년도 1학기 수업/CB3500572-063 C++프로그래밍과실습(Prof.김태연)/실습 026 - sorting for std_vector/sort.cpp,,15,3,Changes
2023-03-09T23:10:13.034+09:00,nozerose,KeyEvent,114:82:0,_026___sorting_for_std_vector,Editor,/Users/nozerose/Desktop/2023학년도 1학기 수업/CB3500572-063 C++프로그래밍과실습(Prof.김태연)/실습 026 - sorting for std_vector/sort.cpp,,15,4,Changes
2023-03-09T23:10:13.414+09:00,nozerose,KeyEvent,65535:16:1,_026___sorting_for_std_vector,Editor,/Users/nozerose/Desktop/2023학년도 1학기 수업/CB3500572-063 C++프로그래밍과실습(Prof.김태연)/실습 026 - sorting for std_vector/sort.cpp,,15,5,Changes
2023-03-09T23:10:13.659+09:00,nozerose,KeyEvent,40:519:1,_026___sorting_for_std_vector,Editor,/Users/nozerose/Desktop/2023학년도 1학기 수업/CB3500572-063 C++프로그래밍과실습(Prof.김태연)/실습 026 - sorting for std_vector/sort.cpp,,15,5,Changes
2023-03-09T23:10:13.824+09:00,nozerose,KeyEvent,97:65:0,_026___sorting_for_std_vector,Editor,/Users/nozerose/Desktop/2023학년도 1학기 수업/CB3500572-063 C++프로그래밍과실습(Prof.김태연)/실습 026 - sorting for std_vector/sort.cpp,,15,6,Changes
2023-03-09T23:10:13.938+09:00,nozerose,KeyEvent,117:85:0,_026___sorting_for_std_vector,Editor,/Users/nozerose/Desktop/2023학년도 1학기 수업/CB3500572-063 C++프로그래밍과실습(Prof.김태연)/실습 026 - sorting for std_vector/sort.cpp,,15,7,Changes
2023-03-09T23:10:14.148+09:00,nozerose,KeyEvent,116:84:0,_026___sorting_for_std_vector,Editor,/Users/nozerose/Desktop/2023학년도 1학기 수업/CB3500572-063 C++프로그래밍과실습(Prof.김태연)/실습 026 - sorting for std_vector/sort.cpp,,15,8,Changes
2023-03-09T23:10:14.215+09:00,nozerose,KeyEvent,111:79:0,_026___sorting_for_std_vector,Editor,/Users/nozerose/Desktop/2023학년도 1학기 수업/CB3500572-063 C++프로그래밍과실습(Prof.김태연)/실습 026 - sorting for std_vector/sort.cpp,,15,9,Changes
2023-03-09T23:10:14.630+09:00,nozerose,KeyEvent,32:32:0,_026___sorting_for_std_vector,Editor,/Users/nozerose/Desktop/2023학년도 1학기 수업/CB3500572-063 C++프로그래밍과실습(Prof.김태연)/실습 026 - sorting for std_vector/sort.cpp,,15,10,Changes
2023-03-09T23:10:15.315+09:00,nozerose,KeyEvent,65535:16:1,_026___sorting_for_std_vector,Editor,/Users/nozerose/Desktop/2023학년도 1학기 수업/CB3500572-063 C++프로그래밍과실습(Prof.김태연)/실습 026 - sorting for std_vector/sort.cpp,,15,11,Changes
2023-03-09T23:10:16.008+09:00,nozerose,KeyEvent,38:150:1,_026___sorting_for_std_vector,Editor,/Users/nozerose/Desktop/2023학년도 1학기 수업/CB3500572-063 C++프로그래밍과실습(Prof.김태연)/실습 026 - sorting for std_vector/sort.cpp,,15,11,Changes
2023-03-09T23:10:16.748+09:00,nozerose,KeyEvent,105:73:0,_026___sorting_for_std_vector,Editor,/Users/nozerose/Desktop/2023학년도 1학기 수업/CB3500572-063 C++프로그래밍과실습(Prof.김태연)/실습 026 - sorting for std_vector/sort.cpp,,15,12,Changes
2023-03-09T23:10:17.685+09:00,nozerose,Action,EditorRight,_026___sorting_for_std_vector,Editor,/Users/nozerose/Desktop/2023학년도 1학기 수업/CB3500572-063 C++프로그래밍과실습(Prof.김태연)/실습 026 - sorting for std_vector/sort.cpp,,15,13,Changes
2023-03-09T23:10:17.689+09:00,nozerose,KeyEvent,65535:39:0,_026___sorting_for_std_vector,Editor,/Users/nozerose/Desktop/2023학년도 1학기 수업/CB3500572-063 C++프로그래밍과실습(Prof.김태연)/실습 026 - sorting for std_vector/sort.cpp,,15,14,Changes
2023-03-09T23:10:18.084+09:00,nozerose,Action,EditorLeft,_026___sorting_for_std_vector,Editor,/Users/nozerose/Desktop/2023학년도 1학기 수업/CB3500572-063 C++프로그래밍과실습(Prof.김태연)/실습 026 - sorting for std_vector/sort.cpp,,15,14,Changes
2023-03-09T23:10:18.084+09:00,nozerose,KeyEvent,65535:37:0,_026___sorting_for_std_vector,Editor,/Users/nozerose/Desktop/2023학년도 1학기 수업/CB3500572-063 C++프로그래밍과실습(Prof.김태연)/실습 026 - sorting for std_vector/sort.cpp,,15,13,Changes
2023-03-09T23:10:18.426+09:00,nozerose,KeyEvent,32:32:0,_026___sorting_for_std_vector,Editor,/Users/nozerose/Desktop/2023학년도 1학기 수업/CB3500572-063 C++프로그래밍과실습(Prof.김태연)/실습 026 - sorting for std_vector/sort.cpp,,15,13,Changes
2023-03-09T23:10:18.618+09:00,nozerose,KeyEvent,65535:16:1,_026___sorting_for_std_vector,Editor,/Users/nozerose/Desktop/2023학년도 1학기 수업/CB3500572-063 C++프로그래밍과실습(Prof.김태연)/실습 026 - sorting for std_vector/sort.cpp,,15,14,Changes
2023-03-09T23:10:18.823+09:00,nozerose,KeyEvent,58:513:1,_026___sorting_for_std_vector,Editor,/Users/nozerose/Desktop/2023학년도 1학기 수업/CB3500572-063 C++프로그래밍과실습(Prof.김태연)/실습 026 - sorting for std_vector/sort.cpp,,15,14,Changes
2023-03-09T23:10:19.111+09:00,nozerose,KeyEvent,32:32:0,_026___sorting_for_std_vector,Editor,/Users/nozerose/Desktop/2023학년도 1학기 수업/CB3500572-063 C++프로그래밍과실습(Prof.김태연)/실습 026 - sorting for std_vector/sort.cpp,,15,15,Changes
2023-03-09T23:10:19.410+09:00,nozerose,KeyEvent,118:86:0,_026___sorting_for_std_vector,Editor,/Users/nozerose/Desktop/2023학년도 1학기 수업/CB3500572-063 C++프로그래밍과실습(Prof.김태연)/실습 026 - sorting for std_vector/sort.cpp,,15,16,Changes
2023-03-09T23:10:19.843+09:00,nozerose,Action,EditorRight,_026___sorting_for_std_vector,Editor,/Users/nozerose/Desktop/2023학년도 1학기 수업/CB3500572-063 C++프로그래밍과실습(Prof.김태연)/실습 026 - sorting for std_vector/sort.cpp,,15,17,Changes
2023-03-09T23:10:19.849+09:00,nozerose,KeyEvent,65535:39:0,_026___sorting_for_std_vector,Editor,/Users/nozerose/Desktop/2023학년도 1학기 수업/CB3500572-063 C++프로그래밍과실습(Prof.김태연)/실습 026 - sorting for std_vector/sort.cpp,,15,18,Changes
2023-03-09T23:10:21.057+09:00,nozerose,Action,EditorEnter,_026___sorting_for_std_vector,Editor,/Users/nozerose/Desktop/2023학년도 1학기 수업/CB3500572-063 C++프로그래밍과실습(Prof.김태연)/실습 026 - sorting for std_vector/sort.cpp,,15,18,Changes
2023-03-09T23:10:21.064+09:00,nozerose,KeyEvent,10:10:0,_026___sorting_for_std_vector,Editor,/Users/nozerose/Desktop/2023학년도 1학기 수업/CB3500572-063 C++프로그래밍과실습(Prof.김태연)/실습 026 - sorting for std_vector/sort.cpp,,16,4,Changes
2023-03-09T23:10:22.062+09:00,nozerose,KeyEvent,99:67:0,_026___sorting_for_std_vector,Editor,/Users/nozerose/Desktop/2023학년도 1학기 수업/CB3500572-063 C++프로그래밍과실습(Prof.김태연)/실습 026 - sorting for std_vector/sort.cpp,,16,4,Changes
2023-03-09T23:10:22.249+09:00,nozerose,KeyEvent,111:79:0,_026___sorting_for_std_vector,Editor,/Users/nozerose/Desktop/2023학년도 1학기 수업/CB3500572-063 C++프로그래밍과실습(Prof.김태연)/실습 026 - sorting for std_vector/sort.cpp,,16,5,Changes
2023-03-09T23:10:22.454+09:00,nozerose,KeyEvent,117:85:0,_026___sorting_for_std_vector,Editor,/Users/nozerose/Desktop/2023학년도 1학기 수업/CB3500572-063 C++프로그래밍과실습(Prof.김태연)/실습 026 - sorting for std_vector/sort.cpp,,16,6,Changes
2023-03-09T23:10:22.594+09:00,nozerose,KeyEvent,116:84:0,_026___sorting_for_std_vector,Editor,/Users/nozerose/Desktop/2023학년도 1학기 수업/CB3500572-063 C++프로그래밍과실습(Prof.김태연)/실습 026 - sorting for std_vector/sort.cpp,,16,7,Changes
2023-03-09T23:10:22.855+09:00,nozerose,KeyEvent,32:32:0,_026___sorting_for_std_vector,Editor,/Users/nozerose/Desktop/2023학년도 1학기 수업/CB3500572-063 C++프로그래밍과실습(Prof.김태연)/실습 026 - sorting for std_vector/sort.cpp,,16,8,Changes
2023-03-09T23:10:23.086+09:00,nozerose,KeyEvent,65535:16:1,_026___sorting_for_std_vector,Editor,/Users/nozerose/Desktop/2023학년도 1학기 수업/CB3500572-063 C++프로그래밍과실습(Prof.김태연)/실습 026 - sorting for std_vector/sort.cpp,,16,9,Changes
2023-03-09T23:10:23.384+09:00,nozerose,KeyEvent,60:153:1,_026___sorting_for_std_vector,Editor,/Users/nozerose/Desktop/2023학년도 1학기 수업/CB3500572-063 C++프로그래밍과실습(Prof.김태연)/실습 026 - sorting for std_vector/sort.cpp,,16,9,Changes
2023-03-09T23:10:23.544+09:00,nozerose,KeyEvent,60:153:1,_026___sorting_for_std_vector,Editor,/Users/nozerose/Desktop/2023학년도 1학기 수업/CB3500572-063 C++프로그래밍과실습(Prof.김태연)/실습 026 - sorting for std_vector/sort.cpp,,16,10,Changes
2023-03-09T23:10:23.765+09:00,nozerose,KeyEvent,32:32:0,_026___sorting_for_std_vector,Editor,/Users/nozerose/Desktop/2023학년도 1학기 수업/CB3500572-063 C++프로그래밍과실습(Prof.김태연)/실습 026 - sorting for std_vector/sort.cpp,,16,11,Changes
2023-03-09T23:10:24.634+09:00,nozerose,KeyEvent,105:73:0,_026___sorting_for_std_vector,Editor,/Users/nozerose/Desktop/2023학년도 1학기 수업/CB3500572-063 C++프로그래밍과실습(Prof.김태연)/실습 026 - sorting for std_vector/sort.cpp,,16,12,Changes
2023-03-09T23:10:25.290+09:00,nozerose,KeyEvent,32:32:0,_026___sorting_for_std_vector,Editor,/Users/nozerose/Desktop/2023학년도 1학기 수업/CB3500572-063 C++프로그래밍과실습(Prof.김태연)/실습 026 - sorting for std_vector/sort.cpp,,16,13,Changes
2023-03-09T23:10:25.486+09:00,nozerose,KeyEvent,65535:16:1,_026___sorting_for_std_vector,Editor,/Users/nozerose/Desktop/2023학년도 1학기 수업/CB3500572-063 C++프로그래밍과실습(Prof.김태연)/실습 026 - sorting for std_vector/sort.cpp,,16,14,Changes
2023-03-09T23:10:25.664+09:00,nozerose,KeyEvent,60:153:1,_026___sorting_for_std_vector,Editor,/Users/nozerose/Desktop/2023학년도 1학기 수업/CB3500572-063 C++프로그래밍과실습(Prof.김태연)/실습 026 - sorting for std_vector/sort.cpp,,16,14,Changes
2023-03-09T23:10:25.824+09:00,nozerose,KeyEvent,60:153:1,_026___sorting_for_std_vector,Editor,/Users/nozerose/Desktop/2023학년도 1학기 수업/CB3500572-063 C++프로그래밍과실습(Prof.김태연)/실습 026 - sorting for std_vector/sort.cpp,,16,15,Changes
2023-03-09T23:10:26.145+09:00,nozerose,KeyEvent,32:32:0,_026___sorting_for_std_vector,Editor,/Users/nozerose/Desktop/2023학년도 1학기 수업/CB3500572-063 C++프로그래밍과실습(Prof.김태연)/실습 026 - sorting for std_vector/sort.cpp,,16,16,Changes
2023-03-09T23:10:26.389+09:00,nozerose,KeyEvent,65535:16:1,_026___sorting_for_std_vector,Editor,/Users/nozerose/Desktop/2023학년도 1학기 수업/CB3500572-063 C++프로그래밍과실습(Prof.김태연)/실습 026 - sorting for std_vector/sort.cpp,,16,17,Changes
2023-03-09T23:10:26.617+09:00,nozerose,KeyEvent,34:152:1,_026___sorting_for_std_vector,Editor,/Users/nozerose/Desktop/2023학년도 1학기 수업/CB3500572-063 C++프로그래밍과실습(Prof.김태연)/실습 026 - sorting for std_vector/sort.cpp,,16,17,Changes
2023-03-09T23:10:26.870+09:00,nozerose,KeyEvent,32:32:0,_026___sorting_for_std_vector,Editor,/Users/nozerose/Desktop/2023학년도 1학기 수업/CB3500572-063 C++프로그래밍과실습(Prof.김태연)/실습 026 - sorting for std_vector/sort.cpp,,16,18,Changes
2023-03-09T23:10:27.367+09:00,nozerose,Action,EditorRight,_026___sorting_for_std_vector,Editor,/Users/nozerose/Desktop/2023학년도 1학기 수업/CB3500572-063 C++프로그래밍과실습(Prof.김태연)/실습 026 - sorting for std_vector/sort.cpp,,16,19,Changes
2023-03-09T23:10:27.367+09:00,nozerose,KeyEvent,65535:39:0,_026___sorting_for_std_vector,Editor,/Users/nozerose/Desktop/2023학년도 1학기 수업/CB3500572-063 C++프로그래밍과실습(Prof.김태연)/실습 026 - sorting for std_vector/sort.cpp,,16,20,Changes
2023-03-09T23:10:28.012+09:00,nozerose,KeyEvent,59:59:0,_026___sorting_for_std_vector,Editor,/Users/nozerose/Desktop/2023학년도 1학기 수업/CB3500572-063 C++프로그래밍과실습(Prof.김태연)/실습 026 - sorting for std_vector/sort.cpp,,16,20,Changes
2023-03-09T23:10:28.443+09:00,nozerose,Action,EditorEnter,_026___sorting_for_std_vector,Editor,/Users/nozerose/Desktop/2023학년도 1학기 수업/CB3500572-063 C++프로그래밍과실습(Prof.김태연)/실습 026 - sorting for std_vector/sort.cpp,,16,21,Changes
2023-03-09T23:10:28.454+09:00,nozerose,KeyEvent,10:10:0,_026___sorting_for_std_vector,Editor,/Users/nozerose/Desktop/2023학년도 1학기 수업/CB3500572-063 C++프로그래밍과실습(Prof.김태연)/실습 026 - sorting for std_vector/sort.cpp,,17,2,Changes
2023-03-09T23:10:28.804+09:00,nozerose,Action,EditorEnter,_026___sorting_for_std_vector,Editor,/Users/nozerose/Desktop/2023학년도 1학기 수업/CB3500572-063 C++프로그래밍과실습(Prof.김태연)/실습 026 - sorting for std_vector/sort.cpp,,17,2,Changes
2023-03-09T23:10:28.815+09:00,nozerose,KeyEvent,10:10:0,_026___sorting_for_std_vector,Editor,/Users/nozerose/Desktop/2023학년도 1학기 수업/CB3500572-063 C++프로그래밍과실습(Prof.김태연)/실습 026 - sorting for std_vector/sort.cpp,,18,2,Changes
2023-03-09T23:10:28.989+09:00,nozerose,KeyEvent,114:82:0,_026___sorting_for_std_vector,Editor,/Users/nozerose/Desktop/2023학년도 1학기 수업/CB3500572-063 C++프로그래밍과실습(Prof.김태연)/실습 026 - sorting for std_vector/sort.cpp,,18,2,Changes
2023-03-09T23:10:29.082+09:00,nozerose,KeyEvent,101:69:0,_026___sorting_for_std_vector,Editor,/Users/nozerose/Desktop/2023학년도 1학기 수업/CB3500572-063 C++프로그래밍과실습(Prof.김태연)/실습 026 - sorting for std_vector/sort.cpp,,18,3,Changes
2023-03-09T23:10:29.249+09:00,nozerose,KeyEvent,116:84:0,_026___sorting_for_std_vector,Editor,/Users/nozerose/Desktop/2023학년도 1학기 수업/CB3500572-063 C++프로그래밍과실습(Prof.김태연)/실습 026 - sorting for std_vector/sort.cpp,,18,4,Changes
2023-03-09T23:10:29.341+09:00,nozerose,KeyEvent,117:85:0,_026___sorting_for_std_vector,Editor,/Users/nozerose/Desktop/2023학년도 1학기 수업/CB3500572-063 C++프로그래밍과실습(Prof.김태연)/실습 026 - sorting for std_vector/sort.cpp,,18,5,Changes
2023-03-09T23:10:29.414+09:00,nozerose,KeyEvent,114:82:0,_026___sorting_for_std_vector,Editor,/Users/nozerose/Desktop/2023학년도 1학기 수업/CB3500572-063 C++프로그래밍과실습(Prof.김태연)/실습 026 - sorting for std_vector/sort.cpp,,18,6,Changes
2023-03-09T23:10:29.514+09:00,nozerose,KeyEvent,110:78:0,_026___sorting_for_std_vector,Editor,/Users/nozerose/Desktop/2023학년도 1학기 수업/CB3500572-063 C++프로그래밍과실습(Prof.김태연)/실습 026 - sorting for std_vector/sort.cpp,,18,7,Changes
2023-03-09T23:10:29.651+09:00,nozerose,KeyEvent,32:32:0,_026___sorting_for_std_vector,Editor,/Users/nozerose/Desktop/2023학년도 1학기 수업/CB3500572-063 C++프로그래밍과실습(Prof.김태연)/실습 026 - sorting for std_vector/sort.cpp,,18,8,Changes
2023-03-09T23:10:29.965+09:00,nozerose,KeyEvent,48:48:0,_026___sorting_for_std_vector,Editor,/Users/nozerose/Desktop/2023학년도 1학기 수업/CB3500572-063 C++프로그래밍과실습(Prof.김태연)/실습 026 - sorting for std_vector/sort.cpp,,18,9,Changes
2023-03-09T23:10:30.149+09:00,nozerose,KeyEvent,59:59:0,_026___sorting_for_std_vector,Editor,/Users/nozerose/Desktop/2023학년도 1학기 수업/CB3500572-063 C++프로그래밍과실습(Prof.김태연)/실습 026 - sorting for std_vector/sort.cpp,,18,10,Changes
2023-03-09T23:10:31.466+09:00,nozerose,Action,Run,_026___sorting_for_std_vector,Editor,/Users/nozerose/Desktop/2023학년도 1학기 수업/CB3500572-063 C++프로그래밍과실습(Prof.김태연)/실습 026 - sorting for std_vector/sort.cpp,,18,11,Changes
2023-03-09T23:10:32.160+09:00,nozerose,Execution,"Run:'CMake Application: _026___sorting_for_std_vector':""/Users/nozerose/Desktop/2023학년도 1학기 수업/CB3500572-063 C++프로그래밍과실습(Prof.김태연)/실습 026 - sorting for std_vector/cmake-build-debug/_026___sorting_for_std_vector""",_026___sorting_for_std_vector,Editor,/Users/nozerose/Desktop/2023학년도 1학기 수업/CB3500572-063 C++프로그래밍과실습(Prof.김태연)/실습 026 - sorting for std_vector/sort.cpp,,18,11,Changes
2023-03-09T23:10:33.294+09:00,nozerose,KeyEvent,53:53:0,_026___sorting_for_std_vector,Editor,/Users/nozerose/Desktop/2023학년도 1학기 수업/CB3500572-063 C++프로그래밍과실습(Prof.김태연)/실습 026 - sorting for std_vector/sort.cpp,,18,11,Changes
2023-03-09T23:10:33.546+09:00,nozerose,KeyEvent,10:10:0,_026___sorting_for_std_vector,Editor,/Users/nozerose/Desktop/2023학년도 1학기 수업/CB3500572-063 C++프로그래밍과실습(Prof.김태연)/실습 026 - sorting for std_vector/sort.cpp,,18,11,Changes
2023-03-09T23:10:34.767+09:00,nozerose,KeyEvent,52:52:0,_026___sorting_for_std_vector,Editor,/Users/nozerose/Desktop/2023학년도 1학기 수업/CB3500572-063 C++프로그래밍과실습(Prof.김태연)/실습 026 - sorting for std_vector/sort.cpp,,18,11,Changes
2023-03-09T23:10:34.926+09:00,nozerose,KeyEvent,32:32:0,_026___sorting_for_std_vector,Editor,/Users/nozerose/Desktop/2023학년도 1학기 수업/CB3500572-063 C++프로그래밍과실습(Prof.김태연)/실습 026 - sorting for std_vector/sort.cpp,,18,11,Changes
2023-03-09T23:10:35.133+09:00,nozerose,KeyEvent,50:50:0,_026___sorting_for_std_vector,Editor,/Users/nozerose/Desktop/2023학년도 1학기 수업/CB3500572-063 C++프로그래밍과실습(Prof.김태연)/실습 026 - sorting for std_vector/sort.cpp,,18,11,Changes
2023-03-09T23:10:35.302+09:00,nozerose,KeyEvent,32:32:0,_026___sorting_for_std_vector,Editor,/Users/nozerose/Desktop/2023학년도 1학기 수업/CB3500572-063 C++프로그래밍과실습(Prof.김태연)/실습 026 - sorting for std_vector/sort.cpp,,18,11,Changes
2023-03-09T23:10:35.684+09:00,nozerose,KeyEvent,49:49:0,_026___sorting_for_std_vector,Editor,/Users/nozerose/Desktop/2023학년도 1학기 수업/CB3500572-063 C++프로그래밍과실습(Prof.김태연)/실습 026 - sorting for std_vector/sort.cpp,,18,11,Changes
2023-03-09T23:10:35.871+09:00,nozerose,KeyEvent,32:32:0,_026___sorting_for_std_vector,Editor,/Users/nozerose/Desktop/2023학년도 1학기 수업/CB3500572-063 C++프로그래밍과실습(Prof.김태연)/실습 026 - sorting for std_vector/sort.cpp,,18,11,Changes
2023-03-09T23:10:36.199+09:00,nozerose,KeyEvent,53:53:0,_026___sorting_for_std_vector,Editor,/Users/nozerose/Desktop/2023학년도 1학기 수업/CB3500572-063 C++프로그래밍과실습(Prof.김태연)/실습 026 - sorting for std_vector/sort.cpp,,18,11,Changes
2023-03-09T23:10:36.372+09:00,nozerose,KeyEvent,32:32:0,_026___sorting_for_std_vector,Editor,/Users/nozerose/Desktop/2023학년도 1학기 수업/CB3500572-063 C++프로그래밍과실습(Prof.김태연)/실습 026 - sorting for std_vector/sort.cpp,,18,11,Changes
2023-03-09T23:10:36.558+09:00,nozerose,KeyEvent,51:51:0,_026___sorting_for_std_vector,Editor,/Users/nozerose/Desktop/2023학년도 1학기 수업/CB3500572-063 C++프로그래밍과실습(Prof.김태연)/실습 026 - sorting for std_vector/sort.cpp,,18,11,Changes
2023-03-09T23:10:36.737+09:00,nozerose,KeyEvent,10:10:0,_026___sorting_for_std_vector,Editor,/Users/nozerose/Desktop/2023학년도 1학기 수업/CB3500572-063 C++프로그래밍과실습(Prof.김태연)/실습 026 - sorting for std_vector/sort.cpp,,18,11,Changes
2023-03-09T23:10:38.821+09:00,nozerose,Action,Run,_026___sorting_for_std_vector,Editor,/Users/nozerose/Desktop/2023학년도 1학기 수업/CB3500572-063 C++프로그래밍과실습(Prof.김태연)/실습 026 - sorting for std_vector/sort.cpp,,18,11,Changes
2023-03-09T23:10:39.100+09:00,nozerose,Execution,"Run:'CMake Application: _026___sorting_for_std_vector':""/Users/nozerose/Desktop/2023학년도 1학기 수업/CB3500572-063 C++프로그래밍과실습(Prof.김태연)/실습 026 - sorting for std_vector/cmake-build-debug/_026___sorting_for_std_vector""",_026___sorting_for_std_vector,Editor,/Users/nozerose/Desktop/2023학년도 1학기 수업/CB3500572-063 C++프로그래밍과실습(Prof.김태연)/실습 026 - sorting for std_vector/sort.cpp,,18,11,Changes
2023-03-09T23:10:40.232+09:00,nozerose,KeyEvent,49:49:0,_026___sorting_for_std_vector,Editor,/Users/nozerose/Desktop/2023학년도 1학기 수업/CB3500572-063 C++프로그래밍과실습(Prof.김태연)/실습 026 - sorting for std_vector/sort.cpp,,18,11,Changes
2023-03-09T23:10:40.327+09:00,nozerose,KeyEvent,48:48:0,_026___sorting_for_std_vector,Editor,/Users/nozerose/Desktop/2023학년도 1학기 수업/CB3500572-063 C++프로그래밍과실습(Prof.김태연)/실습 026 - sorting for std_vector/sort.cpp,,18,11,Changes
2023-03-09T23:10:40.800+09:00,nozerose,KeyEvent,10:10:0,_026___sorting_for_std_vector,Editor,/Users/nozerose/Desktop/2023학년도 1학기 수업/CB3500572-063 C++프로그래밍과실습(Prof.김태연)/실습 026 - sorting for std_vector/sort.cpp,,18,11,Changes
2023-03-09T23:10:41.373+09:00,nozerose,KeyEvent,51:51:0,_026___sorting_for_std_vector,Editor,/Users/nozerose/Desktop/2023학년도 1학기 수업/CB3500572-063 C++프로그래밍과실습(Prof.김태연)/실습 026 - sorting for std_vector/sort.cpp,,18,11,Changes
2023-03-09T23:10:41.604+09:00,nozerose,KeyEvent,32:32:0,_026___sorting_for_std_vector,Editor,/Users/nozerose/Desktop/2023학년도 1학기 수업/CB3500572-063 C++프로그래밍과실습(Prof.김태연)/실습 026 - sorting for std_vector/sort.cpp,,18,11,Changes
2023-03-09T23:10:41.844+09:00,nozerose,KeyEvent,50:50:0,_026___sorting_for_std_vector,Editor,/Users/nozerose/Desktop/2023학년도 1학기 수업/CB3500572-063 C++프로그래밍과실습(Prof.김태연)/실습 026 - sorting for std_vector/sort.cpp,,18,11,Changes
2023-03-09T23:10:42.127+09:00,nozerose,KeyEvent,32:32:0,_026___sorting_for_std_vector,Editor,/Users/nozerose/Desktop/2023학년도 1학기 수업/CB3500572-063 C++프로그래밍과실습(Prof.김태연)/실습 026 - sorting for std_vector/sort.cpp,,18,11,Changes
2023-03-09T23:10:42.644+09:00,nozerose,KeyEvent,52:52:0,_026___sorting_for_std_vector,Editor,/Users/nozerose/Desktop/2023학년도 1학기 수업/CB3500572-063 C++프로그래밍과실습(Prof.김태연)/실습 026 - sorting for std_vector/sort.cpp,,18,11,Changes
2023-03-09T23:10:42.822+09:00,nozerose,KeyEvent,32:32:0,_026___sorting_for_std_vector,Editor,/Users/nozerose/Desktop/2023학년도 1학기 수업/CB3500572-063 C++프로그래밍과실습(Prof.김태연)/실습 026 - sorting for std_vector/sort.cpp,,18,11,Changes
2023-03-09T23:10:43.090+09:00,nozerose,KeyEvent,54:54:0,_026___sorting_for_std_vector,Editor,/Users/nozerose/Desktop/2023학년도 1학기 수업/CB3500572-063 C++프로그래밍과실습(Prof.김태연)/실습 026 - sorting for std_vector/sort.cpp,,18,11,Changes
2023-03-09T23:10:43.404+09:00,nozerose,KeyEvent,32:32:0,_026___sorting_for_std_vector,Editor,/Users/nozerose/Desktop/2023학년도 1학기 수업/CB3500572-063 C++프로그래밍과실습(Prof.김태연)/실습 026 - sorting for std_vector/sort.cpp,,18,11,Changes
2023-03-09T23:10:43.659+09:00,nozerose,KeyEvent,49:49:0,_026___sorting_for_std_vector,Editor,/Users/nozerose/Desktop/2023학년도 1학기 수업/CB3500572-063 C++프로그래밍과실습(Prof.김태연)/실습 026 - sorting for std_vector/sort.cpp,,18,11,Changes
2023-03-09T23:10:43.878+09:00,nozerose,KeyEvent,32:32:0,_026___sorting_for_std_vector,Editor,/Users/nozerose/Desktop/2023학년도 1학기 수업/CB3500572-063 C++프로그래밍과실습(Prof.김태연)/실습 026 - sorting for std_vector/sort.cpp,,18,11,Changes
2023-03-09T23:10:44.172+09:00,nozerose,KeyEvent,55:55:0,_026___sorting_for_std_vector,Editor,/Users/nozerose/Desktop/2023학년도 1학기 수업/CB3500572-063 C++프로그래밍과실습(Prof.김태연)/실습 026 - sorting for std_vector/sort.cpp,,18,11,Changes
2023-03-09T23:10:44.331+09:00,nozerose,KeyEvent,32:32:0,_026___sorting_for_std_vector,Editor,/Users/nozerose/Desktop/2023학년도 1학기 수업/CB3500572-063 C++프로그래밍과실습(Prof.김태연)/실습 026 - sorting for std_vector/sort.cpp,,18,11,Changes
2023-03-09T23:10:44.534+09:00,nozerose,KeyEvent,57:57:0,_026___sorting_for_std_vector,Editor,/Users/nozerose/Desktop/2023학년도 1학기 수업/CB3500572-063 C++프로그래밍과실습(Prof.김태연)/실습 026 - sorting for std_vector/sort.cpp,,18,11,Changes
2023-03-09T23:10:44.708+09:00,nozerose,KeyEvent,32:32:0,_026___sorting_for_std_vector,Editor,/Users/nozerose/Desktop/2023학년도 1학기 수업/CB3500572-063 C++프로그래밍과실습(Prof.김태연)/실습 026 - sorting for std_vector/sort.cpp,,18,11,Changes
2023-03-09T23:10:44.861+09:00,nozerose,KeyEvent,56:56:0,_026___sorting_for_std_vector,Editor,/Users/nozerose/Desktop/2023학년도 1학기 수업/CB3500572-063 C++프로그래밍과실습(Prof.김태연)/실습 026 - sorting for std_vector/sort.cpp,,18,11,Changes
2023-03-09T23:10:45.073+09:00,nozerose,KeyEvent,32:32:0,_026___sorting_for_std_vector,Editor,/Users/nozerose/Desktop/2023학년도 1학기 수업/CB3500572-063 C++프로그래밍과실습(Prof.김태연)/실습 026 - sorting for std_vector/sort.cpp,,18,11,Changes
2023-03-09T23:10:45.316+09:00,nozerose,KeyEvent,49:49:0,_026___sorting_for_std_vector,Editor,/Users/nozerose/Desktop/2023학년도 1학기 수업/CB3500572-063 C++프로그래밍과실습(Prof.김태연)/실습 026 - sorting for std_vector/sort.cpp,,18,11,Changes
2023-03-09T23:10:45.438+09:00,nozerose,KeyEvent,48:48:0,_026___sorting_for_std_vector,Editor,/Users/nozerose/Desktop/2023학년도 1학기 수업/CB3500572-063 C++프로그래밍과실습(Prof.김태연)/실습 026 - sorting for std_vector/sort.cpp,,18,11,Changes
2023-03-09T23:10:45.584+09:00,nozerose,KeyEvent,32:32:0,_026___sorting_for_std_vector,Editor,/Users/nozerose/Desktop/2023학년도 1학기 수업/CB3500572-063 C++프로그래밍과실습(Prof.김태연)/실습 026 - sorting for std_vector/sort.cpp,,18,11,Changes
2023-03-09T23:10:45.900+09:00,nozerose,KeyEvent,53:53:0,_026___sorting_for_std_vector,Editor,/Users/nozerose/Desktop/2023학년도 1학기 수업/CB3500572-063 C++프로그래밍과실습(Prof.김태연)/실습 026 - sorting for std_vector/sort.cpp,,18,11,Changes
2023-03-09T23:10:46.015+09:00,nozerose,KeyEvent,10:10:0,_026___sorting_for_std_vector,Editor,/Users/nozerose/Desktop/2023학년도 1학기 수업/CB3500572-063 C++프로그래밍과실습(Prof.김태연)/실습 026 - sorting for std_vector/sort.cpp,,18,11,Changes
2023-03-09T23:10:47.868+09:00,nozerose,Action,Run,_026___sorting_for_std_vector,Editor,/Users/nozerose/Desktop/2023학년도 1학기 수업/CB3500572-063 C++프로그래밍과실습(Prof.김태연)/실습 026 - sorting for std_vector/sort.cpp,,18,11,Changes
2023-03-09T23:10:48.120+09:00,nozerose,Execution,"Run:'CMake Application: _026___sorting_for_std_vector':""/Users/nozerose/Desktop/2023학년도 1학기 수업/CB3500572-063 C++프로그래밍과실습(Prof.김태연)/실습 026 - sorting for std_vector/cmake-build-debug/_026___sorting_for_std_vector""",_026___sorting_for_std_vector,Editor,/Users/nozerose/Desktop/2023학년도 1학기 수업/CB3500572-063 C++프로그래밍과실습(Prof.김태연)/실습 026 - sorting for std_vector/sort.cpp,,18,11,Changes
2023-03-09T23:10:49.284+09:00,nozerose,KeyEvent,51:51:0,_026___sorting_for_std_vector,Editor,/Users/nozerose/Desktop/2023학년도 1학기 수업/CB3500572-063 C++프로그래밍과실습(Prof.김태연)/실습 026 - sorting for std_vector/sort.cpp,,18,11,Changes
2023-03-09T23:10:49.597+09:00,nozerose,KeyEvent,10:10:0,_026___sorting_for_std_vector,Editor,/Users/nozerose/Desktop/2023학년도 1학기 수업/CB3500572-063 C++프로그래밍과실습(Prof.김태연)/실습 026 - sorting for std_vector/sort.cpp,,18,11,Changes
2023-03-09T23:10:49.800+09:00,nozerose,KeyEvent,51:51:0,_026___sorting_for_std_vector,Editor,/Users/nozerose/Desktop/2023학년도 1학기 수업/CB3500572-063 C++프로그래밍과실습(Prof.김태연)/실습 026 - sorting for std_vector/sort.cpp,,18,11,Changes
2023-03-09T23:10:49.992+09:00,nozerose,KeyEvent,50:50:0,_026___sorting_for_std_vector,Editor,/Users/nozerose/Desktop/2023학년도 1학기 수업/CB3500572-063 C++프로그래밍과실습(Prof.김태연)/실습 026 - sorting for std_vector/sort.cpp,,18,11,Changes
2023-03-09T23:10:50.746+09:00,nozerose,KeyEvent,8:8:0,_026___sorting_for_std_vector,Editor,/Users/nozerose/Desktop/2023학년도 1학기 수업/CB3500572-063 C++프로그래밍과실습(Prof.김태연)/실습 026 - sorting for std_vector/sort.cpp,,18,11,Changes
2023-03-09T23:10:50.888+09:00,nozerose,KeyEvent,32:32:0,_026___sorting_for_std_vector,Editor,/Users/nozerose/Desktop/2023학년도 1학기 수업/CB3500572-063 C++프로그래밍과실습(Prof.김태연)/실습 026 - sorting for std_vector/sort.cpp,,18,11,Changes
2023-03-09T23:10:51.102+09:00,nozerose,KeyEvent,50:50:0,_026___sorting_for_std_vector,Editor,/Users/nozerose/Desktop/2023학년도 1학기 수업/CB3500572-063 C++프로그래밍과실습(Prof.김태연)/실습 026 - sorting for std_vector/sort.cpp,,18,11,Changes
2023-03-09T23:10:51.351+09:00,nozerose,KeyEvent,32:32:0,_026___sorting_for_std_vector,Editor,/Users/nozerose/Desktop/2023학년도 1학기 수업/CB3500572-063 C++프로그래밍과실습(Prof.김태연)/실습 026 - sorting for std_vector/sort.cpp,,18,11,Changes
2023-03-09T23:10:51.501+09:00,nozerose,KeyEvent,49:49:0,_026___sorting_for_std_vector,Editor,/Users/nozerose/Desktop/2023학년도 1학기 수업/CB3500572-063 C++프로그래밍과실습(Prof.김태연)/실습 026 - sorting for std_vector/sort.cpp,,18,11,Changes
2023-03-09T23:10:51.685+09:00,nozerose,KeyEvent,10:10:0,_026___sorting_for_std_vector,Editor,/Users/nozerose/Desktop/2023학년도 1학기 수업/CB3500572-063 C++프로그래밍과실습(Prof.김태연)/실습 026 - sorting for std_vector/sort.cpp,,18,11,Changes
2023-03-09T23:10:57.075+09:00,nozerose,Action,Start/Stop Activity Tracking,,,,,-1,-1,
