2023-03-14T17:15:06.789+09:00,nozerose,Action,EditorEnter,_031___if_,Editor,/Users/nozerose/Desktop/2023학년도 1학기 수업/CB3500572-063 C++프로그래밍과실습(Prof.김태연)/실습/실습 031 - if 문/main.cpp,,0,19,Changes
2023-03-14T17:15:06.833+09:00,nozerose,KeyEvent,10:10:0,_031___if_,Editor,/Users/nozerose/Desktop/2023학년도 1학기 수업/CB3500572-063 C++프로그래밍과실습(Prof.김태연)/실습/실습 031 - if 문/main.cpp,,1,0,Changes
2023-03-14T17:15:07.108+09:00,nozerose,KeyEvent,12629:85:0,_031___if_,Editor,/Users/nozerose/Desktop/2023학년도 1학기 수업/CB3500572-063 C++프로그래밍과실습(Prof.김태연)/실습/실습 031 - if 문/main.cpp,,1,0,Changes
2023-03-14T17:15:07.946+09:00,nozerose,Action,EditorBackSpace,_031___if_,Editor,/Users/nozerose/Desktop/2023학년도 1학기 수업/CB3500572-063 C++프로그래밍과실습(Prof.김태연)/실습/실습 031 - if 문/main.cpp,,1,2,Changes
2023-03-14T17:15:07.953+09:00,nozerose,KeyEvent,8:8:0,_031___if_,Editor,/Users/nozerose/Desktop/2023학년도 1학기 수업/CB3500572-063 C++프로그래밍과실습(Prof.김태연)/실습/실습 031 - if 문/main.cpp,,1,1,Changes
2023-03-14T17:15:08.128+09:00,nozerose,Action,EditorBackSpace,_031___if_,Editor,/Users/nozerose/Desktop/2023학년도 1학기 수업/CB3500572-063 C++프로그래밍과실습(Prof.김태연)/실습/실습 031 - if 문/main.cpp,,1,1,Changes
2023-03-14T17:15:08.132+09:00,nozerose,KeyEvent,8:8:0,_031___if_,Editor,/Users/nozerose/Desktop/2023학년도 1학기 수업/CB3500572-063 C++프로그래밍과실습(Prof.김태연)/실습/실습 031 - if 문/main.cpp,,1,0,Changes
2023-03-14T17:15:08.359+09:00,nozerose,KeyEvent,65535:20:0,_031___if_,Editor,/Users/nozerose/Desktop/2023학년도 1학기 수업/CB3500572-063 C++프로그래밍과실습(Prof.김태연)/실습/실습 031 - if 문/main.cpp,,1,0,Changes
2023-03-14T17:15:08.397+09:00,nozerose,KeyEvent,65535:0:0,_031___if_,Editor,/Users/nozerose/Desktop/2023학년도 1학기 수업/CB3500572-063 C++프로그래밍과실습(Prof.김태연)/실습/실습 031 - if 문/main.cpp,,1,0,Changes
2023-03-14T17:15:08.572+09:00,nozerose,KeyEvent,117:85:0,_031___if_,Editor,/Users/nozerose/Desktop/2023학년도 1학기 수업/CB3500572-063 C++프로그래밍과실습(Prof.김태연)/실습/실습 031 - if 문/main.cpp,,1,0,Changes
2023-03-14T17:15:08.916+09:00,nozerose,KeyEvent,115:83:0,_031___if_,Editor,/Users/nozerose/Desktop/2023학년도 1학기 수업/CB3500572-063 C++프로그래밍과실습(Prof.김태연)/실습/실습 031 - if 문/main.cpp,,1,1,Changes
2023-03-14T17:15:08.980+09:00,nozerose,KeyEvent,105:73:0,_031___if_,Editor,/Users/nozerose/Desktop/2023학년도 1학기 수업/CB3500572-063 C++프로그래밍과실습(Prof.김태연)/실습/실습 031 - if 문/main.cpp,,1,2,Changes
2023-03-14T17:15:09.108+09:00,nozerose,KeyEvent,110:78:0,_031___if_,Editor,/Users/nozerose/Desktop/2023학년도 1학기 수업/CB3500572-063 C++프로그래밍과실습(Prof.김태연)/실습/실습 031 - if 문/main.cpp,,1,3,Changes
2023-03-14T17:15:09.229+09:00,nozerose,KeyEvent,103:71:0,_031___if_,Editor,/Users/nozerose/Desktop/2023학년도 1학기 수업/CB3500572-063 C++프로그래밍과실습(Prof.김태연)/실습/실습 031 - if 문/main.cpp,,1,4,Changes
2023-03-14T17:15:09.382+09:00,nozerose,KeyEvent,32:32:0,_031___if_,Editor,/Users/nozerose/Desktop/2023학년도 1학기 수업/CB3500572-063 C++프로그래밍과실습(Prof.김태연)/실습/실습 031 - if 문/main.cpp,,1,5,Changes
2023-03-14T17:15:09.569+09:00,nozerose,KeyEvent,110:78:0,_031___if_,Editor,/Users/nozerose/Desktop/2023학년도 1학기 수업/CB3500572-063 C++프로그래밍과실습(Prof.김태연)/실습/실습 031 - if 문/main.cpp,,1,6,Changes
2023-03-14T17:15:09.701+09:00,nozerose,KeyEvent,97:65:0,_031___if_,Editor,/Users/nozerose/Desktop/2023학년도 1학기 수업/CB3500572-063 C++프로그래밍과실습(Prof.김태연)/실습/실습 031 - if 문/main.cpp,,1,7,Changes
2023-03-14T17:15:09.802+09:00,nozerose,KeyEvent,109:77:0,_031___if_,Editor,/Users/nozerose/Desktop/2023학년도 1학기 수업/CB3500572-063 C++프로그래밍과실습(Prof.김태연)/실습/실습 031 - if 문/main.cpp,,1,8,Changes
2023-03-14T17:15:09.948+09:00,nozerose,KeyEvent,101:69:0,_031___if_,Editor,/Users/nozerose/Desktop/2023학년도 1학기 수업/CB3500572-063 C++프로그래밍과실습(Prof.김태연)/실습/실습 031 - if 문/main.cpp,,1,9,Changes
2023-03-14T17:15:10.135+09:00,nozerose,KeyEvent,115:83:0,_031___if_,Editor,/Users/nozerose/Desktop/2023학년도 1학기 수업/CB3500572-063 C++프로그래밍과실습(Prof.김태연)/실습/실습 031 - if 문/main.cpp,,1,10,Changes
2023-03-14T17:15:10.284+09:00,nozerose,KeyEvent,112:80:0,_031___if_,Editor,/Users/nozerose/Desktop/2023학년도 1학기 수업/CB3500572-063 C++프로그래밍과실습(Prof.김태연)/실습/실습 031 - if 문/main.cpp,,1,11,Changes
2023-03-14T17:15:10.352+09:00,nozerose,KeyEvent,97:65:0,_031___if_,Editor,/Users/nozerose/Desktop/2023학년도 1학기 수업/CB3500572-063 C++프로그래밍과실습(Prof.김태연)/실습/실습 031 - if 문/main.cpp,,1,12,Changes
2023-03-14T17:15:10.482+09:00,nozerose,KeyEvent,99:67:0,_031___if_,Editor,/Users/nozerose/Desktop/2023학년도 1학기 수업/CB3500572-063 C++프로그래밍과실습(Prof.김태연)/실습/실습 031 - if 문/main.cpp,,1,13,Changes
2023-03-14T17:15:10.669+09:00,nozerose,KeyEvent,101:69:0,_031___if_,Editor,/Users/nozerose/Desktop/2023학년도 1학기 수업/CB3500572-063 C++프로그래밍과실습(Prof.김태연)/실습/실습 031 - if 문/main.cpp,,1,14,Changes
2023-03-14T17:15:10.805+09:00,nozerose,KeyEvent,32:32:0,_031___if_,Editor,/Users/nozerose/Desktop/2023학년도 1학기 수업/CB3500572-063 C++프로그래밍과실습(Prof.김태연)/실습/실습 031 - if 문/main.cpp,,1,15,Changes
2023-03-14T17:15:10.956+09:00,nozerose,KeyEvent,115:83:0,_031___if_,Editor,/Users/nozerose/Desktop/2023학년도 1학기 수업/CB3500572-063 C++프로그래밍과실습(Prof.김태연)/실습/실습 031 - if 문/main.cpp,,1,16,Changes
2023-03-14T17:15:11.415+09:00,nozerose,KeyEvent,116:84:0,_031___if_,Editor,/Users/nozerose/Desktop/2023학년도 1학기 수업/CB3500572-063 C++프로그래밍과실습(Prof.김태연)/실습/실습 031 - if 문/main.cpp,,1,17,Changes
2023-03-14T17:15:11.589+09:00,nozerose,KeyEvent,100:68:0,_031___if_,Editor,/Users/nozerose/Desktop/2023학년도 1학기 수업/CB3500572-063 C++프로그래밍과실습(Prof.김태연)/실습/실습 031 - if 문/main.cpp,,1,18,Changes
2023-03-14T17:15:11.705+09:00,nozerose,KeyEvent,59:59:0,_031___if_,Editor,/Users/nozerose/Desktop/2023학년도 1학기 수업/CB3500572-063 C++프로그래밍과실습(Prof.김태연)/실습/실습 031 - if 문/main.cpp,,1,19,Changes
2023-03-14T17:15:15.364+09:00,nozerose,Action,EditorBackSpace,_031___if_,Editor,/Users/nozerose/Desktop/2023학년도 1학기 수업/CB3500572-063 C++프로그래밍과실습(Prof.김태연)/실습/실습 031 - if 문/main.cpp,,4,2,Changes
2023-03-14T17:15:15.368+09:00,nozerose,KeyEvent,8:8:0,_031___if_,Editor,/Users/nozerose/Desktop/2023학년도 1학기 수업/CB3500572-063 C++프로그래밍과실습(Prof.김태연)/실습/실습 031 - if 문/main.cpp,,4,2,Changes
2023-03-14T17:15:15.741+09:00,nozerose,Action,EditorEnter,_031___if_,Editor,/Users/nozerose/Desktop/2023학년도 1학기 수업/CB3500572-063 C++프로그래밍과실습(Prof.김태연)/실습/실습 031 - if 문/main.cpp,,4,2,Changes
2023-03-14T17:15:15.761+09:00,nozerose,KeyEvent,10:10:0,_031___if_,Editor,/Users/nozerose/Desktop/2023학년도 1학기 수업/CB3500572-063 C++프로그래밍과실습(Prof.김태연)/실습/실습 031 - if 문/main.cpp,,5,2,Changes
2023-03-14T17:15:15.999+09:00,nozerose,Action,EditorEnter,_031___if_,Editor,/Users/nozerose/Desktop/2023학년도 1학기 수업/CB3500572-063 C++프로그래밍과실습(Prof.김태연)/실습/실습 031 - if 문/main.cpp,,5,2,Changes
2023-03-14T17:15:16.003+09:00,nozerose,KeyEvent,10:10:0,_031___if_,Editor,/Users/nozerose/Desktop/2023학년도 1학기 수업/CB3500572-063 C++프로그래밍과실습(Prof.김태연)/실습/실습 031 - if 문/main.cpp,,6,2,Changes
2023-03-14T17:15:16.166+09:00,nozerose,Action,EditorEnter,_031___if_,Editor,/Users/nozerose/Desktop/2023학년도 1학기 수업/CB3500572-063 C++프로그래밍과실습(Prof.김태연)/실습/실습 031 - if 문/main.cpp,,6,2,Changes
2023-03-14T17:15:16.169+09:00,nozerose,KeyEvent,10:10:0,_031___if_,Editor,/Users/nozerose/Desktop/2023학년도 1학기 수업/CB3500572-063 C++프로그래밍과실습(Prof.김태연)/실습/실습 031 - if 문/main.cpp,,7,2,Changes
2023-03-14T17:15:17.237+09:00,nozerose,Action,EditorUp,_031___if_,Editor,/Users/nozerose/Desktop/2023학년도 1학기 수업/CB3500572-063 C++프로그래밍과실습(Prof.김태연)/실습/실습 031 - if 문/main.cpp,,7,2,Changes
2023-03-14T17:15:17.242+09:00,nozerose,KeyEvent,65535:38:0,_031___if_,Editor,/Users/nozerose/Desktop/2023학년도 1학기 수업/CB3500572-063 C++프로그래밍과실습(Prof.김태연)/실습/실습 031 - if 문/main.cpp,,6,2,Changes
2023-03-14T17:15:17.398+09:00,nozerose,Action,EditorUp,_031___if_,Editor,/Users/nozerose/Desktop/2023학년도 1학기 수업/CB3500572-063 C++프로그래밍과실습(Prof.김태연)/실습/실습 031 - if 문/main.cpp,,6,2,Changes
2023-03-14T17:15:17.401+09:00,nozerose,KeyEvent,65535:38:0,_031___if_,Editor,/Users/nozerose/Desktop/2023학년도 1학기 수업/CB3500572-063 C++프로그래밍과실습(Prof.김태연)/실습/실습 031 - if 문/main.cpp,,5,2,Changes
2023-03-14T17:15:17.542+09:00,nozerose,Action,EditorUp,_031___if_,Editor,/Users/nozerose/Desktop/2023학년도 1학기 수업/CB3500572-063 C++프로그래밍과실습(Prof.김태연)/실습/실습 031 - if 문/main.cpp,,5,2,Changes
2023-03-14T17:15:17.543+09:00,nozerose,KeyEvent,65535:38:0,_031___if_,Editor,/Users/nozerose/Desktop/2023학년도 1학기 수업/CB3500572-063 C++프로그래밍과실습(Prof.김태연)/실습/실습 031 - if 문/main.cpp,,4,2,Changes
2023-03-14T17:15:18.110+09:00,nozerose,Action,EditorDown,_031___if_,Editor,/Users/nozerose/Desktop/2023학년도 1학기 수업/CB3500572-063 C++프로그래밍과실습(Prof.김태연)/실습/실습 031 - if 문/main.cpp,,4,2,Changes
2023-03-14T17:15:18.113+09:00,nozerose,KeyEvent,65535:40:0,_031___if_,Editor,/Users/nozerose/Desktop/2023학년도 1학기 수업/CB3500572-063 C++프로그래밍과실습(Prof.김태연)/실습/실습 031 - if 문/main.cpp,,5,2,Changes
2023-03-14T17:15:20.819+09:00,nozerose,KeyEvent,99:67:0,_031___if_,Editor,/Users/nozerose/Desktop/2023학년도 1학기 수업/CB3500572-063 C++프로그래밍과실습(Prof.김태연)/실습/실습 031 - if 문/main.cpp,,5,2,Changes
2023-03-14T17:15:20.954+09:00,nozerose,KeyEvent,105:73:0,_031___if_,Editor,/Users/nozerose/Desktop/2023학년도 1학기 수업/CB3500572-063 C++프로그래밍과실습(Prof.김태연)/실습/실습 031 - if 문/main.cpp,,5,3,Changes
2023-03-14T17:15:21.057+09:00,nozerose,KeyEvent,110:78:0,_031___if_,Editor,/Users/nozerose/Desktop/2023학년도 1학기 수업/CB3500572-063 C++프로그래밍과실습(Prof.김태연)/실습/실습 031 - if 문/main.cpp,,5,4,Changes
2023-03-14T17:15:21.360+09:00,nozerose,Action,EditorBackSpace,_031___if_,Editor,/Users/nozerose/Desktop/2023학년도 1학기 수업/CB3500572-063 C++프로그래밍과실습(Prof.김태연)/실습/실습 031 - if 문/main.cpp,,5,5,Changes
2023-03-14T17:15:21.364+09:00,nozerose,KeyEvent,8:8:0,_031___if_,Editor,/Users/nozerose/Desktop/2023학년도 1학기 수업/CB3500572-063 C++프로그래밍과실습(Prof.김태연)/실습/실습 031 - if 문/main.cpp,,5,4,Changes
2023-03-14T17:15:21.493+09:00,nozerose,Action,EditorBackSpace,_031___if_,Editor,/Users/nozerose/Desktop/2023학년도 1학기 수업/CB3500572-063 C++프로그래밍과실습(Prof.김태연)/실습/실습 031 - if 문/main.cpp,,5,4,Changes
2023-03-14T17:15:21.503+09:00,nozerose,KeyEvent,8:8:0,_031___if_,Editor,/Users/nozerose/Desktop/2023학년도 1학기 수업/CB3500572-063 C++프로그래밍과실습(Prof.김태연)/실습/실습 031 - if 문/main.cpp,,5,3,Changes
2023-03-14T17:15:21.700+09:00,nozerose,Action,EditorBackSpace,_031___if_,Editor,/Users/nozerose/Desktop/2023학년도 1학기 수업/CB3500572-063 C++프로그래밍과실습(Prof.김태연)/실습/실습 031 - if 문/main.cpp,,5,3,Changes
2023-03-14T17:15:21.706+09:00,nozerose,KeyEvent,8:8:0,_031___if_,Editor,/Users/nozerose/Desktop/2023학년도 1학기 수업/CB3500572-063 C++프로그래밍과실습(Prof.김태연)/실습/실습 031 - if 문/main.cpp,,5,2,Changes
2023-03-14T17:15:22.003+09:00,nozerose,KeyEvent,105:73:0,_031___if_,Editor,/Users/nozerose/Desktop/2023학년도 1학기 수업/CB3500572-063 C++프로그래밍과실습(Prof.김태연)/실습/실습 031 - if 문/main.cpp,,5,2,Changes
2023-03-14T17:15:22.142+09:00,nozerose,KeyEvent,110:78:0,_031___if_,Editor,/Users/nozerose/Desktop/2023학년도 1학기 수업/CB3500572-063 C++프로그래밍과실습(Prof.김태연)/실습/실습 031 - if 문/main.cpp,,5,3,Changes
2023-03-14T17:15:22.222+09:00,nozerose,KeyEvent,116:84:0,_031___if_,Editor,/Users/nozerose/Desktop/2023학년도 1학기 수업/CB3500572-063 C++프로그래밍과실습(Prof.김태연)/실습/실습 031 - if 문/main.cpp,,5,4,Changes
2023-03-14T17:15:22.425+09:00,nozerose,KeyEvent,32:32:0,_031___if_,Editor,/Users/nozerose/Desktop/2023학년도 1학기 수업/CB3500572-063 C++프로그래밍과실습(Prof.김태연)/실습/실습 031 - if 문/main.cpp,,5,5,Changes
2023-03-14T17:15:23.092+09:00,nozerose,KeyEvent,103:71:0,_031___if_,Editor,/Users/nozerose/Desktop/2023학년도 1학기 수업/CB3500572-063 C++프로그래밍과실습(Prof.김태연)/실습/실습 031 - if 문/main.cpp,,5,6,Changes
2023-03-14T17:15:23.257+09:00,nozerose,KeyEvent,114:82:0,_031___if_,Editor,/Users/nozerose/Desktop/2023학년도 1학기 수업/CB3500572-063 C++프로그래밍과실습(Prof.김태연)/실습/실습 031 - if 문/main.cpp,,5,7,Changes
2023-03-14T17:15:23.384+09:00,nozerose,KeyEvent,97:65:0,_031___if_,Editor,/Users/nozerose/Desktop/2023학년도 1학기 수업/CB3500572-063 C++프로그래밍과실습(Prof.김태연)/실습/실습 031 - if 문/main.cpp,,5,8,Changes
2023-03-14T17:15:23.523+09:00,nozerose,KeyEvent,100:68:0,_031___if_,Editor,/Users/nozerose/Desktop/2023학년도 1학기 수업/CB3500572-063 C++프로그래밍과실습(Prof.김태연)/실습/실습 031 - if 문/main.cpp,,5,9,Changes
2023-03-14T17:15:23.674+09:00,nozerose,KeyEvent,101:69:0,_031___if_,Editor,/Users/nozerose/Desktop/2023학년도 1학기 수업/CB3500572-063 C++프로그래밍과실습(Prof.김태연)/실습/실습 031 - if 문/main.cpp,,5,10,Changes
2023-03-14T17:15:24.221+09:00,nozerose,KeyEvent,59:59:0,_031___if_,Editor,/Users/nozerose/Desktop/2023학년도 1학기 수업/CB3500572-063 C++프로그래밍과실습(Prof.김태연)/실습/실습 031 - if 문/main.cpp,,5,11,Changes
2023-03-14T17:15:24.371+09:00,nozerose,Action,EditorEnter,_031___if_,Editor,/Users/nozerose/Desktop/2023학년도 1학기 수업/CB3500572-063 C++프로그래밍과실습(Prof.김태연)/실습/실습 031 - if 문/main.cpp,,5,12,Changes
2023-03-14T17:15:24.375+09:00,nozerose,KeyEvent,10:10:0,_031___if_,Editor,/Users/nozerose/Desktop/2023학년도 1학기 수업/CB3500572-063 C++프로그래밍과실습(Prof.김태연)/실습/실습 031 - if 문/main.cpp,,6,2,Changes
2023-03-14T17:15:24.603+09:00,nozerose,KeyEvent,99:67:0,_031___if_,Editor,/Users/nozerose/Desktop/2023학년도 1학기 수업/CB3500572-063 C++프로그래밍과실습(Prof.김태연)/실습/실습 031 - if 문/main.cpp,,6,2,Changes
2023-03-14T17:15:24.681+09:00,nozerose,KeyEvent,105:73:0,_031___if_,Editor,/Users/nozerose/Desktop/2023학년도 1학기 수업/CB3500572-063 C++프로그래밍과실습(Prof.김태연)/실습/실습 031 - if 문/main.cpp,,6,3,Changes
2023-03-14T17:15:24.783+09:00,nozerose,KeyEvent,110:78:0,_031___if_,Editor,/Users/nozerose/Desktop/2023학년도 1학기 수업/CB3500572-063 C++프로그래밍과실습(Prof.김태연)/실습/실습 031 - if 문/main.cpp,,6,4,Changes
2023-03-14T17:15:24.919+09:00,nozerose,KeyEvent,32:32:0,_031___if_,Editor,/Users/nozerose/Desktop/2023학년도 1학기 수업/CB3500572-063 C++프로그래밍과실습(Prof.김태연)/실습/실습 031 - if 문/main.cpp,,6,5,Changes
2023-03-14T17:15:25.138+09:00,nozerose,KeyEvent,65535:16:1,_031___if_,Editor,/Users/nozerose/Desktop/2023학년도 1학기 수업/CB3500572-063 C++프로그래밍과실습(Prof.김태연)/실습/실습 031 - if 문/main.cpp,,6,6,Changes
2023-03-14T17:15:25.304+09:00,nozerose,KeyEvent,62:46:1,_031___if_,Editor,/Users/nozerose/Desktop/2023학년도 1학기 수업/CB3500572-063 C++프로그래밍과실습(Prof.김태연)/실습/실습 031 - if 문/main.cpp,,6,6,Changes
2023-03-14T17:15:25.412+09:00,nozerose,KeyEvent,62:46:1,_031___if_,Editor,/Users/nozerose/Desktop/2023학년도 1학기 수업/CB3500572-063 C++프로그래밍과실습(Prof.김태연)/실습/실습 031 - if 문/main.cpp,,6,7,Changes
2023-03-14T17:15:25.583+09:00,nozerose,KeyEvent,32:32:0,_031___if_,Editor,/Users/nozerose/Desktop/2023학년도 1학기 수업/CB3500572-063 C++프로그래밍과실습(Prof.김태연)/실습/실습 031 - if 문/main.cpp,,6,8,Changes
2023-03-14T17:15:25.774+09:00,nozerose,KeyEvent,103:71:0,_031___if_,Editor,/Users/nozerose/Desktop/2023학년도 1학기 수업/CB3500572-063 C++프로그래밍과실습(Prof.김태연)/실습/실습 031 - if 문/main.cpp,,6,9,Changes
2023-03-14T17:15:25.927+09:00,nozerose,KeyEvent,114:82:0,_031___if_,Editor,/Users/nozerose/Desktop/2023학년도 1학기 수업/CB3500572-063 C++프로그래밍과실습(Prof.김태연)/실습/실습 031 - if 문/main.cpp,,6,10,Changes
2023-03-14T17:15:26.051+09:00,nozerose,KeyEvent,97:65:0,_031___if_,Editor,/Users/nozerose/Desktop/2023학년도 1학기 수업/CB3500572-063 C++프로그래밍과실습(Prof.김태연)/실습/실습 031 - if 문/main.cpp,,6,11,Changes
2023-03-14T17:15:26.168+09:00,nozerose,KeyEvent,100:68:0,_031___if_,Editor,/Users/nozerose/Desktop/2023학년도 1학기 수업/CB3500572-063 C++프로그래밍과실습(Prof.김태연)/실습/실습 031 - if 문/main.cpp,,6,12,Changes
2023-03-14T17:15:26.346+09:00,nozerose,KeyEvent,101:69:0,_031___if_,Editor,/Users/nozerose/Desktop/2023학년도 1학기 수업/CB3500572-063 C++프로그래밍과실습(Prof.김태연)/실습/실습 031 - if 문/main.cpp,,6,13,Changes
2023-03-14T17:15:26.912+09:00,nozerose,KeyEvent,59:59:0,_031___if_,Editor,/Users/nozerose/Desktop/2023학년도 1학기 수업/CB3500572-063 C++프로그래밍과실습(Prof.김태연)/실습/실습 031 - if 문/main.cpp,,6,14,Changes
2023-03-14T17:15:27.119+09:00,nozerose,Action,EditorEnter,_031___if_,Editor,/Users/nozerose/Desktop/2023학년도 1학기 수업/CB3500572-063 C++프로그래밍과실습(Prof.김태연)/실습/실습 031 - if 문/main.cpp,,6,15,Changes
2023-03-14T17:15:27.129+09:00,nozerose,KeyEvent,10:10:0,_031___if_,Editor,/Users/nozerose/Desktop/2023학년도 1학기 수업/CB3500572-063 C++프로그래밍과실습(Prof.김태연)/실습/실습 031 - if 문/main.cpp,,7,2,Changes
2023-03-14T17:15:27.586+09:00,nozerose,Action,EditorEnter,_031___if_,Editor,/Users/nozerose/Desktop/2023학년도 1학기 수업/CB3500572-063 C++프로그래밍과실습(Prof.김태연)/실습/실습 031 - if 문/main.cpp,,7,2,Changes
2023-03-14T17:15:27.598+09:00,nozerose,KeyEvent,10:10:0,_031___if_,Editor,/Users/nozerose/Desktop/2023학년도 1학기 수업/CB3500572-063 C++프로그래밍과실습(Prof.김태연)/실습/실습 031 - if 문/main.cpp,,8,2,Changes
2023-03-14T17:15:28.061+09:00,nozerose,KeyEvent,105:73:0,_031___if_,Editor,/Users/nozerose/Desktop/2023학년도 1학기 수업/CB3500572-063 C++프로그래밍과실습(Prof.김태연)/실습/실습 031 - if 문/main.cpp,,8,2,Changes
2023-03-14T17:15:28.157+09:00,nozerose,KeyEvent,102:70:0,_031___if_,Editor,/Users/nozerose/Desktop/2023학년도 1학기 수업/CB3500572-063 C++프로그래밍과실습(Prof.김태연)/실습/실습 031 - if 문/main.cpp,,8,3,Changes
2023-03-14T17:15:28.419+09:00,nozerose,KeyEvent,32:32:0,_031___if_,Editor,/Users/nozerose/Desktop/2023학년도 1학기 수업/CB3500572-063 C++프로그래밍과실습(Prof.김태연)/실습/실습 031 - if 문/main.cpp,,8,4,Changes
2023-03-14T17:15:28.761+09:00,nozerose,KeyEvent,65535:16:1,_031___if_,Editor,/Users/nozerose/Desktop/2023학년도 1학기 수업/CB3500572-063 C++프로그래밍과실습(Prof.김태연)/실습/실습 031 - if 문/main.cpp,,8,5,Changes
2023-03-14T17:15:28.961+09:00,nozerose,KeyEvent,40:519:1,_031___if_,Editor,/Users/nozerose/Desktop/2023학년도 1학기 수업/CB3500572-063 C++프로그래밍과실습(Prof.김태연)/실습/실습 031 - if 문/main.cpp,,8,5,Changes
2023-03-14T17:15:29.179+09:00,nozerose,KeyEvent,103:71:0,_031___if_,Editor,/Users/nozerose/Desktop/2023학년도 1학기 수업/CB3500572-063 C++프로그래밍과실습(Prof.김태연)/실습/실습 031 - if 문/main.cpp,,8,6,Changes
2023-03-14T17:15:29.362+09:00,nozerose,KeyEvent,114:82:0,_031___if_,Editor,/Users/nozerose/Desktop/2023학년도 1학기 수업/CB3500572-063 C++프로그래밍과실습(Prof.김태연)/실습/실습 031 - if 문/main.cpp,,8,7,Changes
2023-03-14T17:15:29.502+09:00,nozerose,KeyEvent,97:65:0,_031___if_,Editor,/Users/nozerose/Desktop/2023학년도 1학기 수업/CB3500572-063 C++프로그래밍과실습(Prof.김태연)/실습/실습 031 - if 문/main.cpp,,8,8,Changes
2023-03-14T17:15:29.612+09:00,nozerose,KeyEvent,100:68:0,_031___if_,Editor,/Users/nozerose/Desktop/2023학년도 1학기 수업/CB3500572-063 C++프로그래밍과실습(Prof.김태연)/실습/실습 031 - if 문/main.cpp,,8,9,Changes
2023-03-14T17:15:29.788+09:00,nozerose,KeyEvent,101:69:0,_031___if_,Editor,/Users/nozerose/Desktop/2023학년도 1학기 수업/CB3500572-063 C++프로그래밍과실습(Prof.김태연)/실습/실습 031 - if 문/main.cpp,,8,10,Changes
2023-03-14T17:15:35.106+09:00,nozerose,KeyEvent,32:32:0,_031___if_,Editor,/Users/nozerose/Desktop/2023학년도 1학기 수업/CB3500572-063 C++프로그래밍과실습(Prof.김태연)/실습/실습 031 - if 문/main.cpp,,8,11,Changes
2023-03-14T17:15:36.020+09:00,nozerose,KeyEvent,65535:16:1,_031___if_,Editor,/Users/nozerose/Desktop/2023학년도 1학기 수업/CB3500572-063 C++프로그래밍과실습(Prof.김태연)/실습/실습 031 - if 문/main.cpp,,8,12,Changes
2023-03-14T17:15:36.783+09:00,nozerose,KeyEvent,62:46:1,_031___if_,Editor,/Users/nozerose/Desktop/2023학년도 1학기 수업/CB3500572-063 C++프로그래밍과실습(Prof.김태연)/실습/실습 031 - if 문/main.cpp,,8,12,Changes
2023-03-14T17:15:37.505+09:00,nozerose,KeyEvent,61:61:0,_031___if_,Editor,/Users/nozerose/Desktop/2023학년도 1학기 수업/CB3500572-063 C++프로그래밍과실습(Prof.김태연)/실습/실습 031 - if 문/main.cpp,,8,13,Changes
2023-03-14T17:15:37.753+09:00,nozerose,KeyEvent,32:32:0,_031___if_,Editor,/Users/nozerose/Desktop/2023학년도 1학기 수업/CB3500572-063 C++프로그래밍과실습(Prof.김태연)/실습/실습 031 - if 문/main.cpp,,8,14,Changes
2023-03-14T17:15:37.949+09:00,nozerose,KeyEvent,57:57:0,_031___if_,Editor,/Users/nozerose/Desktop/2023학년도 1학기 수업/CB3500572-063 C++프로그래밍과실습(Prof.김태연)/실습/실습 031 - if 문/main.cpp,,8,15,Changes
2023-03-14T17:15:38.085+09:00,nozerose,KeyEvent,48:48:0,_031___if_,Editor,/Users/nozerose/Desktop/2023학년도 1학기 수업/CB3500572-063 C++프로그래밍과실습(Prof.김태연)/실습/실습 031 - if 문/main.cpp,,8,16,Changes
2023-03-14T17:15:38.671+09:00,nozerose,Action,EditorRight,_031___if_,Editor,/Users/nozerose/Desktop/2023학년도 1학기 수업/CB3500572-063 C++프로그래밍과실습(Prof.김태연)/실습/실습 031 - if 문/main.cpp,,8,17,Changes
2023-03-14T17:15:38.672+09:00,nozerose,KeyEvent,65535:39:0,_031___if_,Editor,/Users/nozerose/Desktop/2023학년도 1학기 수업/CB3500572-063 C++프로그래밍과실습(Prof.김태연)/실습/실습 031 - if 문/main.cpp,,8,18,Changes
2023-03-14T17:15:38.954+09:00,nozerose,Action,EditorEnter,_031___if_,Editor,/Users/nozerose/Desktop/2023학년도 1학기 수업/CB3500572-063 C++프로그래밍과실습(Prof.김태연)/실습/실습 031 - if 문/main.cpp,,8,18,Changes
2023-03-14T17:15:38.965+09:00,nozerose,KeyEvent,10:10:0,_031___if_,Editor,/Users/nozerose/Desktop/2023학년도 1학기 수업/CB3500572-063 C++프로그래밍과실습(Prof.김태연)/실습/실습 031 - if 문/main.cpp,,9,4,Changes
2023-03-14T17:15:40.000+09:00,nozerose,KeyEvent,99:67:0,_031___if_,Editor,/Users/nozerose/Desktop/2023학년도 1학기 수업/CB3500572-063 C++프로그래밍과실습(Prof.김태연)/실습/실습 031 - if 문/main.cpp,,9,4,Changes
2023-03-14T17:15:40.124+09:00,nozerose,KeyEvent,111:79:0,_031___if_,Editor,/Users/nozerose/Desktop/2023학년도 1학기 수업/CB3500572-063 C++프로그래밍과실습(Prof.김태연)/실습/실습 031 - if 문/main.cpp,,9,5,Changes
2023-03-14T17:15:40.258+09:00,nozerose,KeyEvent,117:85:0,_031___if_,Editor,/Users/nozerose/Desktop/2023학년도 1학기 수업/CB3500572-063 C++프로그래밍과실습(Prof.김태연)/실습/실습 031 - if 문/main.cpp,,9,6,Changes
2023-03-14T17:15:40.371+09:00,nozerose,KeyEvent,116:84:0,_031___if_,Editor,/Users/nozerose/Desktop/2023학년도 1학기 수업/CB3500572-063 C++프로그래밍과실습(Prof.김태연)/실습/실습 031 - if 문/main.cpp,,9,7,Changes
2023-03-14T17:15:40.533+09:00,nozerose,KeyEvent,32:32:0,_031___if_,Editor,/Users/nozerose/Desktop/2023학년도 1학기 수업/CB3500572-063 C++프로그래밍과실습(Prof.김태연)/실습/실습 031 - if 문/main.cpp,,9,8,Changes
2023-03-14T17:15:40.710+09:00,nozerose,KeyEvent,65535:16:1,_031___if_,Editor,/Users/nozerose/Desktop/2023학년도 1학기 수업/CB3500572-063 C++프로그래밍과실습(Prof.김태연)/실습/실습 031 - if 문/main.cpp,,9,9,Changes
2023-03-14T17:15:40.917+09:00,nozerose,KeyEvent,60:153:1,_031___if_,Editor,/Users/nozerose/Desktop/2023학년도 1학기 수업/CB3500572-063 C++프로그래밍과실습(Prof.김태연)/실습/실습 031 - if 문/main.cpp,,9,9,Changes
2023-03-14T17:15:41.046+09:00,nozerose,KeyEvent,60:153:1,_031___if_,Editor,/Users/nozerose/Desktop/2023학년도 1학기 수업/CB3500572-063 C++프로그래밍과실습(Prof.김태연)/실습/실습 031 - if 문/main.cpp,,9,10,Changes
2023-03-14T17:15:41.371+09:00,nozerose,KeyEvent,32:32:0,_031___if_,Editor,/Users/nozerose/Desktop/2023학년도 1학기 수업/CB3500572-063 C++프로그래밍과실습(Prof.김태연)/실습/실습 031 - if 문/main.cpp,,9,11,Changes
2023-03-14T17:15:42.125+09:00,nozerose,KeyEvent,65535:16:1,_031___if_,Editor,/Users/nozerose/Desktop/2023학년도 1학기 수업/CB3500572-063 C++프로그래밍과실습(Prof.김태연)/실습/실습 031 - if 문/main.cpp,,9,12,Changes
2023-03-14T17:15:42.299+09:00,nozerose,KeyEvent,34:152:1,_031___if_,Editor,/Users/nozerose/Desktop/2023학년도 1학기 수업/CB3500572-063 C++프로그래밍과실습(Prof.김태연)/실습/실습 031 - if 문/main.cpp,,9,12,Changes
2023-03-14T17:15:42.532+09:00,nozerose,KeyEvent,65535:16:1,_031___if_,Editor,/Users/nozerose/Desktop/2023학년도 1학기 수업/CB3500572-063 C++프로그래밍과실습(Prof.김태연)/실습/실습 031 - if 문/main.cpp,,9,13,Changes
2023-03-14T17:15:42.581+09:00,nozerose,KeyEvent,65:65:1,_031___if_,Editor,/Users/nozerose/Desktop/2023학년도 1학기 수업/CB3500572-063 C++프로그래밍과실습(Prof.김태연)/실습/실습 031 - if 문/main.cpp,,9,13,Changes
2023-03-14T17:15:43.235+09:00,nozerose,Action,EditorRight,_031___if_,Editor,/Users/nozerose/Desktop/2023학년도 1학기 수업/CB3500572-063 C++프로그래밍과실습(Prof.김태연)/실습/실습 031 - if 문/main.cpp,,9,14,Changes
2023-03-14T17:15:43.236+09:00,nozerose,KeyEvent,65535:39:0,_031___if_,Editor,/Users/nozerose/Desktop/2023학년도 1학기 수업/CB3500572-063 C++프로그래밍과실습(Prof.김태연)/실습/실습 031 - if 문/main.cpp,,9,15,Changes
2023-03-14T17:15:44.096+09:00,nozerose,KeyEvent,59:59:0,_031___if_,Editor,/Users/nozerose/Desktop/2023학년도 1학기 수업/CB3500572-063 C++프로그래밍과실습(Prof.김태연)/실습/실습 031 - if 문/main.cpp,,9,15,Changes
2023-03-14T17:15:44.327+09:00,nozerose,Action,EditorEnter,_031___if_,Editor,/Users/nozerose/Desktop/2023학년도 1학기 수업/CB3500572-063 C++프로그래밍과실습(Prof.김태연)/실습/실습 031 - if 문/main.cpp,,9,16,Changes
2023-03-14T17:15:44.336+09:00,nozerose,KeyEvent,10:10:0,_031___if_,Editor,/Users/nozerose/Desktop/2023학년도 1학기 수업/CB3500572-063 C++프로그래밍과실습(Prof.김태연)/실습/실습 031 - if 문/main.cpp,,10,2,Changes
2023-03-14T17:15:45.204+09:00,nozerose,KeyEvent,101:69:0,_031___if_,Editor,/Users/nozerose/Desktop/2023학년도 1학기 수업/CB3500572-063 C++프로그래밍과실습(Prof.김태연)/실습/실습 031 - if 문/main.cpp,,10,2,Changes
2023-03-14T17:15:45.308+09:00,nozerose,KeyEvent,108:76:0,_031___if_,Editor,/Users/nozerose/Desktop/2023학년도 1학기 수업/CB3500572-063 C++프로그래밍과실습(Prof.김태연)/실습/실습 031 - if 문/main.cpp,,10,3,Changes
2023-03-14T17:15:45.754+09:00,nozerose,KeyEvent,115:83:0,_031___if_,Editor,/Users/nozerose/Desktop/2023학년도 1학기 수업/CB3500572-063 C++프로그래밍과실습(Prof.김태연)/실습/실습 031 - if 문/main.cpp,,10,4,Changes
2023-03-14T17:15:45.928+09:00,nozerose,KeyEvent,101:69:0,_031___if_,Editor,/Users/nozerose/Desktop/2023학년도 1학기 수업/CB3500572-063 C++프로그래밍과실습(Prof.김태연)/실습/실습 031 - if 문/main.cpp,,10,5,Changes
2023-03-14T17:15:46.069+09:00,nozerose,KeyEvent,32:32:0,_031___if_,Editor,/Users/nozerose/Desktop/2023학년도 1학기 수업/CB3500572-063 C++프로그래밍과실습(Prof.김태연)/실습/실습 031 - if 문/main.cpp,,10,6,Changes
2023-03-14T17:15:46.230+09:00,nozerose,KeyEvent,105:73:0,_031___if_,Editor,/Users/nozerose/Desktop/2023학년도 1학기 수업/CB3500572-063 C++프로그래밍과실습(Prof.김태연)/실습/실습 031 - if 문/main.cpp,,10,7,Changes
2023-03-14T17:15:46.322+09:00,nozerose,KeyEvent,102:70:0,_031___if_,Editor,/Users/nozerose/Desktop/2023학년도 1학기 수업/CB3500572-063 C++프로그래밍과실습(Prof.김태연)/실습/실습 031 - if 문/main.cpp,,10,8,Changes
2023-03-14T17:15:46.607+09:00,nozerose,KeyEvent,32:32:0,_031___if_,Editor,/Users/nozerose/Desktop/2023학년도 1학기 수업/CB3500572-063 C++프로그래밍과실습(Prof.김태연)/실습/실습 031 - if 문/main.cpp,,10,9,Changes
2023-03-14T17:15:46.795+09:00,nozerose,KeyEvent,65535:16:1,_031___if_,Editor,/Users/nozerose/Desktop/2023학년도 1학기 수업/CB3500572-063 C++프로그래밍과실습(Prof.김태연)/실습/실습 031 - if 문/main.cpp,,10,10,Changes
2023-03-14T17:15:46.999+09:00,nozerose,KeyEvent,40:519:1,_031___if_,Editor,/Users/nozerose/Desktop/2023학년도 1학기 수업/CB3500572-063 C++프로그래밍과실습(Prof.김태연)/실습/실습 031 - if 문/main.cpp,,10,10,Changes
2023-03-14T17:15:47.265+09:00,nozerose,KeyEvent,103:71:0,_031___if_,Editor,/Users/nozerose/Desktop/2023학년도 1학기 수업/CB3500572-063 C++프로그래밍과실습(Prof.김태연)/실습/실습 031 - if 문/main.cpp,,10,11,Changes
2023-03-14T17:15:47.440+09:00,nozerose,KeyEvent,114:82:0,_031___if_,Editor,/Users/nozerose/Desktop/2023학년도 1학기 수업/CB3500572-063 C++프로그래밍과실습(Prof.김태연)/실습/실습 031 - if 문/main.cpp,,10,12,Changes
2023-03-14T17:15:47.593+09:00,nozerose,KeyEvent,97:65:0,_031___if_,Editor,/Users/nozerose/Desktop/2023학년도 1학기 수업/CB3500572-063 C++프로그래밍과실습(Prof.김태연)/실습/실습 031 - if 문/main.cpp,,10,13,Changes
2023-03-14T17:15:47.668+09:00,nozerose,KeyEvent,101:69:0,_031___if_,Editor,/Users/nozerose/Desktop/2023학년도 1학기 수업/CB3500572-063 C++프로그래밍과실습(Prof.김태연)/실습/실습 031 - if 문/main.cpp,,10,14,Changes
2023-03-14T17:15:48.161+09:00,nozerose,Action,EditorBackSpace,_031___if_,Editor,/Users/nozerose/Desktop/2023학년도 1학기 수업/CB3500572-063 C++프로그래밍과실습(Prof.김태연)/실습/실습 031 - if 문/main.cpp,,10,15,Changes
2023-03-14T17:15:48.174+09:00,nozerose,KeyEvent,8:8:0,_031___if_,Editor,/Users/nozerose/Desktop/2023학년도 1학기 수업/CB3500572-063 C++프로그래밍과실습(Prof.김태연)/실습/실습 031 - if 문/main.cpp,,10,14,Changes
2023-03-14T17:15:48.487+09:00,nozerose,KeyEvent,100:68:0,_031___if_,Editor,/Users/nozerose/Desktop/2023학년도 1학기 수업/CB3500572-063 C++프로그래밍과실습(Prof.김태연)/실습/실습 031 - if 문/main.cpp,,10,14,Changes
2023-03-14T17:15:48.645+09:00,nozerose,KeyEvent,101:69:0,_031___if_,Editor,/Users/nozerose/Desktop/2023학년도 1학기 수업/CB3500572-063 C++프로그래밍과실습(Prof.김태연)/실습/실습 031 - if 문/main.cpp,,10,15,Changes
2023-03-14T17:15:48.901+09:00,nozerose,KeyEvent,32:32:0,_031___if_,Editor,/Users/nozerose/Desktop/2023학년도 1학기 수업/CB3500572-063 C++프로그래밍과실습(Prof.김태연)/실습/실습 031 - if 문/main.cpp,,10,16,Changes
2023-03-14T17:15:49.519+09:00,nozerose,KeyEvent,65535:16:1,_031___if_,Editor,/Users/nozerose/Desktop/2023학년도 1학기 수업/CB3500572-063 C++프로그래밍과실습(Prof.김태연)/실습/실습 031 - if 문/main.cpp,,10,17,Changes
2023-03-14T17:15:49.762+09:00,nozerose,KeyEvent,62:46:1,_031___if_,Editor,/Users/nozerose/Desktop/2023학년도 1학기 수업/CB3500572-063 C++프로그래밍과실습(Prof.김태연)/실습/실습 031 - if 문/main.cpp,,10,17,Changes
2023-03-14T17:15:50.162+09:00,nozerose,KeyEvent,45:45:0,_031___if_,Editor,/Users/nozerose/Desktop/2023학년도 1학기 수업/CB3500572-063 C++프로그래밍과실습(Prof.김태연)/실습/실습 031 - if 문/main.cpp,,10,18,Changes
2023-03-14T17:15:50.671+09:00,nozerose,Action,EditorBackSpace,_031___if_,Editor,/Users/nozerose/Desktop/2023학년도 1학기 수업/CB3500572-063 C++프로그래밍과실습(Prof.김태연)/실습/실습 031 - if 문/main.cpp,,10,19,Changes
2023-03-14T17:15:50.685+09:00,nozerose,KeyEvent,8:8:0,_031___if_,Editor,/Users/nozerose/Desktop/2023학년도 1학기 수업/CB3500572-063 C++프로그래밍과실습(Prof.김태연)/실습/실습 031 - if 문/main.cpp,,10,18,Changes
2023-03-14T17:15:51.155+09:00,nozerose,KeyEvent,61:61:0,_031___if_,Editor,/Users/nozerose/Desktop/2023학년도 1학기 수업/CB3500572-063 C++프로그래밍과실습(Prof.김태연)/실습/실습 031 - if 문/main.cpp,,10,18,Changes
2023-03-14T17:15:51.370+09:00,nozerose,KeyEvent,32:32:0,_031___if_,Editor,/Users/nozerose/Desktop/2023학년도 1학기 수업/CB3500572-063 C++프로그래밍과실습(Prof.김태연)/실습/실습 031 - if 문/main.cpp,,10,19,Changes
2023-03-14T17:15:52.320+09:00,nozerose,KeyEvent,56:56:0,_031___if_,Editor,/Users/nozerose/Desktop/2023학년도 1학기 수업/CB3500572-063 C++프로그래밍과실습(Prof.김태연)/실습/실습 031 - if 문/main.cpp,,10,20,Changes
2023-03-14T17:15:52.462+09:00,nozerose,KeyEvent,48:48:0,_031___if_,Editor,/Users/nozerose/Desktop/2023학년도 1학기 수업/CB3500572-063 C++프로그래밍과실습(Prof.김태연)/실습/실습 031 - if 문/main.cpp,,10,21,Changes
2023-03-14T17:15:52.978+09:00,nozerose,Action,EditorRight,_031___if_,Editor,/Users/nozerose/Desktop/2023학년도 1학기 수업/CB3500572-063 C++프로그래밍과실습(Prof.김태연)/실습/실습 031 - if 문/main.cpp,,10,22,Changes
2023-03-14T17:15:52.979+09:00,nozerose,KeyEvent,65535:39:0,_031___if_,Editor,/Users/nozerose/Desktop/2023학년도 1학기 수업/CB3500572-063 C++프로그래밍과실습(Prof.김태연)/실습/실습 031 - if 문/main.cpp,,10,23,Changes
2023-03-14T17:15:53.228+09:00,nozerose,Action,EditorEnter,_031___if_,Editor,/Users/nozerose/Desktop/2023학년도 1학기 수업/CB3500572-063 C++프로그래밍과실습(Prof.김태연)/실습/실습 031 - if 문/main.cpp,,10,23,Changes
2023-03-14T17:15:53.232+09:00,nozerose,KeyEvent,10:10:0,_031___if_,Editor,/Users/nozerose/Desktop/2023학년도 1학기 수업/CB3500572-063 C++프로그래밍과실습(Prof.김태연)/실습/실습 031 - if 문/main.cpp,,11,4,Changes
2023-03-14T17:15:53.557+09:00,nozerose,KeyEvent,99:67:0,_031___if_,Editor,/Users/nozerose/Desktop/2023학년도 1학기 수업/CB3500572-063 C++프로그래밍과실습(Prof.김태연)/실습/실습 031 - if 문/main.cpp,,11,4,Changes
2023-03-14T17:15:53.660+09:00,nozerose,KeyEvent,111:79:0,_031___if_,Editor,/Users/nozerose/Desktop/2023학년도 1학기 수업/CB3500572-063 C++프로그래밍과실습(Prof.김태연)/실습/실습 031 - if 문/main.cpp,,11,5,Changes
2023-03-14T17:15:53.828+09:00,nozerose,KeyEvent,117:85:0,_031___if_,Editor,/Users/nozerose/Desktop/2023학년도 1학기 수업/CB3500572-063 C++프로그래밍과실습(Prof.김태연)/실습/실습 031 - if 문/main.cpp,,11,6,Changes
2023-03-14T17:15:53.928+09:00,nozerose,KeyEvent,116:84:0,_031___if_,Editor,/Users/nozerose/Desktop/2023학년도 1학기 수업/CB3500572-063 C++프로그래밍과실습(Prof.김태연)/실습/실습 031 - if 문/main.cpp,,11,7,Changes
2023-03-14T17:15:54.117+09:00,nozerose,KeyEvent,32:32:0,_031___if_,Editor,/Users/nozerose/Desktop/2023학년도 1학기 수업/CB3500572-063 C++프로그래밍과실습(Prof.김태연)/실습/실습 031 - if 문/main.cpp,,11,8,Changes
2023-03-14T17:15:54.264+09:00,nozerose,KeyEvent,65535:16:1,_031___if_,Editor,/Users/nozerose/Desktop/2023학년도 1학기 수업/CB3500572-063 C++프로그래밍과실습(Prof.김태연)/실습/실습 031 - if 문/main.cpp,,11,9,Changes
2023-03-14T17:15:54.452+09:00,nozerose,KeyEvent,60:153:1,_031___if_,Editor,/Users/nozerose/Desktop/2023학년도 1학기 수업/CB3500572-063 C++프로그래밍과실습(Prof.김태연)/실습/실습 031 - if 문/main.cpp,,11,9,Changes
2023-03-14T17:15:54.572+09:00,nozerose,KeyEvent,60:153:1,_031___if_,Editor,/Users/nozerose/Desktop/2023학년도 1학기 수업/CB3500572-063 C++프로그래밍과실습(Prof.김태연)/실습/실습 031 - if 문/main.cpp,,11,10,Changes
2023-03-14T17:15:54.717+09:00,nozerose,KeyEvent,32:32:0,_031___if_,Editor,/Users/nozerose/Desktop/2023학년도 1학기 수업/CB3500572-063 C++프로그래밍과실습(Prof.김태연)/실습/실습 031 - if 문/main.cpp,,11,11,Changes
2023-03-14T17:15:55.014+09:00,nozerose,KeyEvent,65535:16:1,_031___if_,Editor,/Users/nozerose/Desktop/2023학년도 1학기 수업/CB3500572-063 C++프로그래밍과실습(Prof.김태연)/실습/실습 031 - if 문/main.cpp,,11,12,Changes
2023-03-14T17:15:55.239+09:00,nozerose,KeyEvent,34:152:1,_031___if_,Editor,/Users/nozerose/Desktop/2023학년도 1학기 수업/CB3500572-063 C++프로그래밍과실습(Prof.김태연)/실습/실습 031 - if 문/main.cpp,,11,12,Changes
2023-03-14T17:15:55.583+09:00,nozerose,KeyEvent,65535:16:1,_031___if_,Editor,/Users/nozerose/Desktop/2023학년도 1학기 수업/CB3500572-063 C++프로그래밍과실습(Prof.김태연)/실습/실습 031 - if 문/main.cpp,,11,13,Changes
2023-03-14T17:15:55.716+09:00,nozerose,KeyEvent,66:66:1,_031___if_,Editor,/Users/nozerose/Desktop/2023학년도 1학기 수업/CB3500572-063 C++프로그래밍과실습(Prof.김태연)/실습/실습 031 - if 문/main.cpp,,11,13,Changes
2023-03-14T17:15:56.171+09:00,nozerose,Action,EditorRight,_031___if_,Editor,/Users/nozerose/Desktop/2023학년도 1학기 수업/CB3500572-063 C++프로그래밍과실습(Prof.김태연)/실습/실습 031 - if 문/main.cpp,,11,14,Changes
2023-03-14T17:15:56.172+09:00,nozerose,KeyEvent,65535:39:0,_031___if_,Editor,/Users/nozerose/Desktop/2023학년도 1학기 수업/CB3500572-063 C++프로그래밍과실습(Prof.김태연)/실습/실습 031 - if 문/main.cpp,,11,15,Changes
2023-03-14T17:15:56.648+09:00,nozerose,KeyEvent,59:59:0,_031___if_,Editor,/Users/nozerose/Desktop/2023학년도 1학기 수업/CB3500572-063 C++프로그래밍과실습(Prof.김태연)/실습/실습 031 - if 문/main.cpp,,11,15,Changes
2023-03-14T17:15:56.779+09:00,nozerose,Action,EditorEnter,_031___if_,Editor,/Users/nozerose/Desktop/2023학년도 1학기 수업/CB3500572-063 C++프로그래밍과실습(Prof.김태연)/실습/실습 031 - if 문/main.cpp,,11,16,Changes
2023-03-14T17:15:56.788+09:00,nozerose,KeyEvent,10:10:0,_031___if_,Editor,/Users/nozerose/Desktop/2023학년도 1학기 수업/CB3500572-063 C++프로그래밍과실습(Prof.김태연)/실습/실습 031 - if 문/main.cpp,,12,2,Changes
2023-03-14T17:15:57.079+09:00,nozerose,KeyEvent,101:69:0,_031___if_,Editor,/Users/nozerose/Desktop/2023학년도 1학기 수업/CB3500572-063 C++프로그래밍과실습(Prof.김태연)/실습/실습 031 - if 문/main.cpp,,12,2,Changes
2023-03-14T17:15:57.202+09:00,nozerose,KeyEvent,108:76:0,_031___if_,Editor,/Users/nozerose/Desktop/2023학년도 1학기 수업/CB3500572-063 C++프로그래밍과실습(Prof.김태연)/실습/실습 031 - if 문/main.cpp,,12,3,Changes
2023-03-14T17:15:57.306+09:00,nozerose,KeyEvent,115:83:0,_031___if_,Editor,/Users/nozerose/Desktop/2023학년도 1학기 수업/CB3500572-063 C++프로그래밍과실습(Prof.김태연)/실습/실습 031 - if 문/main.cpp,,12,4,Changes
2023-03-14T17:15:57.366+09:00,nozerose,KeyEvent,101:69:0,_031___if_,Editor,/Users/nozerose/Desktop/2023학년도 1학기 수업/CB3500572-063 C++프로그래밍과실습(Prof.김태연)/실습/실습 031 - if 문/main.cpp,,12,5,Changes
2023-03-14T17:15:57.526+09:00,nozerose,KeyEvent,32:32:0,_031___if_,Editor,/Users/nozerose/Desktop/2023학년도 1학기 수업/CB3500572-063 C++프로그래밍과실습(Prof.김태연)/실습/실습 031 - if 문/main.cpp,,12,6,Changes
2023-03-14T17:15:57.652+09:00,nozerose,KeyEvent,105:73:0,_031___if_,Editor,/Users/nozerose/Desktop/2023학년도 1학기 수업/CB3500572-063 C++프로그래밍과실습(Prof.김태연)/실습/실습 031 - if 문/main.cpp,,12,7,Changes
2023-03-14T17:15:57.734+09:00,nozerose,KeyEvent,102:70:0,_031___if_,Editor,/Users/nozerose/Desktop/2023학년도 1학기 수업/CB3500572-063 C++프로그래밍과실습(Prof.김태연)/실습/실습 031 - if 문/main.cpp,,12,8,Changes
2023-03-14T17:15:57.946+09:00,nozerose,KeyEvent,32:32:0,_031___if_,Editor,/Users/nozerose/Desktop/2023학년도 1학기 수업/CB3500572-063 C++프로그래밍과실습(Prof.김태연)/실습/실습 031 - if 문/main.cpp,,12,9,Changes
2023-03-14T17:15:58.160+09:00,nozerose,KeyEvent,65535:16:1,_031___if_,Editor,/Users/nozerose/Desktop/2023학년도 1학기 수업/CB3500572-063 C++프로그래밍과실습(Prof.김태연)/실습/실습 031 - if 문/main.cpp,,12,10,Changes
2023-03-14T17:15:58.456+09:00,nozerose,KeyEvent,40:519:1,_031___if_,Editor,/Users/nozerose/Desktop/2023학년도 1학기 수업/CB3500572-063 C++프로그래밍과실습(Prof.김태연)/실습/실습 031 - if 문/main.cpp,,12,10,Changes
2023-03-14T17:15:58.707+09:00,nozerose,KeyEvent,103:71:0,_031___if_,Editor,/Users/nozerose/Desktop/2023학년도 1학기 수업/CB3500572-063 C++프로그래밍과실습(Prof.김태연)/실습/실습 031 - if 문/main.cpp,,12,11,Changes
2023-03-14T17:15:58.871+09:00,nozerose,KeyEvent,114:82:0,_031___if_,Editor,/Users/nozerose/Desktop/2023학년도 1학기 수업/CB3500572-063 C++프로그래밍과실습(Prof.김태연)/실습/실습 031 - if 문/main.cpp,,12,12,Changes
2023-03-14T17:15:59.032+09:00,nozerose,KeyEvent,97:65:0,_031___if_,Editor,/Users/nozerose/Desktop/2023학년도 1학기 수업/CB3500572-063 C++프로그래밍과실습(Prof.김태연)/실습/실습 031 - if 문/main.cpp,,12,13,Changes
2023-03-14T17:15:59.135+09:00,nozerose,KeyEvent,100:68:0,_031___if_,Editor,/Users/nozerose/Desktop/2023학년도 1학기 수업/CB3500572-063 C++프로그래밍과실습(Prof.김태연)/실습/실습 031 - if 문/main.cpp,,12,14,Changes
2023-03-14T17:15:59.316+09:00,nozerose,KeyEvent,101:69:0,_031___if_,Editor,/Users/nozerose/Desktop/2023학년도 1학기 수업/CB3500572-063 C++프로그래밍과실습(Prof.김태연)/실습/실습 031 - if 문/main.cpp,,12,15,Changes
2023-03-14T17:15:59.509+09:00,nozerose,KeyEvent,32:32:0,_031___if_,Editor,/Users/nozerose/Desktop/2023학년도 1학기 수업/CB3500572-063 C++프로그래밍과실습(Prof.김태연)/실습/실습 031 - if 문/main.cpp,,12,16,Changes
2023-03-14T17:15:59.697+09:00,nozerose,KeyEvent,65535:16:1,_031___if_,Editor,/Users/nozerose/Desktop/2023학년도 1학기 수업/CB3500572-063 C++프로그래밍과실습(Prof.김태연)/실습/실습 031 - if 문/main.cpp,,12,17,Changes
2023-03-14T17:15:59.949+09:00,nozerose,KeyEvent,62:46:1,_031___if_,Editor,/Users/nozerose/Desktop/2023학년도 1학기 수업/CB3500572-063 C++프로그래밍과실습(Prof.김태연)/실습/실습 031 - if 문/main.cpp,,12,17,Changes
2023-03-14T17:16:00.392+09:00,nozerose,KeyEvent,61:61:0,_031___if_,Editor,/Users/nozerose/Desktop/2023학년도 1학기 수업/CB3500572-063 C++프로그래밍과실습(Prof.김태연)/실습/실습 031 - if 문/main.cpp,,12,18,Changes
2023-03-14T17:16:00.535+09:00,nozerose,KeyEvent,32:32:0,_031___if_,Editor,/Users/nozerose/Desktop/2023학년도 1학기 수업/CB3500572-063 C++프로그래밍과실습(Prof.김태연)/실습/실습 031 - if 문/main.cpp,,12,19,Changes
2023-03-14T17:16:01.914+09:00,nozerose,KeyEvent,55:55:0,_031___if_,Editor,/Users/nozerose/Desktop/2023학년도 1학기 수업/CB3500572-063 C++프로그래밍과실습(Prof.김태연)/실습/실습 031 - if 문/main.cpp,,12,20,Changes
2023-03-14T17:16:02.298+09:00,nozerose,KeyEvent,48:48:0,_031___if_,Editor,/Users/nozerose/Desktop/2023학년도 1학기 수업/CB3500572-063 C++프로그래밍과실습(Prof.김태연)/실습/실습 031 - if 문/main.cpp,,12,21,Changes
2023-03-14T17:16:02.765+09:00,nozerose,Action,EditorRight,_031___if_,Editor,/Users/nozerose/Desktop/2023학년도 1학기 수업/CB3500572-063 C++프로그래밍과실습(Prof.김태연)/실습/실습 031 - if 문/main.cpp,,12,22,Changes
2023-03-14T17:16:02.766+09:00,nozerose,KeyEvent,65535:39:0,_031___if_,Editor,/Users/nozerose/Desktop/2023학년도 1학기 수업/CB3500572-063 C++프로그래밍과실습(Prof.김태연)/실습/실습 031 - if 문/main.cpp,,12,23,Changes
2023-03-14T17:16:03.005+09:00,nozerose,Action,EditorEnter,_031___if_,Editor,/Users/nozerose/Desktop/2023학년도 1학기 수업/CB3500572-063 C++프로그래밍과실습(Prof.김태연)/실습/실습 031 - if 문/main.cpp,,12,23,Changes
2023-03-14T17:16:03.011+09:00,nozerose,KeyEvent,10:10:0,_031___if_,Editor,/Users/nozerose/Desktop/2023학년도 1학기 수업/CB3500572-063 C++프로그래밍과실습(Prof.김태연)/실습/실습 031 - if 문/main.cpp,,13,4,Changes
2023-03-14T17:16:03.360+09:00,nozerose,KeyEvent,99:67:0,_031___if_,Editor,/Users/nozerose/Desktop/2023학년도 1학기 수업/CB3500572-063 C++프로그래밍과실습(Prof.김태연)/실습/실습 031 - if 문/main.cpp,,13,4,Changes
2023-03-14T17:16:03.438+09:00,nozerose,KeyEvent,111:79:0,_031___if_,Editor,/Users/nozerose/Desktop/2023학년도 1학기 수업/CB3500572-063 C++프로그래밍과실습(Prof.김태연)/실습/실습 031 - if 문/main.cpp,,13,5,Changes
2023-03-14T17:16:03.556+09:00,nozerose,KeyEvent,117:85:0,_031___if_,Editor,/Users/nozerose/Desktop/2023학년도 1학기 수업/CB3500572-063 C++프로그래밍과실습(Prof.김태연)/실습/실습 031 - if 문/main.cpp,,13,6,Changes
2023-03-14T17:16:03.682+09:00,nozerose,KeyEvent,116:84:0,_031___if_,Editor,/Users/nozerose/Desktop/2023학년도 1학기 수업/CB3500572-063 C++프로그래밍과실습(Prof.김태연)/실습/실습 031 - if 문/main.cpp,,13,7,Changes
2023-03-14T17:16:03.819+09:00,nozerose,KeyEvent,32:32:0,_031___if_,Editor,/Users/nozerose/Desktop/2023학년도 1학기 수업/CB3500572-063 C++프로그래밍과실습(Prof.김태연)/실습/실습 031 - if 문/main.cpp,,13,8,Changes
2023-03-14T17:16:03.970+09:00,nozerose,KeyEvent,65535:16:1,_031___if_,Editor,/Users/nozerose/Desktop/2023학년도 1학기 수업/CB3500572-063 C++프로그래밍과실습(Prof.김태연)/실습/실습 031 - if 문/main.cpp,,13,9,Changes
2023-03-14T17:16:04.166+09:00,nozerose,KeyEvent,60:153:1,_031___if_,Editor,/Users/nozerose/Desktop/2023학년도 1학기 수업/CB3500572-063 C++프로그래밍과실습(Prof.김태연)/실습/실습 031 - if 문/main.cpp,,13,9,Changes
2023-03-14T17:16:04.292+09:00,nozerose,KeyEvent,60:153:1,_031___if_,Editor,/Users/nozerose/Desktop/2023학년도 1학기 수업/CB3500572-063 C++프로그래밍과실습(Prof.김태연)/실습/실습 031 - if 문/main.cpp,,13,10,Changes
2023-03-14T17:16:04.448+09:00,nozerose,KeyEvent,32:32:0,_031___if_,Editor,/Users/nozerose/Desktop/2023학년도 1학기 수업/CB3500572-063 C++프로그래밍과실습(Prof.김태연)/실습/실습 031 - if 문/main.cpp,,13,11,Changes
2023-03-14T17:16:04.743+09:00,nozerose,KeyEvent,65535:16:1,_031___if_,Editor,/Users/nozerose/Desktop/2023학년도 1학기 수업/CB3500572-063 C++프로그래밍과실습(Prof.김태연)/실습/실습 031 - if 문/main.cpp,,13,12,Changes
2023-03-14T17:16:04.987+09:00,nozerose,KeyEvent,34:152:1,_031___if_,Editor,/Users/nozerose/Desktop/2023학년도 1학기 수업/CB3500572-063 C++프로그래밍과실습(Prof.김태연)/실습/실습 031 - if 문/main.cpp,,13,12,Changes
2023-03-14T17:16:05.365+09:00,nozerose,KeyEvent,65535:16:1,_031___if_,Editor,/Users/nozerose/Desktop/2023학년도 1학기 수업/CB3500572-063 C++프로그래밍과실습(Prof.김태연)/실습/실습 031 - if 문/main.cpp,,13,13,Changes
2023-03-14T17:16:05.465+09:00,nozerose,KeyEvent,67:67:1,_031___if_,Editor,/Users/nozerose/Desktop/2023학년도 1학기 수업/CB3500572-063 C++프로그래밍과실습(Prof.김태연)/실습/실습 031 - if 문/main.cpp,,13,13,Changes
2023-03-14T17:16:05.861+09:00,nozerose,Action,EditorRight,_031___if_,Editor,/Users/nozerose/Desktop/2023학년도 1학기 수업/CB3500572-063 C++프로그래밍과실습(Prof.김태연)/실습/실습 031 - if 문/main.cpp,,13,14,Changes
2023-03-14T17:16:05.862+09:00,nozerose,KeyEvent,65535:39:0,_031___if_,Editor,/Users/nozerose/Desktop/2023학년도 1학기 수업/CB3500572-063 C++프로그래밍과실습(Prof.김태연)/실습/실습 031 - if 문/main.cpp,,13,15,Changes
2023-03-14T17:16:06.174+09:00,nozerose,KeyEvent,59:59:0,_031___if_,Editor,/Users/nozerose/Desktop/2023학년도 1학기 수업/CB3500572-063 C++프로그래밍과실습(Prof.김태연)/실습/실습 031 - if 문/main.cpp,,13,15,Changes
2023-03-14T17:16:06.384+09:00,nozerose,Action,EditorEnter,_031___if_,Editor,/Users/nozerose/Desktop/2023학년도 1학기 수업/CB3500572-063 C++프로그래밍과실습(Prof.김태연)/실습/실습 031 - if 문/main.cpp,,13,16,Changes
2023-03-14T17:16:06.392+09:00,nozerose,KeyEvent,10:10:0,_031___if_,Editor,/Users/nozerose/Desktop/2023학년도 1학기 수업/CB3500572-063 C++프로그래밍과실습(Prof.김태연)/실습/실습 031 - if 문/main.cpp,,14,2,Changes
2023-03-14T17:16:06.824+09:00,nozerose,KeyEvent,101:69:0,_031___if_,Editor,/Users/nozerose/Desktop/2023학년도 1학기 수업/CB3500572-063 C++프로그래밍과실습(Prof.김태연)/실습/실습 031 - if 문/main.cpp,,14,2,Changes
2023-03-14T17:16:06.915+09:00,nozerose,KeyEvent,108:76:0,_031___if_,Editor,/Users/nozerose/Desktop/2023학년도 1학기 수업/CB3500572-063 C++프로그래밍과실습(Prof.김태연)/실습/실습 031 - if 문/main.cpp,,14,3,Changes
2023-03-14T17:16:07.096+09:00,nozerose,KeyEvent,115:83:0,_031___if_,Editor,/Users/nozerose/Desktop/2023학년도 1학기 수업/CB3500572-063 C++프로그래밍과실습(Prof.김태연)/실습/실습 031 - if 문/main.cpp,,14,4,Changes
2023-03-14T17:16:07.222+09:00,nozerose,KeyEvent,101:69:0,_031___if_,Editor,/Users/nozerose/Desktop/2023학년도 1학기 수업/CB3500572-063 C++프로그래밍과실습(Prof.김태연)/실습/실습 031 - if 문/main.cpp,,14,5,Changes
2023-03-14T17:16:07.359+09:00,nozerose,KeyEvent,32:32:0,_031___if_,Editor,/Users/nozerose/Desktop/2023학년도 1학기 수업/CB3500572-063 C++프로그래밍과실습(Prof.김태연)/실습/실습 031 - if 문/main.cpp,,14,6,Changes
2023-03-14T17:16:07.492+09:00,nozerose,KeyEvent,105:73:0,_031___if_,Editor,/Users/nozerose/Desktop/2023학년도 1학기 수업/CB3500572-063 C++프로그래밍과실습(Prof.김태연)/실습/실습 031 - if 문/main.cpp,,14,7,Changes
2023-03-14T17:16:07.578+09:00,nozerose,KeyEvent,102:70:0,_031___if_,Editor,/Users/nozerose/Desktop/2023학년도 1학기 수업/CB3500572-063 C++프로그래밍과실습(Prof.김태연)/실습/실습 031 - if 문/main.cpp,,14,8,Changes
2023-03-14T17:16:07.718+09:00,nozerose,KeyEvent,32:32:0,_031___if_,Editor,/Users/nozerose/Desktop/2023학년도 1학기 수업/CB3500572-063 C++프로그래밍과실습(Prof.김태연)/실습/실습 031 - if 문/main.cpp,,14,9,Changes
2023-03-14T17:16:07.936+09:00,nozerose,KeyEvent,65535:16:1,_031___if_,Editor,/Users/nozerose/Desktop/2023학년도 1학기 수업/CB3500572-063 C++프로그래밍과실습(Prof.김태연)/실습/실습 031 - if 문/main.cpp,,14,10,Changes
2023-03-14T17:16:08.080+09:00,nozerose,KeyEvent,40:519:1,_031___if_,Editor,/Users/nozerose/Desktop/2023학년도 1학기 수업/CB3500572-063 C++프로그래밍과실습(Prof.김태연)/실습/실습 031 - if 문/main.cpp,,14,10,Changes
2023-03-14T17:16:08.240+09:00,nozerose,KeyEvent,103:71:0,_031___if_,Editor,/Users/nozerose/Desktop/2023학년도 1학기 수업/CB3500572-063 C++프로그래밍과실습(Prof.김태연)/실습/실습 031 - if 문/main.cpp,,14,11,Changes
2023-03-14T17:16:08.411+09:00,nozerose,KeyEvent,114:82:0,_031___if_,Editor,/Users/nozerose/Desktop/2023학년도 1학기 수업/CB3500572-063 C++프로그래밍과실습(Prof.김태연)/실습/실습 031 - if 문/main.cpp,,14,12,Changes
2023-03-14T17:16:08.559+09:00,nozerose,KeyEvent,97:65:0,_031___if_,Editor,/Users/nozerose/Desktop/2023학년도 1학기 수업/CB3500572-063 C++프로그래밍과실습(Prof.김태연)/실습/실습 031 - if 문/main.cpp,,14,13,Changes
2023-03-14T17:16:08.634+09:00,nozerose,KeyEvent,100:68:0,_031___if_,Editor,/Users/nozerose/Desktop/2023학년도 1학기 수업/CB3500572-063 C++프로그래밍과실습(Prof.김태연)/실습/실습 031 - if 문/main.cpp,,14,14,Changes
2023-03-14T17:16:08.826+09:00,nozerose,KeyEvent,101:69:0,_031___if_,Editor,/Users/nozerose/Desktop/2023학년도 1학기 수업/CB3500572-063 C++프로그래밍과실습(Prof.김태연)/실습/실습 031 - if 문/main.cpp,,14,15,Changes
2023-03-14T17:16:08.938+09:00,nozerose,KeyEvent,32:32:0,_031___if_,Editor,/Users/nozerose/Desktop/2023학년도 1학기 수업/CB3500572-063 C++프로그래밍과실습(Prof.김태연)/실습/실습 031 - if 문/main.cpp,,14,16,Changes
2023-03-14T17:16:09.216+09:00,nozerose,KeyEvent,65535:16:1,_031___if_,Editor,/Users/nozerose/Desktop/2023학년도 1학기 수업/CB3500572-063 C++프로그래밍과실습(Prof.김태연)/실습/실습 031 - if 문/main.cpp,,14,17,Changes
2023-03-14T17:16:09.495+09:00,nozerose,KeyEvent,62:46:1,_031___if_,Editor,/Users/nozerose/Desktop/2023학년도 1학기 수업/CB3500572-063 C++프로그래밍과실습(Prof.김태연)/실습/실습 031 - if 문/main.cpp,,14,17,Changes
2023-03-14T17:16:10.040+09:00,nozerose,KeyEvent,61:61:0,_031___if_,Editor,/Users/nozerose/Desktop/2023학년도 1학기 수업/CB3500572-063 C++프로그래밍과실습(Prof.김태연)/실습/실습 031 - if 문/main.cpp,,14,18,Changes
2023-03-14T17:16:10.164+09:00,nozerose,KeyEvent,32:32:0,_031___if_,Editor,/Users/nozerose/Desktop/2023학년도 1학기 수업/CB3500572-063 C++프로그래밍과실습(Prof.김태연)/실습/실습 031 - if 문/main.cpp,,14,19,Changes
2023-03-14T17:16:11.620+09:00,nozerose,KeyEvent,54:54:0,_031___if_,Editor,/Users/nozerose/Desktop/2023학년도 1학기 수업/CB3500572-063 C++프로그래밍과실습(Prof.김태연)/실습/실습 031 - if 문/main.cpp,,14,20,Changes
2023-03-14T17:16:11.732+09:00,nozerose,KeyEvent,48:48:0,_031___if_,Editor,/Users/nozerose/Desktop/2023학년도 1학기 수업/CB3500572-063 C++프로그래밍과실습(Prof.김태연)/실습/실습 031 - if 문/main.cpp,,14,21,Changes
2023-03-14T17:16:12.268+09:00,nozerose,Action,EditorRight,_031___if_,Editor,/Users/nozerose/Desktop/2023학년도 1학기 수업/CB3500572-063 C++프로그래밍과실습(Prof.김태연)/실습/실습 031 - if 문/main.cpp,,14,22,Changes
2023-03-14T17:16:12.269+09:00,nozerose,KeyEvent,65535:39:0,_031___if_,Editor,/Users/nozerose/Desktop/2023학년도 1학기 수업/CB3500572-063 C++프로그래밍과실습(Prof.김태연)/실습/실습 031 - if 문/main.cpp,,14,23,Changes
2023-03-14T17:16:12.517+09:00,nozerose,Action,EditorEnter,_031___if_,Editor,/Users/nozerose/Desktop/2023학년도 1학기 수업/CB3500572-063 C++프로그래밍과실습(Prof.김태연)/실습/실습 031 - if 문/main.cpp,,14,23,Changes
2023-03-14T17:16:12.524+09:00,nozerose,KeyEvent,10:10:0,_031___if_,Editor,/Users/nozerose/Desktop/2023학년도 1학기 수업/CB3500572-063 C++프로그래밍과실습(Prof.김태연)/실습/실습 031 - if 문/main.cpp,,15,4,Changes
2023-03-14T17:16:12.725+09:00,nozerose,KeyEvent,99:67:0,_031___if_,Editor,/Users/nozerose/Desktop/2023학년도 1학기 수업/CB3500572-063 C++프로그래밍과실습(Prof.김태연)/실습/실습 031 - if 문/main.cpp,,15,4,Changes
2023-03-14T17:16:13.704+09:00,nozerose,KeyEvent,111:79:0,_031___if_,Editor,/Users/nozerose/Desktop/2023학년도 1학기 수업/CB3500572-063 C++프로그래밍과실습(Prof.김태연)/실습/실습 031 - if 문/main.cpp,,15,5,Changes
2023-03-14T17:16:13.842+09:00,nozerose,KeyEvent,117:85:0,_031___if_,Editor,/Users/nozerose/Desktop/2023학년도 1학기 수업/CB3500572-063 C++프로그래밍과실습(Prof.김태연)/실습/실습 031 - if 문/main.cpp,,15,6,Changes
2023-03-14T17:16:13.934+09:00,nozerose,KeyEvent,116:84:0,_031___if_,Editor,/Users/nozerose/Desktop/2023학년도 1학기 수업/CB3500572-063 C++프로그래밍과실습(Prof.김태연)/실습/실습 031 - if 문/main.cpp,,15,7,Changes
2023-03-14T17:16:14.071+09:00,nozerose,KeyEvent,32:32:0,_031___if_,Editor,/Users/nozerose/Desktop/2023학년도 1학기 수업/CB3500572-063 C++프로그래밍과실습(Prof.김태연)/실습/실습 031 - if 문/main.cpp,,15,8,Changes
2023-03-14T17:16:14.264+09:00,nozerose,KeyEvent,65535:16:1,_031___if_,Editor,/Users/nozerose/Desktop/2023학년도 1학기 수업/CB3500572-063 C++프로그래밍과실습(Prof.김태연)/실습/실습 031 - if 문/main.cpp,,15,9,Changes
2023-03-14T17:16:14.469+09:00,nozerose,KeyEvent,60:153:1,_031___if_,Editor,/Users/nozerose/Desktop/2023학년도 1학기 수업/CB3500572-063 C++프로그래밍과실습(Prof.김태연)/실습/실습 031 - if 문/main.cpp,,15,9,Changes
2023-03-14T17:16:14.575+09:00,nozerose,KeyEvent,60:153:1,_031___if_,Editor,/Users/nozerose/Desktop/2023학년도 1학기 수업/CB3500572-063 C++프로그래밍과실습(Prof.김태연)/실습/실습 031 - if 문/main.cpp,,15,10,Changes
2023-03-14T17:16:14.704+09:00,nozerose,KeyEvent,32:32:0,_031___if_,Editor,/Users/nozerose/Desktop/2023학년도 1학기 수업/CB3500572-063 C++프로그래밍과실습(Prof.김태연)/실습/실습 031 - if 문/main.cpp,,15,11,Changes
2023-03-14T17:16:14.866+09:00,nozerose,KeyEvent,65535:16:1,_031___if_,Editor,/Users/nozerose/Desktop/2023학년도 1학기 수업/CB3500572-063 C++프로그래밍과실습(Prof.김태연)/실습/실습 031 - if 문/main.cpp,,15,12,Changes
2023-03-14T17:16:14.985+09:00,nozerose,KeyEvent,34:152:1,_031___if_,Editor,/Users/nozerose/Desktop/2023학년도 1학기 수업/CB3500572-063 C++프로그래밍과실습(Prof.김태연)/실습/실습 031 - if 문/main.cpp,,15,12,Changes
2023-03-14T17:16:15.245+09:00,nozerose,KeyEvent,65535:16:1,_031___if_,Editor,/Users/nozerose/Desktop/2023학년도 1학기 수업/CB3500572-063 C++프로그래밍과실습(Prof.김태연)/실습/실습 031 - if 문/main.cpp,,15,13,Changes
2023-03-14T17:16:15.298+09:00,nozerose,KeyEvent,68:68:1,_031___if_,Editor,/Users/nozerose/Desktop/2023학년도 1학기 수업/CB3500572-063 C++프로그래밍과실습(Prof.김태연)/실습/실습 031 - if 문/main.cpp,,15,13,Changes
2023-03-14T17:16:15.745+09:00,nozerose,Action,EditorRight,_031___if_,Editor,/Users/nozerose/Desktop/2023학년도 1학기 수업/CB3500572-063 C++프로그래밍과실습(Prof.김태연)/실습/실습 031 - if 문/main.cpp,,15,14,Changes
2023-03-14T17:16:15.746+09:00,nozerose,KeyEvent,65535:39:0,_031___if_,Editor,/Users/nozerose/Desktop/2023학년도 1학기 수업/CB3500572-063 C++프로그래밍과실습(Prof.김태연)/실습/실습 031 - if 문/main.cpp,,15,15,Changes
2023-03-14T17:16:16.521+09:00,nozerose,KeyEvent,59:59:0,_031___if_,Editor,/Users/nozerose/Desktop/2023학년도 1학기 수업/CB3500572-063 C++프로그래밍과실습(Prof.김태연)/실습/실습 031 - if 문/main.cpp,,15,15,Changes
2023-03-14T17:16:16.697+09:00,nozerose,Action,EditorEnter,_031___if_,Editor,/Users/nozerose/Desktop/2023학년도 1학기 수업/CB3500572-063 C++프로그래밍과실습(Prof.김태연)/실습/실습 031 - if 문/main.cpp,,15,16,Changes
2023-03-14T17:16:16.706+09:00,nozerose,KeyEvent,10:10:0,_031___if_,Editor,/Users/nozerose/Desktop/2023학년도 1학기 수업/CB3500572-063 C++프로그래밍과실습(Prof.김태연)/실습/실습 031 - if 문/main.cpp,,16,2,Changes
2023-03-14T17:16:17.231+09:00,nozerose,KeyEvent,101:69:0,_031___if_,Editor,/Users/nozerose/Desktop/2023학년도 1학기 수업/CB3500572-063 C++프로그래밍과실습(Prof.김태연)/실습/실습 031 - if 문/main.cpp,,16,2,Changes
2023-03-14T17:16:17.314+09:00,nozerose,KeyEvent,108:76:0,_031___if_,Editor,/Users/nozerose/Desktop/2023학년도 1학기 수업/CB3500572-063 C++프로그래밍과실습(Prof.김태연)/실습/실습 031 - if 문/main.cpp,,16,3,Changes
2023-03-14T17:16:17.397+09:00,nozerose,KeyEvent,115:83:0,_031___if_,Editor,/Users/nozerose/Desktop/2023학년도 1학기 수업/CB3500572-063 C++프로그래밍과실습(Prof.김태연)/실습/실습 031 - if 문/main.cpp,,16,4,Changes
2023-03-14T17:16:17.457+09:00,nozerose,KeyEvent,101:69:0,_031___if_,Editor,/Users/nozerose/Desktop/2023학년도 1학기 수업/CB3500572-063 C++프로그래밍과실습(Prof.김태연)/실습/실습 031 - if 문/main.cpp,,16,5,Changes
2023-03-14T17:16:18.009+09:00,nozerose,Action,EditorEnter,_031___if_,Editor,/Users/nozerose/Desktop/2023학년도 1학기 수업/CB3500572-063 C++프로그래밍과실습(Prof.김태연)/실습/실습 031 - if 문/main.cpp,,16,6,Changes
2023-03-14T17:16:18.012+09:00,nozerose,KeyEvent,10:10:0,_031___if_,Editor,/Users/nozerose/Desktop/2023학년도 1학기 수업/CB3500572-063 C++프로그래밍과실습(Prof.김태연)/실습/실습 031 - if 문/main.cpp,,17,4,Changes
2023-03-14T17:16:18.512+09:00,nozerose,KeyEvent,111:79:0,_031___if_,Editor,/Users/nozerose/Desktop/2023학년도 1학기 수업/CB3500572-063 C++프로그래밍과실습(Prof.김태연)/실습/실습 031 - if 문/main.cpp,,17,4,Changes
2023-03-14T17:16:18.600+09:00,nozerose,KeyEvent,99:67:0,_031___if_,Editor,/Users/nozerose/Desktop/2023학년도 1학기 수업/CB3500572-063 C++프로그래밍과실습(Prof.김태연)/실습/실습 031 - if 문/main.cpp,,17,5,Changes
2023-03-14T17:16:18.900+09:00,nozerose,Action,EditorBackSpace,_031___if_,Editor,/Users/nozerose/Desktop/2023학년도 1학기 수업/CB3500572-063 C++프로그래밍과실습(Prof.김태연)/실습/실습 031 - if 문/main.cpp,,17,6,Changes
2023-03-14T17:16:18.903+09:00,nozerose,KeyEvent,8:8:0,_031___if_,Editor,/Users/nozerose/Desktop/2023학년도 1학기 수업/CB3500572-063 C++프로그래밍과실습(Prof.김태연)/실습/실습 031 - if 문/main.cpp,,17,5,Changes
2023-03-14T17:16:19.008+09:00,nozerose,Action,EditorBackSpace,_031___if_,Editor,/Users/nozerose/Desktop/2023학년도 1학기 수업/CB3500572-063 C++프로그래밍과실습(Prof.김태연)/실습/실습 031 - if 문/main.cpp,,17,5,Changes
2023-03-14T17:16:19.018+09:00,nozerose,KeyEvent,8:8:0,_031___if_,Editor,/Users/nozerose/Desktop/2023학년도 1학기 수업/CB3500572-063 C++프로그래밍과실습(Prof.김태연)/실습/실습 031 - if 문/main.cpp,,17,4,Changes
2023-03-14T17:16:19.096+09:00,nozerose,KeyEvent,99:67:0,_031___if_,Editor,/Users/nozerose/Desktop/2023학년도 1학기 수업/CB3500572-063 C++프로그래밍과실습(Prof.김태연)/실습/실습 031 - if 문/main.cpp,,17,4,Changes
2023-03-14T17:16:19.209+09:00,nozerose,KeyEvent,111:79:0,_031___if_,Editor,/Users/nozerose/Desktop/2023학년도 1학기 수업/CB3500572-063 C++프로그래밍과실습(Prof.김태연)/실습/실습 031 - if 문/main.cpp,,17,5,Changes
2023-03-14T17:16:19.324+09:00,nozerose,KeyEvent,117:85:0,_031___if_,Editor,/Users/nozerose/Desktop/2023학년도 1학기 수업/CB3500572-063 C++프로그래밍과실습(Prof.김태연)/실습/실습 031 - if 문/main.cpp,,17,6,Changes
2023-03-14T17:16:19.432+09:00,nozerose,KeyEvent,116:84:0,_031___if_,Editor,/Users/nozerose/Desktop/2023학년도 1학기 수업/CB3500572-063 C++프로그래밍과실습(Prof.김태연)/실습/실습 031 - if 문/main.cpp,,17,7,Changes
2023-03-14T17:16:19.580+09:00,nozerose,KeyEvent,32:32:0,_031___if_,Editor,/Users/nozerose/Desktop/2023학년도 1학기 수업/CB3500572-063 C++프로그래밍과실습(Prof.김태연)/실습/실습 031 - if 문/main.cpp,,17,8,Changes
2023-03-14T17:16:19.754+09:00,nozerose,KeyEvent,65535:16:1,_031___if_,Editor,/Users/nozerose/Desktop/2023학년도 1학기 수업/CB3500572-063 C++프로그래밍과실습(Prof.김태연)/실습/실습 031 - if 문/main.cpp,,17,9,Changes
2023-03-14T17:16:19.949+09:00,nozerose,KeyEvent,60:153:1,_031___if_,Editor,/Users/nozerose/Desktop/2023학년도 1학기 수업/CB3500572-063 C++프로그래밍과실습(Prof.김태연)/실습/실습 031 - if 문/main.cpp,,17,9,Changes
2023-03-14T17:16:20.061+09:00,nozerose,KeyEvent,60:153:1,_031___if_,Editor,/Users/nozerose/Desktop/2023학년도 1학기 수업/CB3500572-063 C++프로그래밍과실습(Prof.김태연)/실습/실습 031 - if 문/main.cpp,,17,10,Changes
2023-03-14T17:16:20.210+09:00,nozerose,KeyEvent,32:32:0,_031___if_,Editor,/Users/nozerose/Desktop/2023학년도 1학기 수업/CB3500572-063 C++프로그래밍과실습(Prof.김태연)/실습/실습 031 - if 문/main.cpp,,17,11,Changes
2023-03-14T17:16:20.443+09:00,nozerose,KeyEvent,65535:16:1,_031___if_,Editor,/Users/nozerose/Desktop/2023학년도 1학기 수업/CB3500572-063 C++프로그래밍과실습(Prof.김태연)/실습/실습 031 - if 문/main.cpp,,17,12,Changes
2023-03-14T17:16:20.618+09:00,nozerose,KeyEvent,34:152:1,_031___if_,Editor,/Users/nozerose/Desktop/2023학년도 1학기 수업/CB3500572-063 C++프로그래밍과실습(Prof.김태연)/실습/실습 031 - if 문/main.cpp,,17,12,Changes
2023-03-14T17:16:20.801+09:00,nozerose,KeyEvent,65535:16:1,_031___if_,Editor,/Users/nozerose/Desktop/2023학년도 1학기 수업/CB3500572-063 C++프로그래밍과실습(Prof.김태연)/실습/실습 031 - if 문/main.cpp,,17,13,Changes
2023-03-14T17:16:20.860+09:00,nozerose,KeyEvent,70:70:1,_031___if_,Editor,/Users/nozerose/Desktop/2023학년도 1학기 수업/CB3500572-063 C++프로그래밍과실습(Prof.김태연)/실습/실습 031 - if 문/main.cpp,,17,13,Changes
2023-03-14T17:16:21.276+09:00,nozerose,Action,EditorRight,_031___if_,Editor,/Users/nozerose/Desktop/2023학년도 1학기 수업/CB3500572-063 C++프로그래밍과실습(Prof.김태연)/실습/실습 031 - if 문/main.cpp,,17,14,Changes
2023-03-14T17:16:21.277+09:00,nozerose,KeyEvent,65535:39:0,_031___if_,Editor,/Users/nozerose/Desktop/2023학년도 1학기 수업/CB3500572-063 C++프로그래밍과실습(Prof.김태연)/실습/실습 031 - if 문/main.cpp,,17,15,Changes
2023-03-14T17:16:21.768+09:00,nozerose,KeyEvent,59:59:0,_031___if_,Editor,/Users/nozerose/Desktop/2023학년도 1학기 수업/CB3500572-063 C++프로그래밍과실습(Prof.김태연)/실습/실습 031 - if 문/main.cpp,,17,15,Changes
2023-03-14T17:16:22.194+09:00,nozerose,Action,EditorDown,_031___if_,Editor,/Users/nozerose/Desktop/2023학년도 1학기 수업/CB3500572-063 C++프로그래밍과실습(Prof.김태연)/실습/실습 031 - if 문/main.cpp,,17,16,Changes
2023-03-14T17:16:22.195+09:00,nozerose,KeyEvent,65535:40:0,_031___if_,Editor,/Users/nozerose/Desktop/2023학년도 1학기 수업/CB3500572-063 C++프로그래밍과실습(Prof.김태연)/실습/실습 031 - if 문/main.cpp,,18,2,Changes
2023-03-14T17:16:22.417+09:00,nozerose,Action,EditorDown,_031___if_,Editor,/Users/nozerose/Desktop/2023학년도 1학기 수업/CB3500572-063 C++프로그래밍과실습(Prof.김태연)/실습/실습 031 - if 문/main.cpp,,18,2,Changes
2023-03-14T17:16:22.419+09:00,nozerose,KeyEvent,65535:40:0,_031___if_,Editor,/Users/nozerose/Desktop/2023학년도 1학기 수업/CB3500572-063 C++프로그래밍과실습(Prof.김태연)/실습/실습 031 - if 문/main.cpp,,19,2,Changes
2023-03-14T17:16:23.276+09:00,nozerose,Action,EditorBackSpace,_031___if_,Editor,/Users/nozerose/Desktop/2023학년도 1학기 수업/CB3500572-063 C++프로그래밍과실습(Prof.김태연)/실습/실습 031 - if 문/main.cpp,,19,2,Changes
2023-03-14T17:16:23.285+09:00,nozerose,KeyEvent,8:8:0,_031___if_,Editor,/Users/nozerose/Desktop/2023학년도 1학기 수업/CB3500572-063 C++프로그래밍과실습(Prof.김태연)/실습/실습 031 - if 문/main.cpp,,18,2,Changes
2023-03-14T17:16:25.748+09:00,nozerose,Action,Run,_031___if_,Editor,/Users/nozerose/Desktop/2023학년도 1학기 수업/CB3500572-063 C++프로그래밍과실습(Prof.김태연)/실습/실습 031 - if 문/main.cpp,,18,2,Changes
2023-03-14T17:16:26.518+09:00,nozerose,Execution,"Run:'CMake Application: _031___if_':""/Users/nozerose/Desktop/2023학년도 1학기 수업/CB3500572-063 C++프로그래밍과실습(Prof.김태연)/실습/실습 031 - if 문/cmake-build-debug/_031___if_""",_031___if_,Editor,/Users/nozerose/Desktop/2023학년도 1학기 수업/CB3500572-063 C++프로그래밍과실습(Prof.김태연)/실습/실습 031 - if 문/main.cpp,,18,2,Changes
2023-03-14T17:16:28.236+09:00,nozerose,KeyEvent,57:57:0,_031___if_,Editor,/Users/nozerose/Desktop/2023학년도 1학기 수업/CB3500572-063 C++프로그래밍과실습(Prof.김태연)/실습/실습 031 - if 문/main.cpp,,18,2,Changes
2023-03-14T17:16:28.568+09:00,nozerose,KeyEvent,51:51:0,_031___if_,Editor,/Users/nozerose/Desktop/2023학년도 1학기 수업/CB3500572-063 C++프로그래밍과실습(Prof.김태연)/실습/실습 031 - if 문/main.cpp,,18,2,Changes
2023-03-14T17:16:28.709+09:00,nozerose,KeyEvent,10:10:0,_031___if_,Editor,/Users/nozerose/Desktop/2023학년도 1학기 수업/CB3500572-063 C++프로그래밍과실습(Prof.김태연)/실습/실습 031 - if 문/main.cpp,,18,2,Changes
2023-03-14T17:16:30.529+09:00,nozerose,Action,Run,_031___if_,Editor,/Users/nozerose/Desktop/2023학년도 1학기 수업/CB3500572-063 C++프로그래밍과실습(Prof.김태연)/실습/실습 031 - if 문/main.cpp,,18,2,Changes
2023-03-14T17:16:30.983+09:00,nozerose,Execution,"Run:'CMake Application: _031___if_':""/Users/nozerose/Desktop/2023학년도 1학기 수업/CB3500572-063 C++프로그래밍과실습(Prof.김태연)/실습/실습 031 - if 문/cmake-build-debug/_031___if_""",_031___if_,Editor,/Users/nozerose/Desktop/2023학년도 1학기 수업/CB3500572-063 C++프로그래밍과실습(Prof.김태연)/실습/실습 031 - if 문/main.cpp,,18,0,Changes
2023-03-14T17:16:32.242+09:00,nozerose,KeyEvent,54:54:0,_031___if_,Editor,/Users/nozerose/Desktop/2023학년도 1학기 수업/CB3500572-063 C++프로그래밍과실습(Prof.김태연)/실습/실습 031 - if 문/main.cpp,,18,0,Changes
2023-03-14T17:16:32.678+09:00,nozerose,KeyEvent,53:53:0,_031___if_,Editor,/Users/nozerose/Desktop/2023학년도 1학기 수업/CB3500572-063 C++프로그래밍과실습(Prof.김태연)/실습/실습 031 - if 문/main.cpp,,18,0,Changes
2023-03-14T17:16:32.946+09:00,nozerose,KeyEvent,10:10:0,_031___if_,Editor,/Users/nozerose/Desktop/2023학년도 1학기 수업/CB3500572-063 C++프로그래밍과실습(Prof.김태연)/실습/실습 031 - if 문/main.cpp,,18,0,Changes
2023-03-14T17:16:34.846+09:00,nozerose,Action,Run,_031___if_,Editor,/Users/nozerose/Desktop/2023학년도 1학기 수업/CB3500572-063 C++프로그래밍과실습(Prof.김태연)/실습/실습 031 - if 문/main.cpp,,18,0,Changes
2023-03-14T17:16:35.088+09:00,nozerose,Execution,"Run:'CMake Application: _031___if_':""/Users/nozerose/Desktop/2023학년도 1학기 수업/CB3500572-063 C++프로그래밍과실습(Prof.김태연)/실습/실습 031 - if 문/cmake-build-debug/_031___if_""",_031___if_,Editor,/Users/nozerose/Desktop/2023학년도 1학기 수업/CB3500572-063 C++프로그래밍과실습(Prof.김태연)/실습/실습 031 - if 문/main.cpp,,18,0,Changes
2023-03-14T17:16:37.097+09:00,nozerose,KeyEvent,56:56:0,_031___if_,Editor,/Users/nozerose/Desktop/2023학년도 1학기 수업/CB3500572-063 C++프로그래밍과실습(Prof.김태연)/실습/실습 031 - if 문/main.cpp,,18,0,Changes
2023-03-14T17:16:37.413+09:00,nozerose,KeyEvent,55:55:0,_031___if_,Editor,/Users/nozerose/Desktop/2023학년도 1학기 수업/CB3500572-063 C++프로그래밍과실습(Prof.김태연)/실습/실습 031 - if 문/main.cpp,,18,0,Changes
2023-03-14T17:16:37.849+09:00,nozerose,KeyEvent,10:10:0,_031___if_,Editor,/Users/nozerose/Desktop/2023학년도 1학기 수업/CB3500572-063 C++프로그래밍과실습(Prof.김태연)/실습/실습 031 - if 문/main.cpp,,18,0,Changes
2023-03-14T17:16:45.432+09:00,nozerose,Action,RevealIn,_031___if_,Popup,/Users/nozerose/Library/Application Support/JetBrains/CLion2022.3/plugins/activity-tracker/ide-events.csv,,0,0,Changes
