2023-03-08T00:20:18.970+09:00,nozerose,Action,EditorEnter,_017___auto,Editor,/Users/nozerose/Desktop/2023학년도 1학기 수업/CB3500572-063 C++프로그래밍과실습(Prof.김태연)/실습 017 - auto/main.cpp,,0,19,Changes
2023-03-08T00:20:19.003+09:00,nozerose,KeyEvent,10:10:0,_017___auto,Editor,/Users/nozerose/Desktop/2023학년도 1학기 수업/CB3500572-063 C++프로그래밍과실습(Prof.김태연)/실습 017 - auto/main.cpp,,1,0,Changes
2023-03-08T00:20:19.341+09:00,nozerose,KeyEvent,117:85:0,_017___auto,Editor,/Users/nozerose/Desktop/2023학년도 1학기 수업/CB3500572-063 C++프로그래밍과실습(Prof.김태연)/실습 017 - auto/main.cpp,,1,0,Changes
2023-03-08T00:20:19.592+09:00,nozerose,KeyEvent,115:83:0,_017___auto,Editor,/Users/nozerose/Desktop/2023학년도 1학기 수업/CB3500572-063 C++프로그래밍과실습(Prof.김태연)/실습 017 - auto/main.cpp,,1,1,Changes
2023-03-08T00:20:19.755+09:00,nozerose,KeyEvent,105:73:0,_017___auto,Editor,/Users/nozerose/Desktop/2023학년도 1학기 수업/CB3500572-063 C++프로그래밍과실습(Prof.김태연)/실습 017 - auto/main.cpp,,1,2,Changes
2023-03-08T00:20:19.898+09:00,nozerose,KeyEvent,110:78:0,_017___auto,Editor,/Users/nozerose/Desktop/2023학년도 1학기 수업/CB3500572-063 C++프로그래밍과실습(Prof.김태연)/실습 017 - auto/main.cpp,,1,3,Changes
2023-03-08T00:20:20.038+09:00,nozerose,KeyEvent,103:71:0,_017___auto,Editor,/Users/nozerose/Desktop/2023학년도 1학기 수업/CB3500572-063 C++프로그래밍과실습(Prof.김태연)/실습 017 - auto/main.cpp,,1,4,Changes
2023-03-08T00:20:20.214+09:00,nozerose,KeyEvent,32:32:0,_017___auto,Editor,/Users/nozerose/Desktop/2023학년도 1학기 수업/CB3500572-063 C++프로그래밍과실습(Prof.김태연)/실습 017 - auto/main.cpp,,1,5,Changes
2023-03-08T00:20:20.340+09:00,nozerose,KeyEvent,110:78:0,_017___auto,Editor,/Users/nozerose/Desktop/2023학년도 1학기 수업/CB3500572-063 C++프로그래밍과실습(Prof.김태연)/실습 017 - auto/main.cpp,,1,6,Changes
2023-03-08T00:20:20.427+09:00,nozerose,KeyEvent,97:65:0,_017___auto,Editor,/Users/nozerose/Desktop/2023학년도 1학기 수업/CB3500572-063 C++프로그래밍과실습(Prof.김태연)/실습 017 - auto/main.cpp,,1,7,Changes
2023-03-08T00:20:20.555+09:00,nozerose,KeyEvent,109:77:0,_017___auto,Editor,/Users/nozerose/Desktop/2023학년도 1학기 수업/CB3500572-063 C++프로그래밍과실습(Prof.김태연)/실습 017 - auto/main.cpp,,1,8,Changes
2023-03-08T00:20:20.644+09:00,nozerose,KeyEvent,101:69:0,_017___auto,Editor,/Users/nozerose/Desktop/2023학년도 1학기 수업/CB3500572-063 C++프로그래밍과실습(Prof.김태연)/실습 017 - auto/main.cpp,,1,9,Changes
2023-03-08T00:20:20.821+09:00,nozerose,KeyEvent,115:83:0,_017___auto,Editor,/Users/nozerose/Desktop/2023학년도 1학기 수업/CB3500572-063 C++프로그래밍과실습(Prof.김태연)/실습 017 - auto/main.cpp,,1,10,Changes
2023-03-08T00:20:20.989+09:00,nozerose,KeyEvent,112:80:0,_017___auto,Editor,/Users/nozerose/Desktop/2023학년도 1학기 수업/CB3500572-063 C++프로그래밍과실습(Prof.김태연)/실습 017 - auto/main.cpp,,1,11,Changes
2023-03-08T00:20:21.053+09:00,nozerose,KeyEvent,97:65:0,_017___auto,Editor,/Users/nozerose/Desktop/2023학년도 1학기 수업/CB3500572-063 C++프로그래밍과실습(Prof.김태연)/실습 017 - auto/main.cpp,,1,12,Changes
2023-03-08T00:20:21.192+09:00,nozerose,KeyEvent,99:67:0,_017___auto,Editor,/Users/nozerose/Desktop/2023학년도 1학기 수업/CB3500572-063 C++프로그래밍과실습(Prof.김태연)/실습 017 - auto/main.cpp,,1,13,Changes
2023-03-08T00:20:21.378+09:00,nozerose,KeyEvent,101:69:0,_017___auto,Editor,/Users/nozerose/Desktop/2023학년도 1학기 수업/CB3500572-063 C++프로그래밍과실습(Prof.김태연)/실습 017 - auto/main.cpp,,1,14,Changes
2023-03-08T00:20:21.581+09:00,nozerose,KeyEvent,32:32:0,_017___auto,Editor,/Users/nozerose/Desktop/2023학년도 1학기 수업/CB3500572-063 C++프로그래밍과실습(Prof.김태연)/실습 017 - auto/main.cpp,,1,15,Changes
2023-03-08T00:20:21.728+09:00,nozerose,KeyEvent,115:83:0,_017___auto,Editor,/Users/nozerose/Desktop/2023학년도 1학기 수업/CB3500572-063 C++프로그래밍과실습(Prof.김태연)/실습 017 - auto/main.cpp,,1,16,Changes
2023-03-08T00:20:21.918+09:00,nozerose,KeyEvent,116:84:0,_017___auto,Editor,/Users/nozerose/Desktop/2023학년도 1학기 수업/CB3500572-063 C++프로그래밍과실습(Prof.김태연)/실습 017 - auto/main.cpp,,1,17,Changes
2023-03-08T00:20:22.123+09:00,nozerose,KeyEvent,100:68:0,_017___auto,Editor,/Users/nozerose/Desktop/2023학년도 1학기 수업/CB3500572-063 C++프로그래밍과실습(Prof.김태연)/실습 017 - auto/main.cpp,,1,18,Changes
2023-03-08T00:20:22.215+09:00,nozerose,KeyEvent,59:59:0,_017___auto,Editor,/Users/nozerose/Desktop/2023학년도 1학기 수업/CB3500572-063 C++프로그래밍과실습(Prof.김태연)/실습 017 - auto/main.cpp,,1,19,Changes
2023-03-08T00:20:41.972+09:00,nozerose,KeyEvent,65535:157:4,_017___auto,Editor,/Users/nozerose/Desktop/2023학년도 1학기 수업/CB3500572-063 C++프로그래밍과실습(Prof.김태연)/실습 017 - auto/main.cpp,,3,0,Changes
2023-03-08T00:20:42.106+09:00,nozerose,Action,EditorPaste,_017___auto,Editor,/Users/nozerose/Desktop/2023학년도 1학기 수업/CB3500572-063 C++프로그래밍과실습(Prof.김태연)/실습 017 - auto/main.cpp,,3,0,Changes
2023-03-08T00:20:42.197+09:00,nozerose,KeyEvent,118:86:4,_017___auto,Editor,/Users/nozerose/Desktop/2023학년도 1학기 수업/CB3500572-063 C++프로그래밍과실습(Prof.김태연)/실습 017 - auto/main.cpp,,20,1,Changes
2023-03-08T00:20:45.590+09:00,nozerose,Action,EditorBackSpace,_017___auto,Editor,/Users/nozerose/Desktop/2023학년도 1학기 수업/CB3500572-063 C++프로그래밍과실습(Prof.김태연)/실습 017 - auto/main.cpp,,1,0,Changes
2023-03-08T00:20:45.596+09:00,nozerose,KeyEvent,8:8:0,_017___auto,Editor,/Users/nozerose/Desktop/2023학년도 1학기 수업/CB3500572-063 C++프로그래밍과실습(Prof.김태연)/실습 017 - auto/main.cpp,,1,0,Changes
2023-03-08T00:20:46.036+09:00,nozerose,Action,EditorBackSpace,_017___auto,Editor,/Users/nozerose/Desktop/2023학년도 1학기 수업/CB3500572-063 C++프로그래밍과실습(Prof.김태연)/실습 017 - auto/main.cpp,,1,0,Changes
2023-03-08T00:20:46.044+09:00,nozerose,KeyEvent,8:8:0,_017___auto,Editor,/Users/nozerose/Desktop/2023학년도 1학기 수업/CB3500572-063 C++프로그래밍과실습(Prof.김태연)/실습 017 - auto/main.cpp,,0,19,Changes
2023-03-08T00:28:18.628+09:00,nozerose,Action,EditorEnter,_017___auto,Editor,/Users/nozerose/Desktop/2023학년도 1학기 수업/CB3500572-063 C++프로그래밍과실습(Prof.김태연)/실습 017 - auto/main.cpp,,0,19,Changes
2023-03-08T00:28:18.635+09:00,nozerose,KeyEvent,10:10:0,_017___auto,Editor,/Users/nozerose/Desktop/2023학년도 1학기 수업/CB3500572-063 C++프로그래밍과실습(Prof.김태연)/실습 017 - auto/main.cpp,,1,0,Changes
2023-03-08T00:28:18.967+09:00,nozerose,KeyEvent,12629:85:0,_017___auto,Editor,/Users/nozerose/Desktop/2023학년도 1학기 수업/CB3500572-063 C++프로그래밍과실습(Prof.김태연)/실습 017 - auto/main.cpp,,1,0,Changes
2023-03-08T00:28:19.647+09:00,nozerose,Action,EditorBackSpace,_017___auto,Editor,/Users/nozerose/Desktop/2023학년도 1학기 수업/CB3500572-063 C++프로그래밍과실습(Prof.김태연)/실습 017 - auto/main.cpp,,1,2,Changes
2023-03-08T00:28:19.663+09:00,nozerose,KeyEvent,8:8:0,_017___auto,Editor,/Users/nozerose/Desktop/2023학년도 1학기 수업/CB3500572-063 C++프로그래밍과실습(Prof.김태연)/실습 017 - auto/main.cpp,,1,1,Changes
2023-03-08T00:28:19.759+09:00,nozerose,Action,EditorBackSpace,_017___auto,Editor,/Users/nozerose/Desktop/2023학년도 1학기 수업/CB3500572-063 C++프로그래밍과실습(Prof.김태연)/실습 017 - auto/main.cpp,,1,1,Changes
2023-03-08T00:28:19.769+09:00,nozerose,KeyEvent,8:8:0,_017___auto,Editor,/Users/nozerose/Desktop/2023학년도 1학기 수업/CB3500572-063 C++프로그래밍과실습(Prof.김태연)/실습 017 - auto/main.cpp,,1,0,Changes
2023-03-08T00:28:19.979+09:00,nozerose,KeyEvent,65535:20:0,_017___auto,Editor,/Users/nozerose/Desktop/2023학년도 1학기 수업/CB3500572-063 C++프로그래밍과실습(Prof.김태연)/실습 017 - auto/main.cpp,,1,0,Changes
2023-03-08T00:28:20.024+09:00,nozerose,KeyEvent,65535:0:0,_017___auto,Editor,/Users/nozerose/Desktop/2023학년도 1학기 수업/CB3500572-063 C++프로그래밍과실습(Prof.김태연)/실습 017 - auto/main.cpp,,1,0,Changes
2023-03-08T00:28:20.071+09:00,nozerose,KeyEvent,117:85:0,_017___auto,Editor,/Users/nozerose/Desktop/2023학년도 1학기 수업/CB3500572-063 C++프로그래밍과실습(Prof.김태연)/실습 017 - auto/main.cpp,,1,0,Changes
2023-03-08T00:28:20.209+09:00,nozerose,KeyEvent,115:83:0,_017___auto,Editor,/Users/nozerose/Desktop/2023학년도 1학기 수업/CB3500572-063 C++프로그래밍과실습(Prof.김태연)/실습 017 - auto/main.cpp,,1,1,Changes
2023-03-08T00:28:20.294+09:00,nozerose,KeyEvent,105:73:0,_017___auto,Editor,/Users/nozerose/Desktop/2023학년도 1학기 수업/CB3500572-063 C++프로그래밍과실습(Prof.김태연)/실습 017 - auto/main.cpp,,1,2,Changes
2023-03-08T00:28:20.439+09:00,nozerose,KeyEvent,110:78:0,_017___auto,Editor,/Users/nozerose/Desktop/2023학년도 1학기 수업/CB3500572-063 C++프로그래밍과실습(Prof.김태연)/실습 017 - auto/main.cpp,,1,3,Changes
2023-03-08T00:28:20.611+09:00,nozerose,KeyEvent,103:71:0,_017___auto,Editor,/Users/nozerose/Desktop/2023학년도 1학기 수업/CB3500572-063 C++프로그래밍과실습(Prof.김태연)/실습 017 - auto/main.cpp,,1,4,Changes
2023-03-08T00:28:21.080+09:00,nozerose,KeyEvent,32:32:0,_017___auto,Editor,/Users/nozerose/Desktop/2023학년도 1학기 수업/CB3500572-063 C++프로그래밍과실습(Prof.김태연)/실습 017 - auto/main.cpp,,1,5,Changes
2023-03-08T00:28:21.233+09:00,nozerose,KeyEvent,110:78:0,_017___auto,Editor,/Users/nozerose/Desktop/2023학년도 1학기 수업/CB3500572-063 C++프로그래밍과실습(Prof.김태연)/실습 017 - auto/main.cpp,,1,6,Changes
2023-03-08T00:28:21.309+09:00,nozerose,KeyEvent,97:65:0,_017___auto,Editor,/Users/nozerose/Desktop/2023학년도 1학기 수업/CB3500572-063 C++프로그래밍과실습(Prof.김태연)/실습 017 - auto/main.cpp,,1,7,Changes
2023-03-08T00:28:21.424+09:00,nozerose,KeyEvent,109:77:0,_017___auto,Editor,/Users/nozerose/Desktop/2023학년도 1학기 수업/CB3500572-063 C++프로그래밍과실습(Prof.김태연)/실습 017 - auto/main.cpp,,1,8,Changes
2023-03-08T00:28:21.523+09:00,nozerose,KeyEvent,101:69:0,_017___auto,Editor,/Users/nozerose/Desktop/2023학년도 1학기 수업/CB3500572-063 C++프로그래밍과실습(Prof.김태연)/실습 017 - auto/main.cpp,,1,9,Changes
2023-03-08T00:28:21.714+09:00,nozerose,KeyEvent,115:83:0,_017___auto,Editor,/Users/nozerose/Desktop/2023학년도 1학기 수업/CB3500572-063 C++프로그래밍과실습(Prof.김태연)/실습 017 - auto/main.cpp,,1,10,Changes
2023-03-08T00:28:21.877+09:00,nozerose,KeyEvent,112:80:0,_017___auto,Editor,/Users/nozerose/Desktop/2023학년도 1학기 수업/CB3500572-063 C++프로그래밍과실습(Prof.김태연)/실습 017 - auto/main.cpp,,1,11,Changes
2023-03-08T00:28:21.925+09:00,nozerose,KeyEvent,97:65:0,_017___auto,Editor,/Users/nozerose/Desktop/2023학년도 1학기 수업/CB3500572-063 C++프로그래밍과실습(Prof.김태연)/실습 017 - auto/main.cpp,,1,12,Changes
2023-03-08T00:28:22.058+09:00,nozerose,KeyEvent,99:67:0,_017___auto,Editor,/Users/nozerose/Desktop/2023학년도 1학기 수업/CB3500572-063 C++프로그래밍과실습(Prof.김태연)/실습 017 - auto/main.cpp,,1,13,Changes
2023-03-08T00:28:22.212+09:00,nozerose,KeyEvent,101:69:0,_017___auto,Editor,/Users/nozerose/Desktop/2023학년도 1학기 수업/CB3500572-063 C++프로그래밍과실습(Prof.김태연)/실습 017 - auto/main.cpp,,1,14,Changes
2023-03-08T00:28:22.353+09:00,nozerose,KeyEvent,32:32:0,_017___auto,Editor,/Users/nozerose/Desktop/2023학년도 1학기 수업/CB3500572-063 C++프로그래밍과실습(Prof.김태연)/실습 017 - auto/main.cpp,,1,15,Changes
2023-03-08T00:28:22.509+09:00,nozerose,KeyEvent,115:83:0,_017___auto,Editor,/Users/nozerose/Desktop/2023학년도 1학기 수업/CB3500572-063 C++프로그래밍과실습(Prof.김태연)/실습 017 - auto/main.cpp,,1,16,Changes
2023-03-08T00:28:22.695+09:00,nozerose,KeyEvent,116:84:0,_017___auto,Editor,/Users/nozerose/Desktop/2023학년도 1학기 수업/CB3500572-063 C++프로그래밍과실습(Prof.김태연)/실습 017 - auto/main.cpp,,1,17,Changes
2023-03-08T00:28:22.924+09:00,nozerose,KeyEvent,100:68:0,_017___auto,Editor,/Users/nozerose/Desktop/2023학년도 1학기 수업/CB3500572-063 C++프로그래밍과실습(Prof.김태연)/실습 017 - auto/main.cpp,,1,18,Changes
2023-03-08T00:28:23.000+09:00,nozerose,KeyEvent,59:59:0,_017___auto,Editor,/Users/nozerose/Desktop/2023학년도 1학기 수업/CB3500572-063 C++프로그래밍과실습(Prof.김태연)/실습 017 - auto/main.cpp,,1,19,Changes
2023-03-08T00:28:24.744+09:00,nozerose,Action,EditorBackSpace,_017___auto,Editor,/Users/nozerose/Desktop/2023학년도 1학기 수업/CB3500572-063 C++프로그래밍과실습(Prof.김태연)/실습 017 - auto/main.cpp,,4,14,Changes
2023-03-08T00:28:24.746+09:00,nozerose,KeyEvent,8:8:0,_017___auto,Editor,/Users/nozerose/Desktop/2023학년도 1학기 수업/CB3500572-063 C++프로그래밍과실습(Prof.김태연)/실습 017 - auto/main.cpp,,4,13,Changes
2023-03-08T00:28:24.936+09:00,nozerose,Action,EditorBackSpace,_017___auto,Editor,/Users/nozerose/Desktop/2023학년도 1학기 수업/CB3500572-063 C++프로그래밍과실습(Prof.김태연)/실습 017 - auto/main.cpp,,4,13,Changes
2023-03-08T00:28:24.938+09:00,nozerose,KeyEvent,8:8:0,_017___auto,Editor,/Users/nozerose/Desktop/2023학년도 1학기 수업/CB3500572-063 C++프로그래밍과실습(Prof.김태연)/실습 017 - auto/main.cpp,,4,12,Changes
2023-03-08T00:28:25.069+09:00,nozerose,Action,EditorBackSpace,_017___auto,Editor,/Users/nozerose/Desktop/2023학년도 1학기 수업/CB3500572-063 C++프로그래밍과실습(Prof.김태연)/실습 017 - auto/main.cpp,,4,12,Changes
2023-03-08T00:28:25.075+09:00,nozerose,KeyEvent,8:8:0,_017___auto,Editor,/Users/nozerose/Desktop/2023학년도 1학기 수업/CB3500572-063 C++프로그래밍과실습(Prof.김태연)/실습 017 - auto/main.cpp,,4,11,Changes
2023-03-08T00:28:25.281+09:00,nozerose,Action,EditorBackSpace,_017___auto,Editor,/Users/nozerose/Desktop/2023학년도 1학기 수업/CB3500572-063 C++프로그래밍과실습(Prof.김태연)/실습 017 - auto/main.cpp,,4,11,Changes
2023-03-08T00:28:25.283+09:00,nozerose,KeyEvent,8:8:0,_017___auto,Editor,/Users/nozerose/Desktop/2023학년도 1학기 수업/CB3500572-063 C++프로그래밍과실습(Prof.김태연)/실습 017 - auto/main.cpp,,4,10,Changes
2023-03-08T00:28:25.541+09:00,nozerose,Action,EditorBackSpace,_017___auto,Editor,/Users/nozerose/Desktop/2023학년도 1학기 수업/CB3500572-063 C++프로그래밍과실습(Prof.김태연)/실습 017 - auto/main.cpp,,4,10,Changes
2023-03-08T00:28:25.543+09:00,nozerose,KeyEvent,8:8:0,_017___auto,Editor,/Users/nozerose/Desktop/2023학년도 1학기 수업/CB3500572-063 C++프로그래밍과실습(Prof.김태연)/실습 017 - auto/main.cpp,,4,9,Changes
2023-03-08T00:28:28.043+09:00,nozerose,Action,EditorLeft,_017___auto,Editor,/Users/nozerose/Desktop/2023학년도 1학기 수업/CB3500572-063 C++프로그래밍과실습(Prof.김태연)/실습 017 - auto/main.cpp,,8,20,Changes
2023-03-08T00:28:28.044+09:00,nozerose,KeyEvent,65535:37:0,_017___auto,Editor,/Users/nozerose/Desktop/2023학년도 1학기 수업/CB3500572-063 C++프로그래밍과실습(Prof.김태연)/실습 017 - auto/main.cpp,,8,19,Changes
2023-03-08T00:28:28.313+09:00,nozerose,Action,EditorBackSpace,_017___auto,Editor,/Users/nozerose/Desktop/2023학년도 1학기 수업/CB3500572-063 C++프로그래밍과실습(Prof.김태연)/실습 017 - auto/main.cpp,,8,19,Changes
2023-03-08T00:28:28.315+09:00,nozerose,KeyEvent,8:8:0,_017___auto,Editor,/Users/nozerose/Desktop/2023학년도 1학기 수업/CB3500572-063 C++프로그래밍과실습(Prof.김태연)/실습 017 - auto/main.cpp,,8,18,Changes
2023-03-08T00:28:28.450+09:00,nozerose,Action,EditorBackSpace,_017___auto,Editor,/Users/nozerose/Desktop/2023학년도 1학기 수업/CB3500572-063 C++프로그래밍과실습(Prof.김태연)/실습 017 - auto/main.cpp,,8,18,Changes
2023-03-08T00:28:28.454+09:00,nozerose,KeyEvent,8:8:0,_017___auto,Editor,/Users/nozerose/Desktop/2023학년도 1학기 수업/CB3500572-063 C++프로그래밍과실습(Prof.김태연)/실습 017 - auto/main.cpp,,8,17,Changes
2023-03-08T00:28:28.604+09:00,nozerose,Action,EditorBackSpace,_017___auto,Editor,/Users/nozerose/Desktop/2023학년도 1학기 수업/CB3500572-063 C++프로그래밍과실습(Prof.김태연)/실습 017 - auto/main.cpp,,8,17,Changes
2023-03-08T00:28:28.613+09:00,nozerose,KeyEvent,8:8:0,_017___auto,Editor,/Users/nozerose/Desktop/2023학년도 1학기 수업/CB3500572-063 C++프로그래밍과실습(Prof.김태연)/실습 017 - auto/main.cpp,,8,16,Changes
2023-03-08T00:28:28.763+09:00,nozerose,Action,EditorBackSpace,_017___auto,Editor,/Users/nozerose/Desktop/2023학년도 1학기 수업/CB3500572-063 C++프로그래밍과실습(Prof.김태연)/실습 017 - auto/main.cpp,,8,16,Changes
2023-03-08T00:28:28.766+09:00,nozerose,KeyEvent,8:8:0,_017___auto,Editor,/Users/nozerose/Desktop/2023학년도 1학기 수업/CB3500572-063 C++프로그래밍과실습(Prof.김태연)/실습 017 - auto/main.cpp,,8,15,Changes
2023-03-08T00:28:28.944+09:00,nozerose,Action,EditorBackSpace,_017___auto,Editor,/Users/nozerose/Desktop/2023학년도 1학기 수업/CB3500572-063 C++프로그래밍과실습(Prof.김태연)/실습 017 - auto/main.cpp,,8,15,Changes
2023-03-08T00:28:28.946+09:00,nozerose,KeyEvent,8:8:0,_017___auto,Editor,/Users/nozerose/Desktop/2023학년도 1학기 수업/CB3500572-063 C++프로그래밍과실습(Prof.김태연)/실습 017 - auto/main.cpp,,8,14,Changes
2023-03-08T00:28:29.360+09:00,nozerose,Action,EditorDown,_017___auto,Editor,/Users/nozerose/Desktop/2023학년도 1학기 수업/CB3500572-063 C++프로그래밍과실습(Prof.김태연)/실습 017 - auto/main.cpp,,8,14,Changes
2023-03-08T00:28:29.361+09:00,nozerose,KeyEvent,65535:40:0,_017___auto,Editor,/Users/nozerose/Desktop/2023학년도 1학기 수업/CB3500572-063 C++프로그래밍과실습(Prof.김태연)/실습 017 - auto/main.cpp,,9,14,Changes
2023-03-08T00:28:29.610+09:00,nozerose,Action,EditorRight,_017___auto,Editor,/Users/nozerose/Desktop/2023학년도 1학기 수업/CB3500572-063 C++프로그래밍과실습(Prof.김태연)/실습 017 - auto/main.cpp,,9,14,Changes
2023-03-08T00:28:29.611+09:00,nozerose,KeyEvent,65535:39:0,_017___auto,Editor,/Users/nozerose/Desktop/2023학년도 1학기 수업/CB3500572-063 C++프로그래밍과실습(Prof.김태연)/실습 017 - auto/main.cpp,,9,15,Changes
2023-03-08T00:28:29.757+09:00,nozerose,Action,EditorRight,_017___auto,Editor,/Users/nozerose/Desktop/2023학년도 1학기 수업/CB3500572-063 C++프로그래밍과실습(Prof.김태연)/실습 017 - auto/main.cpp,,9,15,Changes
2023-03-08T00:28:29.759+09:00,nozerose,KeyEvent,65535:39:0,_017___auto,Editor,/Users/nozerose/Desktop/2023학년도 1학기 수업/CB3500572-063 C++프로그래밍과실습(Prof.김태연)/실습 017 - auto/main.cpp,,9,16,Changes
2023-03-08T00:28:29.906+09:00,nozerose,Action,EditorRight,_017___auto,Editor,/Users/nozerose/Desktop/2023학년도 1학기 수업/CB3500572-063 C++프로그래밍과실습(Prof.김태연)/실습 017 - auto/main.cpp,,9,16,Changes
2023-03-08T00:28:29.908+09:00,nozerose,KeyEvent,65535:39:0,_017___auto,Editor,/Users/nozerose/Desktop/2023학년도 1학기 수업/CB3500572-063 C++프로그래밍과실습(Prof.김태연)/실습 017 - auto/main.cpp,,9,17,Changes
2023-03-08T00:28:30.052+09:00,nozerose,Action,EditorRight,_017___auto,Editor,/Users/nozerose/Desktop/2023학년도 1학기 수업/CB3500572-063 C++프로그래밍과실습(Prof.김태연)/실습 017 - auto/main.cpp,,9,17,Changes
2023-03-08T00:28:30.055+09:00,nozerose,KeyEvent,65535:39:0,_017___auto,Editor,/Users/nozerose/Desktop/2023학년도 1학기 수업/CB3500572-063 C++프로그래밍과실습(Prof.김태연)/실습 017 - auto/main.cpp,,9,18,Changes
2023-03-08T00:28:30.195+09:00,nozerose,Action,EditorRight,_017___auto,Editor,/Users/nozerose/Desktop/2023학년도 1학기 수업/CB3500572-063 C++프로그래밍과실습(Prof.김태연)/실습 017 - auto/main.cpp,,9,18,Changes
2023-03-08T00:28:30.196+09:00,nozerose,KeyEvent,65535:39:0,_017___auto,Editor,/Users/nozerose/Desktop/2023학년도 1학기 수업/CB3500572-063 C++프로그래밍과실습(Prof.김태연)/실습 017 - auto/main.cpp,,9,19,Changes
2023-03-08T00:28:30.467+09:00,nozerose,Action,EditorBackSpace,_017___auto,Editor,/Users/nozerose/Desktop/2023학년도 1학기 수업/CB3500572-063 C++프로그래밍과실습(Prof.김태연)/실습 017 - auto/main.cpp,,9,19,Changes
2023-03-08T00:28:30.472+09:00,nozerose,KeyEvent,8:8:0,_017___auto,Editor,/Users/nozerose/Desktop/2023학년도 1학기 수업/CB3500572-063 C++프로그래밍과실습(Prof.김태연)/실습 017 - auto/main.cpp,,9,18,Changes
2023-03-08T00:28:30.625+09:00,nozerose,Action,EditorBackSpace,_017___auto,Editor,/Users/nozerose/Desktop/2023학년도 1학기 수업/CB3500572-063 C++프로그래밍과실습(Prof.김태연)/실습 017 - auto/main.cpp,,9,18,Changes
2023-03-08T00:28:30.631+09:00,nozerose,KeyEvent,8:8:0,_017___auto,Editor,/Users/nozerose/Desktop/2023학년도 1학기 수업/CB3500572-063 C++프로그래밍과실습(Prof.김태연)/실습 017 - auto/main.cpp,,9,17,Changes
2023-03-08T00:28:30.779+09:00,nozerose,Action,EditorBackSpace,_017___auto,Editor,/Users/nozerose/Desktop/2023학년도 1학기 수업/CB3500572-063 C++프로그래밍과실습(Prof.김태연)/실습 017 - auto/main.cpp,,9,17,Changes
2023-03-08T00:28:30.782+09:00,nozerose,KeyEvent,8:8:0,_017___auto,Editor,/Users/nozerose/Desktop/2023학년도 1학기 수업/CB3500572-063 C++프로그래밍과실습(Prof.김태연)/실습 017 - auto/main.cpp,,9,16,Changes
2023-03-08T00:28:30.927+09:00,nozerose,Action,EditorBackSpace,_017___auto,Editor,/Users/nozerose/Desktop/2023학년도 1학기 수업/CB3500572-063 C++프로그래밍과실습(Prof.김태연)/실습 017 - auto/main.cpp,,9,16,Changes
2023-03-08T00:28:30.940+09:00,nozerose,KeyEvent,8:8:0,_017___auto,Editor,/Users/nozerose/Desktop/2023학년도 1학기 수업/CB3500572-063 C++프로그래밍과실습(Prof.김태연)/실습 017 - auto/main.cpp,,9,15,Changes
2023-03-08T00:28:31.109+09:00,nozerose,Action,EditorBackSpace,_017___auto,Editor,/Users/nozerose/Desktop/2023학년도 1학기 수업/CB3500572-063 C++프로그래밍과실습(Prof.김태연)/실습 017 - auto/main.cpp,,9,15,Changes
2023-03-08T00:28:31.114+09:00,nozerose,KeyEvent,8:8:0,_017___auto,Editor,/Users/nozerose/Desktop/2023학년도 1학기 수업/CB3500572-063 C++프로그래밍과실습(Prof.김태연)/실습 017 - auto/main.cpp,,9,14,Changes
2023-03-08T00:28:33.071+09:00,nozerose,Action,EditorBackSpace,_017___auto,Editor,/Users/nozerose/Desktop/2023학년도 1학기 수업/CB3500572-063 C++프로그래밍과실습(Prof.김태연)/실습 017 - auto/main.cpp,,11,7,Changes
2023-03-08T00:28:33.078+09:00,nozerose,KeyEvent,8:8:0,_017___auto,Editor,/Users/nozerose/Desktop/2023학년도 1학기 수업/CB3500572-063 C++프로그래밍과실습(Prof.김태연)/실습 017 - auto/main.cpp,,11,6,Changes
2023-03-08T00:28:33.201+09:00,nozerose,Action,EditorBackSpace,_017___auto,Editor,/Users/nozerose/Desktop/2023학년도 1학기 수업/CB3500572-063 C++프로그래밍과실습(Prof.김태연)/실습 017 - auto/main.cpp,,11,6,Changes
2023-03-08T00:28:33.209+09:00,nozerose,KeyEvent,8:8:0,_017___auto,Editor,/Users/nozerose/Desktop/2023학년도 1학기 수업/CB3500572-063 C++프로그래밍과실습(Prof.김태연)/실습 017 - auto/main.cpp,,11,5,Changes
2023-03-08T00:28:33.371+09:00,nozerose,Action,EditorBackSpace,_017___auto,Editor,/Users/nozerose/Desktop/2023학년도 1학기 수업/CB3500572-063 C++프로그래밍과실습(Prof.김태연)/실습 017 - auto/main.cpp,,11,5,Changes
2023-03-08T00:28:33.384+09:00,nozerose,KeyEvent,8:8:0,_017___auto,Editor,/Users/nozerose/Desktop/2023학년도 1학기 수업/CB3500572-063 C++프로그래밍과실습(Prof.김태연)/실습 017 - auto/main.cpp,,11,4,Changes
2023-03-08T00:28:33.504+09:00,nozerose,Action,EditorBackSpace,_017___auto,Editor,/Users/nozerose/Desktop/2023학년도 1학기 수업/CB3500572-063 C++프로그래밍과실습(Prof.김태연)/실습 017 - auto/main.cpp,,11,4,Changes
2023-03-08T00:28:33.515+09:00,nozerose,KeyEvent,8:8:0,_017___auto,Editor,/Users/nozerose/Desktop/2023학년도 1학기 수업/CB3500572-063 C++프로그래밍과실습(Prof.김태연)/실습 017 - auto/main.cpp,,11,3,Changes
2023-03-08T00:28:33.639+09:00,nozerose,Action,EditorBackSpace,_017___auto,Editor,/Users/nozerose/Desktop/2023학년도 1학기 수업/CB3500572-063 C++프로그래밍과실습(Prof.김태연)/실습 017 - auto/main.cpp,,11,3,Changes
2023-03-08T00:28:33.642+09:00,nozerose,KeyEvent,8:8:0,_017___auto,Editor,/Users/nozerose/Desktop/2023학년도 1학기 수업/CB3500572-063 C++프로그래밍과실습(Prof.김태연)/실습 017 - auto/main.cpp,,11,2,Changes
2023-03-08T00:28:36.382+09:00,nozerose,Action,EditorLeft,_017___auto,Editor,/Users/nozerose/Desktop/2023학년도 1학기 수업/CB3500572-063 C++프로그래밍과실습(Prof.김태연)/실습 017 - auto/main.cpp,,11,38,Changes
2023-03-08T00:28:36.383+09:00,nozerose,KeyEvent,65535:37:0,_017___auto,Editor,/Users/nozerose/Desktop/2023학년도 1학기 수업/CB3500572-063 C++프로그래밍과실습(Prof.김태연)/실습 017 - auto/main.cpp,,11,37,Changes
2023-03-08T00:28:36.649+09:00,nozerose,Action,EditorBackSpace,_017___auto,Editor,/Users/nozerose/Desktop/2023학년도 1학기 수업/CB3500572-063 C++프로그래밍과실습(Prof.김태연)/실습 017 - auto/main.cpp,,11,37,Changes
2023-03-08T00:28:36.652+09:00,nozerose,KeyEvent,8:8:0,_017___auto,Editor,/Users/nozerose/Desktop/2023학년도 1학기 수업/CB3500572-063 C++프로그래밍과실습(Prof.김태연)/실습 017 - auto/main.cpp,,11,36,Changes
2023-03-08T00:28:36.796+09:00,nozerose,Action,EditorBackSpace,_017___auto,Editor,/Users/nozerose/Desktop/2023학년도 1학기 수업/CB3500572-063 C++프로그래밍과실습(Prof.김태연)/실습 017 - auto/main.cpp,,11,36,Changes
2023-03-08T00:28:36.803+09:00,nozerose,KeyEvent,8:8:0,_017___auto,Editor,/Users/nozerose/Desktop/2023학년도 1학기 수업/CB3500572-063 C++프로그래밍과실습(Prof.김태연)/실습 017 - auto/main.cpp,,11,35,Changes
2023-03-08T00:28:36.946+09:00,nozerose,Action,EditorBackSpace,_017___auto,Editor,/Users/nozerose/Desktop/2023학년도 1학기 수업/CB3500572-063 C++프로그래밍과실습(Prof.김태연)/실습 017 - auto/main.cpp,,11,35,Changes
2023-03-08T00:28:36.958+09:00,nozerose,KeyEvent,8:8:0,_017___auto,Editor,/Users/nozerose/Desktop/2023학년도 1학기 수업/CB3500572-063 C++프로그래밍과실습(Prof.김태연)/실습 017 - auto/main.cpp,,11,34,Changes
2023-03-08T00:28:37.125+09:00,nozerose,Action,EditorBackSpace,_017___auto,Editor,/Users/nozerose/Desktop/2023학년도 1학기 수업/CB3500572-063 C++프로그래밍과실습(Prof.김태연)/실습 017 - auto/main.cpp,,11,34,Changes
2023-03-08T00:28:37.128+09:00,nozerose,KeyEvent,8:8:0,_017___auto,Editor,/Users/nozerose/Desktop/2023학년도 1학기 수업/CB3500572-063 C++프로그래밍과실습(Prof.김태연)/실습 017 - auto/main.cpp,,11,33,Changes
2023-03-08T00:28:37.613+09:00,nozerose,Action,EditorBackSpace,_017___auto,Editor,/Users/nozerose/Desktop/2023학년도 1학기 수업/CB3500572-063 C++프로그래밍과실습(Prof.김태연)/실습 017 - auto/main.cpp,,11,33,Changes
2023-03-08T00:28:37.615+09:00,nozerose,KeyEvent,8:8:0,_017___auto,Editor,/Users/nozerose/Desktop/2023학년도 1학기 수업/CB3500572-063 C++프로그래밍과실습(Prof.김태연)/실습 017 - auto/main.cpp,,11,32,Changes
2023-03-08T00:28:40.594+09:00,nozerose,Action,EditorBackSpace,_017___auto,Editor,/Users/nozerose/Desktop/2023학년도 1학기 수업/CB3500572-063 C++프로그래밍과실습(Prof.김태연)/실습 017 - auto/main.cpp,,14,7,Changes
2023-03-08T00:28:40.601+09:00,nozerose,KeyEvent,8:8:0,_017___auto,Editor,/Users/nozerose/Desktop/2023학년도 1학기 수업/CB3500572-063 C++프로그래밍과실습(Prof.김태연)/실습 017 - auto/main.cpp,,14,6,Changes
2023-03-08T00:28:40.732+09:00,nozerose,Action,EditorBackSpace,_017___auto,Editor,/Users/nozerose/Desktop/2023학년도 1학기 수업/CB3500572-063 C++프로그래밍과실습(Prof.김태연)/실습 017 - auto/main.cpp,,14,6,Changes
2023-03-08T00:28:40.738+09:00,nozerose,KeyEvent,8:8:0,_017___auto,Editor,/Users/nozerose/Desktop/2023학년도 1학기 수업/CB3500572-063 C++프로그래밍과실습(Prof.김태연)/실습 017 - auto/main.cpp,,14,5,Changes
2023-03-08T00:28:40.890+09:00,nozerose,Action,EditorBackSpace,_017___auto,Editor,/Users/nozerose/Desktop/2023학년도 1학기 수업/CB3500572-063 C++프로그래밍과실습(Prof.김태연)/실습 017 - auto/main.cpp,,14,5,Changes
2023-03-08T00:28:40.894+09:00,nozerose,KeyEvent,8:8:0,_017___auto,Editor,/Users/nozerose/Desktop/2023학년도 1학기 수업/CB3500572-063 C++프로그래밍과실습(Prof.김태연)/실습 017 - auto/main.cpp,,14,4,Changes
2023-03-08T00:28:41.040+09:00,nozerose,Action,EditorBackSpace,_017___auto,Editor,/Users/nozerose/Desktop/2023학년도 1학기 수업/CB3500572-063 C++프로그래밍과실습(Prof.김태연)/실습 017 - auto/main.cpp,,14,4,Changes
2023-03-08T00:28:41.051+09:00,nozerose,KeyEvent,8:8:0,_017___auto,Editor,/Users/nozerose/Desktop/2023학년도 1학기 수업/CB3500572-063 C++프로그래밍과실습(Prof.김태연)/실습 017 - auto/main.cpp,,14,3,Changes
2023-03-08T00:28:41.245+09:00,nozerose,Action,EditorBackSpace,_017___auto,Editor,/Users/nozerose/Desktop/2023학년도 1학기 수업/CB3500572-063 C++프로그래밍과실습(Prof.김태연)/실습 017 - auto/main.cpp,,14,3,Changes
2023-03-08T00:28:41.247+09:00,nozerose,KeyEvent,8:8:0,_017___auto,Editor,/Users/nozerose/Desktop/2023학년도 1학기 수업/CB3500572-063 C++프로그래밍과실습(Prof.김태연)/실습 017 - auto/main.cpp,,14,2,Changes
2023-03-08T00:28:43.842+09:00,nozerose,Action,EditorBackSpace,_017___auto,Editor,/Users/nozerose/Desktop/2023학년도 1학기 수업/CB3500572-063 C++프로그래밍과실습(Prof.김태연)/실습 017 - auto/main.cpp,,14,49,Changes
2023-03-08T00:28:43.849+09:00,nozerose,KeyEvent,8:8:0,_017___auto,Editor,/Users/nozerose/Desktop/2023학년도 1학기 수업/CB3500572-063 C++프로그래밍과실습(Prof.김태연)/실습 017 - auto/main.cpp,,14,48,Changes
2023-03-08T00:28:43.999+09:00,nozerose,Action,EditorBackSpace,_017___auto,Editor,/Users/nozerose/Desktop/2023학년도 1학기 수업/CB3500572-063 C++프로그래밍과실습(Prof.김태연)/실습 017 - auto/main.cpp,,14,48,Changes
2023-03-08T00:28:44.013+09:00,nozerose,KeyEvent,8:8:0,_017___auto,Editor,/Users/nozerose/Desktop/2023학년도 1학기 수업/CB3500572-063 C++프로그래밍과실습(Prof.김태연)/실습 017 - auto/main.cpp,,14,47,Changes
2023-03-08T00:28:44.166+09:00,nozerose,Action,EditorBackSpace,_017___auto,Editor,/Users/nozerose/Desktop/2023학년도 1학기 수업/CB3500572-063 C++프로그래밍과실습(Prof.김태연)/실습 017 - auto/main.cpp,,14,47,Changes
2023-03-08T00:28:44.179+09:00,nozerose,KeyEvent,8:8:0,_017___auto,Editor,/Users/nozerose/Desktop/2023학년도 1학기 수업/CB3500572-063 C++프로그래밍과실습(Prof.김태연)/실습 017 - auto/main.cpp,,14,46,Changes
2023-03-08T00:28:44.306+09:00,nozerose,Action,EditorBackSpace,_017___auto,Editor,/Users/nozerose/Desktop/2023학년도 1학기 수업/CB3500572-063 C++프로그래밍과실습(Prof.김태연)/실습 017 - auto/main.cpp,,14,46,Changes
2023-03-08T00:28:44.318+09:00,nozerose,KeyEvent,8:8:0,_017___auto,Editor,/Users/nozerose/Desktop/2023학년도 1학기 수업/CB3500572-063 C++프로그래밍과실습(Prof.김태연)/실습 017 - auto/main.cpp,,14,45,Changes
2023-03-08T00:28:44.507+09:00,nozerose,Action,EditorBackSpace,_017___auto,Editor,/Users/nozerose/Desktop/2023학년도 1학기 수업/CB3500572-063 C++프로그래밍과실습(Prof.김태연)/실습 017 - auto/main.cpp,,14,45,Changes
2023-03-08T00:28:44.509+09:00,nozerose,KeyEvent,8:8:0,_017___auto,Editor,/Users/nozerose/Desktop/2023학년도 1학기 수업/CB3500572-063 C++프로그래밍과실습(Prof.김태연)/실습 017 - auto/main.cpp,,14,44,Changes
2023-03-08T00:28:46.643+09:00,nozerose,Action,EditorBackSpace,_017___auto,Editor,/Users/nozerose/Desktop/2023학년도 1학기 수업/CB3500572-063 C++프로그래밍과실습(Prof.김태연)/실습 017 - auto/main.cpp,,17,7,Changes
2023-03-08T00:28:46.647+09:00,nozerose,KeyEvent,8:8:0,_017___auto,Editor,/Users/nozerose/Desktop/2023학년도 1학기 수업/CB3500572-063 C++프로그래밍과실습(Prof.김태연)/실습 017 - auto/main.cpp,,17,6,Changes
2023-03-08T00:28:46.782+09:00,nozerose,Action,EditorBackSpace,_017___auto,Editor,/Users/nozerose/Desktop/2023학년도 1학기 수업/CB3500572-063 C++프로그래밍과실습(Prof.김태연)/실습 017 - auto/main.cpp,,17,6,Changes
2023-03-08T00:28:46.796+09:00,nozerose,KeyEvent,8:8:0,_017___auto,Editor,/Users/nozerose/Desktop/2023학년도 1학기 수업/CB3500572-063 C++프로그래밍과실습(Prof.김태연)/실습 017 - auto/main.cpp,,17,5,Changes
2023-03-08T00:28:46.946+09:00,nozerose,Action,EditorBackSpace,_017___auto,Editor,/Users/nozerose/Desktop/2023학년도 1학기 수업/CB3500572-063 C++프로그래밍과실습(Prof.김태연)/실습 017 - auto/main.cpp,,17,5,Changes
2023-03-08T00:28:46.950+09:00,nozerose,KeyEvent,8:8:0,_017___auto,Editor,/Users/nozerose/Desktop/2023학년도 1학기 수업/CB3500572-063 C++프로그래밍과실습(Prof.김태연)/실습 017 - auto/main.cpp,,17,4,Changes
2023-03-08T00:28:47.124+09:00,nozerose,Action,EditorBackSpace,_017___auto,Editor,/Users/nozerose/Desktop/2023학년도 1학기 수업/CB3500572-063 C++프로그래밍과실습(Prof.김태연)/실습 017 - auto/main.cpp,,17,4,Changes
2023-03-08T00:28:47.126+09:00,nozerose,KeyEvent,8:8:0,_017___auto,Editor,/Users/nozerose/Desktop/2023학년도 1학기 수업/CB3500572-063 C++프로그래밍과실습(Prof.김태연)/실습 017 - auto/main.cpp,,17,3,Changes
2023-03-08T00:28:47.453+09:00,nozerose,Action,EditorBackSpace,_017___auto,Editor,/Users/nozerose/Desktop/2023학년도 1학기 수업/CB3500572-063 C++프로그래밍과실습(Prof.김태연)/실습 017 - auto/main.cpp,,17,3,Changes
2023-03-08T00:28:47.456+09:00,nozerose,KeyEvent,8:8:0,_017___auto,Editor,/Users/nozerose/Desktop/2023학년도 1학기 수업/CB3500572-063 C++프로그래밍과실습(Prof.김태연)/실습 017 - auto/main.cpp,,17,2,Changes
2023-03-08T00:28:49.593+09:00,nozerose,Action,EditorLeft,_017___auto,Editor,/Users/nozerose/Desktop/2023학년도 1학기 수업/CB3500572-063 C++프로그래밍과실습(Prof.김태연)/실습 017 - auto/main.cpp,,17,35,Changes
2023-03-08T00:28:49.596+09:00,nozerose,KeyEvent,65535:37:0,_017___auto,Editor,/Users/nozerose/Desktop/2023학년도 1학기 수업/CB3500572-063 C++프로그래밍과실습(Prof.김태연)/실습 017 - auto/main.cpp,,17,34,Changes
2023-03-08T00:28:49.870+09:00,nozerose,Action,EditorBackSpace,_017___auto,Editor,/Users/nozerose/Desktop/2023학년도 1학기 수업/CB3500572-063 C++프로그래밍과실습(Prof.김태연)/실습 017 - auto/main.cpp,,17,34,Changes
2023-03-08T00:28:49.876+09:00,nozerose,KeyEvent,8:8:0,_017___auto,Editor,/Users/nozerose/Desktop/2023학년도 1학기 수업/CB3500572-063 C++프로그래밍과실습(Prof.김태연)/실습 017 - auto/main.cpp,,17,33,Changes
2023-03-08T00:28:50.002+09:00,nozerose,Action,EditorBackSpace,_017___auto,Editor,/Users/nozerose/Desktop/2023학년도 1학기 수업/CB3500572-063 C++프로그래밍과실습(Prof.김태연)/실습 017 - auto/main.cpp,,17,33,Changes
2023-03-08T00:28:50.004+09:00,nozerose,KeyEvent,8:8:0,_017___auto,Editor,/Users/nozerose/Desktop/2023학년도 1학기 수업/CB3500572-063 C++프로그래밍과실습(Prof.김태연)/실습 017 - auto/main.cpp,,17,32,Changes
2023-03-08T00:28:50.147+09:00,nozerose,Action,EditorBackSpace,_017___auto,Editor,/Users/nozerose/Desktop/2023학년도 1학기 수업/CB3500572-063 C++프로그래밍과실습(Prof.김태연)/실습 017 - auto/main.cpp,,17,32,Changes
2023-03-08T00:28:50.159+09:00,nozerose,KeyEvent,8:8:0,_017___auto,Editor,/Users/nozerose/Desktop/2023학년도 1학기 수업/CB3500572-063 C++프로그래밍과실습(Prof.김태연)/실습 017 - auto/main.cpp,,17,31,Changes
2023-03-08T00:28:50.281+09:00,nozerose,Action,EditorBackSpace,_017___auto,Editor,/Users/nozerose/Desktop/2023학년도 1학기 수업/CB3500572-063 C++프로그래밍과실습(Prof.김태연)/실습 017 - auto/main.cpp,,17,31,Changes
2023-03-08T00:28:50.287+09:00,nozerose,KeyEvent,8:8:0,_017___auto,Editor,/Users/nozerose/Desktop/2023학년도 1학기 수업/CB3500572-063 C++프로그래밍과실습(Prof.김태연)/실습 017 - auto/main.cpp,,17,30,Changes
2023-03-08T00:28:50.531+09:00,nozerose,Action,EditorBackSpace,_017___auto,Editor,/Users/nozerose/Desktop/2023학년도 1학기 수업/CB3500572-063 C++프로그래밍과실습(Prof.김태연)/실습 017 - auto/main.cpp,,17,30,Changes
2023-03-08T00:28:50.533+09:00,nozerose,KeyEvent,8:8:0,_017___auto,Editor,/Users/nozerose/Desktop/2023학년도 1학기 수업/CB3500572-063 C++프로그래밍과실습(Prof.김태연)/실습 017 - auto/main.cpp,,17,29,Changes
2023-03-08T00:31:34.892+09:00,nozerose,Action,EditorBackSpace,_017___auto,Editor,/Users/nozerose/Desktop/2023학년도 1학기 수업/CB3500572-063 C++프로그래밍과실습(Prof.김태연)/실습 017 - auto/main.cpp,,8,8,Changes
2023-03-08T00:31:34.896+09:00,nozerose,KeyEvent,8:8:0,_017___auto,Editor,/Users/nozerose/Desktop/2023학년도 1학기 수업/CB3500572-063 C++프로그래밍과실습(Prof.김태연)/실습 017 - auto/main.cpp,,8,7,Changes
2023-03-08T00:31:35.073+09:00,nozerose,Action,EditorBackSpace,_017___auto,Editor,/Users/nozerose/Desktop/2023학년도 1학기 수업/CB3500572-063 C++프로그래밍과실습(Prof.김태연)/실습 017 - auto/main.cpp,,8,7,Changes
2023-03-08T00:31:35.085+09:00,nozerose,KeyEvent,8:8:0,_017___auto,Editor,/Users/nozerose/Desktop/2023학년도 1학기 수업/CB3500572-063 C++프로그래밍과실습(Prof.김태연)/실습 017 - auto/main.cpp,,8,6,Changes
2023-03-08T00:31:35.269+09:00,nozerose,Action,EditorBackSpace,_017___auto,Editor,/Users/nozerose/Desktop/2023학년도 1학기 수업/CB3500572-063 C++프로그래밍과실습(Prof.김태연)/실습 017 - auto/main.cpp,,8,6,Changes
2023-03-08T00:31:35.271+09:00,nozerose,KeyEvent,8:8:0,_017___auto,Editor,/Users/nozerose/Desktop/2023학년도 1학기 수업/CB3500572-063 C++프로그래밍과실습(Prof.김태연)/실습 017 - auto/main.cpp,,8,5,Changes
2023-03-08T00:31:35.699+09:00,nozerose,Action,EditorBackSpace,_017___auto,Editor,/Users/nozerose/Desktop/2023학년도 1학기 수업/CB3500572-063 C++프로그래밍과실습(Prof.김태연)/실습 017 - auto/main.cpp,,8,5,Changes
2023-03-08T00:31:35.701+09:00,nozerose,KeyEvent,8:8:0,_017___auto,Editor,/Users/nozerose/Desktop/2023학년도 1학기 수업/CB3500572-063 C++프로그래밍과실습(Prof.김태연)/실습 017 - auto/main.cpp,,8,4,Changes
2023-03-08T00:31:35.863+09:00,nozerose,Action,EditorBackSpace,_017___auto,Editor,/Users/nozerose/Desktop/2023학년도 1학기 수업/CB3500572-063 C++프로그래밍과실습(Prof.김태연)/실습 017 - auto/main.cpp,,8,4,Changes
2023-03-08T00:31:35.867+09:00,nozerose,KeyEvent,8:8:0,_017___auto,Editor,/Users/nozerose/Desktop/2023학년도 1학기 수업/CB3500572-063 C++프로그래밍과실습(Prof.김태연)/실습 017 - auto/main.cpp,,8,3,Changes
2023-03-08T00:31:36.239+09:00,nozerose,Action,EditorBackSpace,_017___auto,Editor,/Users/nozerose/Desktop/2023학년도 1학기 수업/CB3500572-063 C++프로그래밍과실습(Prof.김태연)/실습 017 - auto/main.cpp,,8,3,Changes
2023-03-08T00:31:36.253+09:00,nozerose,KeyEvent,8:8:0,_017___auto,Editor,/Users/nozerose/Desktop/2023학년도 1학기 수업/CB3500572-063 C++프로그래밍과실습(Prof.김태연)/실습 017 - auto/main.cpp,,8,2,Changes
2023-03-08T00:31:39.468+09:00,nozerose,KeyEvent,117:85:0,_017___auto,Editor,/Users/nozerose/Desktop/2023학년도 1학기 수업/CB3500572-063 C++프로그래밍과실습(Prof.김태연)/실습 017 - auto/main.cpp,,8,2,Changes
2023-03-08T00:31:39.866+09:00,nozerose,Action,EditorBackSpace,_017___auto,Editor,/Users/nozerose/Desktop/2023학년도 1학기 수업/CB3500572-063 C++프로그래밍과실습(Prof.김태연)/실습 017 - auto/main.cpp,,8,3,Changes
2023-03-08T00:31:39.872+09:00,nozerose,KeyEvent,8:8:0,_017___auto,Editor,/Users/nozerose/Desktop/2023학년도 1학기 수업/CB3500572-063 C++프로그래밍과실습(Prof.김태연)/실습 017 - auto/main.cpp,,8,2,Changes
2023-03-08T00:31:40.042+09:00,nozerose,KeyEvent,97:65:0,_017___auto,Editor,/Users/nozerose/Desktop/2023학년도 1학기 수업/CB3500572-063 C++프로그래밍과실습(Prof.김태연)/실습 017 - auto/main.cpp,,8,2,Changes
2023-03-08T00:31:40.160+09:00,nozerose,KeyEvent,117:85:0,_017___auto,Editor,/Users/nozerose/Desktop/2023학년도 1학기 수업/CB3500572-063 C++프로그래밍과실습(Prof.김태연)/실습 017 - auto/main.cpp,,8,3,Changes
2023-03-08T00:31:40.358+09:00,nozerose,KeyEvent,116:84:0,_017___auto,Editor,/Users/nozerose/Desktop/2023학년도 1학기 수업/CB3500572-063 C++프로그래밍과실습(Prof.김태연)/실습 017 - auto/main.cpp,,8,4,Changes
2023-03-08T00:31:40.414+09:00,nozerose,KeyEvent,111:79:0,_017___auto,Editor,/Users/nozerose/Desktop/2023학년도 1학기 수업/CB3500572-063 C++프로그래밍과실습(Prof.김태연)/실습 017 - auto/main.cpp,,8,5,Changes
2023-03-08T00:31:41.357+09:00,nozerose,Action,EditorDown,_017___auto,Editor,/Users/nozerose/Desktop/2023학년도 1학기 수업/CB3500572-063 C++프로그래밍과실습(Prof.김태연)/실습 017 - auto/main.cpp,,8,6,Changes
2023-03-08T00:31:41.359+09:00,nozerose,KeyEvent,65535:40:0,_017___auto,Editor,/Users/nozerose/Desktop/2023학년도 1학기 수업/CB3500572-063 C++프로그래밍과실습(Prof.김태연)/실습 017 - auto/main.cpp,,9,6,Changes
2023-03-08T00:31:41.659+09:00,nozerose,Action,EditorRight,_017___auto,Editor,/Users/nozerose/Desktop/2023학년도 1학기 수업/CB3500572-063 C++프로그래밍과실습(Prof.김태연)/실습 017 - auto/main.cpp,,9,6,Changes
2023-03-08T00:31:41.662+09:00,nozerose,KeyEvent,65535:39:0,_017___auto,Editor,/Users/nozerose/Desktop/2023학년도 1학기 수업/CB3500572-063 C++프로그래밍과실습(Prof.김태연)/실습 017 - auto/main.cpp,,9,7,Changes
2023-03-08T00:31:41.835+09:00,nozerose,Action,EditorRight,_017___auto,Editor,/Users/nozerose/Desktop/2023학년도 1학기 수업/CB3500572-063 C++프로그래밍과실습(Prof.김태연)/실습 017 - auto/main.cpp,,9,7,Changes
2023-03-08T00:31:41.839+09:00,nozerose,KeyEvent,65535:39:0,_017___auto,Editor,/Users/nozerose/Desktop/2023학년도 1학기 수업/CB3500572-063 C++프로그래밍과실습(Prof.김태연)/실습 017 - auto/main.cpp,,9,8,Changes
2023-03-08T00:31:42.161+09:00,nozerose,Action,EditorBackSpace,_017___auto,Editor,/Users/nozerose/Desktop/2023학년도 1학기 수업/CB3500572-063 C++프로그래밍과실습(Prof.김태연)/실습 017 - auto/main.cpp,,9,8,Changes
2023-03-08T00:31:42.166+09:00,nozerose,KeyEvent,8:8:0,_017___auto,Editor,/Users/nozerose/Desktop/2023학년도 1학기 수업/CB3500572-063 C++프로그래밍과실습(Prof.김태연)/실습 017 - auto/main.cpp,,9,7,Changes
2023-03-08T00:31:42.313+09:00,nozerose,Action,EditorBackSpace,_017___auto,Editor,/Users/nozerose/Desktop/2023학년도 1학기 수업/CB3500572-063 C++프로그래밍과실습(Prof.김태연)/실습 017 - auto/main.cpp,,9,7,Changes
2023-03-08T00:31:42.323+09:00,nozerose,KeyEvent,8:8:0,_017___auto,Editor,/Users/nozerose/Desktop/2023학년도 1학기 수업/CB3500572-063 C++프로그래밍과실습(Prof.김태연)/실습 017 - auto/main.cpp,,9,6,Changes
2023-03-08T00:31:42.468+09:00,nozerose,Action,EditorBackSpace,_017___auto,Editor,/Users/nozerose/Desktop/2023학년도 1학기 수업/CB3500572-063 C++프로그래밍과실습(Prof.김태연)/실습 017 - auto/main.cpp,,9,6,Changes
2023-03-08T00:31:42.475+09:00,nozerose,KeyEvent,8:8:0,_017___auto,Editor,/Users/nozerose/Desktop/2023학년도 1학기 수업/CB3500572-063 C++프로그래밍과실습(Prof.김태연)/실습 017 - auto/main.cpp,,9,5,Changes
2023-03-08T00:31:42.618+09:00,nozerose,Action,EditorBackSpace,_017___auto,Editor,/Users/nozerose/Desktop/2023학년도 1학기 수업/CB3500572-063 C++프로그래밍과실습(Prof.김태연)/실습 017 - auto/main.cpp,,9,5,Changes
2023-03-08T00:31:42.630+09:00,nozerose,KeyEvent,8:8:0,_017___auto,Editor,/Users/nozerose/Desktop/2023학년도 1학기 수업/CB3500572-063 C++프로그래밍과실습(Prof.김태연)/실습 017 - auto/main.cpp,,9,4,Changes
2023-03-08T00:31:42.797+09:00,nozerose,Action,EditorBackSpace,_017___auto,Editor,/Users/nozerose/Desktop/2023학년도 1학기 수업/CB3500572-063 C++프로그래밍과실습(Prof.김태연)/실습 017 - auto/main.cpp,,9,4,Changes
2023-03-08T00:31:42.799+09:00,nozerose,KeyEvent,8:8:0,_017___auto,Editor,/Users/nozerose/Desktop/2023학년도 1학기 수업/CB3500572-063 C++프로그래밍과실습(Prof.김태연)/실습 017 - auto/main.cpp,,9,3,Changes
2023-03-08T00:31:42.989+09:00,nozerose,Action,EditorBackSpace,_017___auto,Editor,/Users/nozerose/Desktop/2023학년도 1학기 수업/CB3500572-063 C++프로그래밍과실습(Prof.김태연)/실습 017 - auto/main.cpp,,9,3,Changes
2023-03-08T00:31:42.994+09:00,nozerose,KeyEvent,8:8:0,_017___auto,Editor,/Users/nozerose/Desktop/2023학년도 1학기 수업/CB3500572-063 C++프로그래밍과실습(Prof.김태연)/실습 017 - auto/main.cpp,,9,2,Changes
2023-03-08T00:31:43.366+09:00,nozerose,KeyEvent,97:65:0,_017___auto,Editor,/Users/nozerose/Desktop/2023학년도 1학기 수업/CB3500572-063 C++프로그래밍과실습(Prof.김태연)/실습 017 - auto/main.cpp,,9,2,Changes
2023-03-08T00:31:43.716+09:00,nozerose,KeyEvent,117:85:0,_017___auto,Editor,/Users/nozerose/Desktop/2023학년도 1학기 수업/CB3500572-063 C++프로그래밍과실습(Prof.김태연)/실습 017 - auto/main.cpp,,9,3,Changes
2023-03-08T00:31:43.918+09:00,nozerose,KeyEvent,116:84:0,_017___auto,Editor,/Users/nozerose/Desktop/2023학년도 1학기 수업/CB3500572-063 C++프로그래밍과실습(Prof.김태연)/실습 017 - auto/main.cpp,,9,4,Changes
2023-03-08T00:31:43.974+09:00,nozerose,KeyEvent,111:79:0,_017___auto,Editor,/Users/nozerose/Desktop/2023학년도 1학기 수업/CB3500572-063 C++프로그래밍과실습(Prof.김태연)/실습 017 - auto/main.cpp,,9,5,Changes
2023-03-08T00:32:41.054+09:00,nozerose,Action,EditorBackSpace,_017___auto,Editor,/Users/nozerose/Desktop/2023학년도 1학기 수업/CB3500572-063 C++프로그래밍과실습(Prof.김태연)/실습 017 - auto/main.cpp,,12,8,Changes
2023-03-08T00:32:41.068+09:00,nozerose,KeyEvent,8:8:0,_017___auto,Editor,/Users/nozerose/Desktop/2023학년도 1학기 수업/CB3500572-063 C++프로그래밍과실습(Prof.김태연)/실습 017 - auto/main.cpp,,12,7,Changes
2023-03-08T00:32:41.225+09:00,nozerose,Action,EditorBackSpace,_017___auto,Editor,/Users/nozerose/Desktop/2023학년도 1학기 수업/CB3500572-063 C++프로그래밍과실습(Prof.김태연)/실습 017 - auto/main.cpp,,12,7,Changes
2023-03-08T00:32:41.233+09:00,nozerose,KeyEvent,8:8:0,_017___auto,Editor,/Users/nozerose/Desktop/2023학년도 1학기 수업/CB3500572-063 C++프로그래밍과실습(Prof.김태연)/실습 017 - auto/main.cpp,,12,6,Changes
2023-03-08T00:32:41.390+09:00,nozerose,Action,EditorBackSpace,_017___auto,Editor,/Users/nozerose/Desktop/2023학년도 1학기 수업/CB3500572-063 C++프로그래밍과실습(Prof.김태연)/실습 017 - auto/main.cpp,,12,6,Changes
2023-03-08T00:32:41.400+09:00,nozerose,KeyEvent,8:8:0,_017___auto,Editor,/Users/nozerose/Desktop/2023학년도 1학기 수업/CB3500572-063 C++프로그래밍과실습(Prof.김태연)/실습 017 - auto/main.cpp,,12,5,Changes
2023-03-08T00:32:41.560+09:00,nozerose,Action,EditorBackSpace,_017___auto,Editor,/Users/nozerose/Desktop/2023학년도 1학기 수업/CB3500572-063 C++프로그래밍과실습(Prof.김태연)/실습 017 - auto/main.cpp,,12,5,Changes
2023-03-08T00:32:41.566+09:00,nozerose,KeyEvent,8:8:0,_017___auto,Editor,/Users/nozerose/Desktop/2023학년도 1학기 수업/CB3500572-063 C++프로그래밍과실습(Prof.김태연)/실습 017 - auto/main.cpp,,12,4,Changes
2023-03-08T00:32:41.741+09:00,nozerose,Action,EditorBackSpace,_017___auto,Editor,/Users/nozerose/Desktop/2023학년도 1학기 수업/CB3500572-063 C++프로그래밍과실습(Prof.김태연)/실습 017 - auto/main.cpp,,12,4,Changes
2023-03-08T00:32:41.743+09:00,nozerose,KeyEvent,8:8:0,_017___auto,Editor,/Users/nozerose/Desktop/2023학년도 1학기 수업/CB3500572-063 C++프로그래밍과실습(Prof.김태연)/실습 017 - auto/main.cpp,,12,3,Changes
2023-03-08T00:32:41.938+09:00,nozerose,Action,EditorBackSpace,_017___auto,Editor,/Users/nozerose/Desktop/2023학년도 1학기 수업/CB3500572-063 C++프로그래밍과실습(Prof.김태연)/실습 017 - auto/main.cpp,,12,3,Changes
2023-03-08T00:32:41.941+09:00,nozerose,KeyEvent,8:8:0,_017___auto,Editor,/Users/nozerose/Desktop/2023학년도 1학기 수업/CB3500572-063 C++프로그래밍과실습(Prof.김태연)/실습 017 - auto/main.cpp,,12,2,Changes
2023-03-08T00:32:42.169+09:00,nozerose,KeyEvent,97:65:0,_017___auto,Editor,/Users/nozerose/Desktop/2023학년도 1학기 수업/CB3500572-063 C++프로그래밍과실습(Prof.김태연)/실습 017 - auto/main.cpp,,12,2,Changes
2023-03-08T00:32:42.802+09:00,nozerose,KeyEvent,117:85:0,_017___auto,Editor,/Users/nozerose/Desktop/2023학년도 1학기 수업/CB3500572-063 C++프로그래밍과실습(Prof.김태연)/실습 017 - auto/main.cpp,,12,3,Changes
2023-03-08T00:32:42.943+09:00,nozerose,KeyEvent,116:84:0,_017___auto,Editor,/Users/nozerose/Desktop/2023학년도 1학기 수업/CB3500572-063 C++프로그래밍과실습(Prof.김태연)/실습 017 - auto/main.cpp,,12,4,Changes
2023-03-08T00:32:43.023+09:00,nozerose,KeyEvent,111:79:0,_017___auto,Editor,/Users/nozerose/Desktop/2023학년도 1학기 수업/CB3500572-063 C++프로그래밍과실습(Prof.김태연)/실습 017 - auto/main.cpp,,12,5,Changes
2023-03-08T00:32:44.229+09:00,nozerose,Action,EditorBackSpace,_017___auto,Editor,/Users/nozerose/Desktop/2023학년도 1학기 수업/CB3500572-063 C++프로그래밍과실습(Prof.김태연)/실습 017 - auto/main.cpp,,12,6,Changes
2023-03-08T00:32:44.234+09:00,nozerose,KeyEvent,8:8:0,_017___auto,Editor,/Users/nozerose/Desktop/2023학년도 1학기 수업/CB3500572-063 C++프로그래밍과실습(Prof.김태연)/실습 017 - auto/main.cpp,,12,5,Changes
2023-03-08T00:32:44.400+09:00,nozerose,Action,EditorBackSpace,_017___auto,Editor,/Users/nozerose/Desktop/2023학년도 1학기 수업/CB3500572-063 C++프로그래밍과실습(Prof.김태연)/실습 017 - auto/main.cpp,,12,5,Changes
2023-03-08T00:32:44.406+09:00,nozerose,KeyEvent,8:8:0,_017___auto,Editor,/Users/nozerose/Desktop/2023학년도 1학기 수업/CB3500572-063 C++프로그래밍과실습(Prof.김태연)/실습 017 - auto/main.cpp,,12,4,Changes
2023-03-08T00:32:44.542+09:00,nozerose,Action,EditorBackSpace,_017___auto,Editor,/Users/nozerose/Desktop/2023학년도 1학기 수업/CB3500572-063 C++프로그래밍과실습(Prof.김태연)/실습 017 - auto/main.cpp,,12,4,Changes
2023-03-08T00:32:44.545+09:00,nozerose,KeyEvent,8:8:0,_017___auto,Editor,/Users/nozerose/Desktop/2023학년도 1학기 수업/CB3500572-063 C++프로그래밍과실습(Prof.김태연)/실습 017 - auto/main.cpp,,12,3,Changes
2023-03-08T00:32:44.759+09:00,nozerose,Action,EditorBackSpace,_017___auto,Editor,/Users/nozerose/Desktop/2023학년도 1학기 수업/CB3500572-063 C++프로그래밍과실습(Prof.김태연)/실습 017 - auto/main.cpp,,12,3,Changes
2023-03-08T00:32:44.761+09:00,nozerose,KeyEvent,8:8:0,_017___auto,Editor,/Users/nozerose/Desktop/2023학년도 1학기 수업/CB3500572-063 C++프로그래밍과실습(Prof.김태연)/실습 017 - auto/main.cpp,,12,2,Changes
2023-03-08T00:32:47.446+09:00,nozerose,KeyEvent,91:91:0,_017___auto,Editor,/Users/nozerose/Desktop/2023학년도 1학기 수업/CB3500572-063 C++프로그래밍과실습(Prof.김태연)/실습 017 - auto/main.cpp,,12,2,Changes
2023-03-08T00:32:48.105+09:00,nozerose,KeyEvent,65535:16:1,_017___auto,Editor,/Users/nozerose/Desktop/2023학년도 1학기 수업/CB3500572-063 C++프로그래밍과실습(Prof.김태연)/실습 017 - auto/main.cpp,,12,3,Changes
2023-03-08T00:32:48.173+09:00,nozerose,KeyEvent,84:84:1,_017___auto,Editor,/Users/nozerose/Desktop/2023학년도 1학기 수업/CB3500572-063 C++프로그래밍과실습(Prof.김태연)/실습 017 - auto/main.cpp,,12,3,Changes
2023-03-08T00:32:48.888+09:00,nozerose,KeyEvent,65535:16:1,_017___auto,Editor,/Users/nozerose/Desktop/2023학년도 1학기 수업/CB3500572-063 C++프로그래밍과실습(Prof.김태연)/실습 017 - auto/main.cpp,,12,4,Changes
2023-03-08T00:32:49.147+09:00,nozerose,KeyEvent,89:89:1,_017___auto,Editor,/Users/nozerose/Desktop/2023학년도 1학기 수업/CB3500572-063 C++프로그래밍과실습(Prof.김태연)/실습 017 - auto/main.cpp,,12,4,Changes
2023-03-08T00:32:49.660+09:00,nozerose,KeyEvent,80:80:1,_017___auto,Editor,/Users/nozerose/Desktop/2023학년도 1학기 수업/CB3500572-063 C++프로그래밍과실습(Prof.김태연)/실습 017 - auto/main.cpp,,12,5,Changes
2023-03-08T00:32:49.831+09:00,nozerose,KeyEvent,69:69:1,_017___auto,Editor,/Users/nozerose/Desktop/2023학년도 1학기 수업/CB3500572-063 C++프로그래밍과실습(Prof.김태연)/실습 017 - auto/main.cpp,,12,6,Changes
2023-03-08T00:33:01.940+09:00,nozerose,Action,EditorBackSpace,_017___auto,Editor,/Users/nozerose/Desktop/2023학년도 1학기 수업/CB3500572-063 C++프로그래밍과실습(Prof.김태연)/실습 017 - auto/main.cpp,,3,6,Changes
2023-03-08T00:33:01.947+09:00,nozerose,KeyEvent,8:8:0,_017___auto,Editor,/Users/nozerose/Desktop/2023학년도 1학기 수업/CB3500572-063 C++프로그래밍과실습(Prof.김태연)/실습 017 - auto/main.cpp,,3,5,Changes
2023-03-08T00:33:02.097+09:00,nozerose,Action,EditorBackSpace,_017___auto,Editor,/Users/nozerose/Desktop/2023학년도 1학기 수업/CB3500572-063 C++프로그래밍과실습(Prof.김태연)/실습 017 - auto/main.cpp,,3,5,Changes
2023-03-08T00:33:02.107+09:00,nozerose,KeyEvent,8:8:0,_017___auto,Editor,/Users/nozerose/Desktop/2023학년도 1학기 수업/CB3500572-063 C++프로그래밍과실습(Prof.김태연)/실습 017 - auto/main.cpp,,3,4,Changes
2023-03-08T00:33:02.270+09:00,nozerose,Action,EditorBackSpace,_017___auto,Editor,/Users/nozerose/Desktop/2023학년도 1학기 수업/CB3500572-063 C++프로그래밍과실습(Prof.김태연)/실습 017 - auto/main.cpp,,3,4,Changes
2023-03-08T00:33:02.277+09:00,nozerose,KeyEvent,8:8:0,_017___auto,Editor,/Users/nozerose/Desktop/2023학년도 1학기 수업/CB3500572-063 C++프로그래밍과실습(Prof.김태연)/실습 017 - auto/main.cpp,,3,3,Changes
2023-03-08T00:33:02.428+09:00,nozerose,Action,EditorBackSpace,_017___auto,Editor,/Users/nozerose/Desktop/2023학년도 1학기 수업/CB3500572-063 C++프로그래밍과실습(Prof.김태연)/실습 017 - auto/main.cpp,,3,3,Changes
2023-03-08T00:33:02.434+09:00,nozerose,KeyEvent,8:8:0,_017___auto,Editor,/Users/nozerose/Desktop/2023학년도 1학기 수업/CB3500572-063 C++프로그래밍과실습(Prof.김태연)/실습 017 - auto/main.cpp,,3,2,Changes
2023-03-08T00:33:02.596+09:00,nozerose,Action,EditorBackSpace,_017___auto,Editor,/Users/nozerose/Desktop/2023학년도 1학기 수업/CB3500572-063 C++프로그래밍과실습(Prof.김태연)/실습 017 - auto/main.cpp,,3,2,Changes
2023-03-08T00:33:02.601+09:00,nozerose,KeyEvent,8:8:0,_017___auto,Editor,/Users/nozerose/Desktop/2023학년도 1학기 수업/CB3500572-063 C++프로그래밍과실습(Prof.김태연)/실습 017 - auto/main.cpp,,3,1,Changes
2023-03-08T00:33:02.823+09:00,nozerose,Action,EditorBackSpace,_017___auto,Editor,/Users/nozerose/Desktop/2023학년도 1학기 수업/CB3500572-063 C++프로그래밍과실습(Prof.김태연)/실습 017 - auto/main.cpp,,3,1,Changes
2023-03-08T00:33:02.826+09:00,nozerose,KeyEvent,8:8:0,_017___auto,Editor,/Users/nozerose/Desktop/2023학년도 1학기 수업/CB3500572-063 C++프로그래밍과실습(Prof.김태연)/실습 017 - auto/main.cpp,,3,0,Changes
2023-03-08T00:33:38.220+09:00,nozerose,Action,EditorLeft,_017___auto,Editor,/Users/nozerose/Desktop/2023학년도 1학기 수업/CB3500572-063 C++프로그래밍과실습(Prof.김태연)/실습 017 - auto/main.cpp,,3,1,Changes
2023-03-08T00:33:38.223+09:00,nozerose,KeyEvent,65535:37:0,_017___auto,Editor,/Users/nozerose/Desktop/2023학년도 1학기 수업/CB3500572-063 C++프로그래밍과실습(Prof.김태연)/실습 017 - auto/main.cpp,,3,0,Changes
2023-03-08T00:33:39.472+09:00,nozerose,KeyEvent,116:84:0,_017___auto,Editor,/Users/nozerose/Desktop/2023학년도 1학기 수업/CB3500572-063 C++프로그래밍과실습(Prof.김태연)/실습 017 - auto/main.cpp,,3,0,Changes
2023-03-08T00:33:39.749+09:00,nozerose,KeyEvent,117:85:0,_017___auto,Editor,/Users/nozerose/Desktop/2023학년도 1학기 수업/CB3500572-063 C++프로그래밍과실습(Prof.김태연)/실습 017 - auto/main.cpp,,3,1,Changes
2023-03-08T00:33:39.974+09:00,nozerose,KeyEvent,112:80:0,_017___auto,Editor,/Users/nozerose/Desktop/2023학년도 1학기 수업/CB3500572-063 C++프로그래밍과실습(Prof.김태연)/실습 017 - auto/main.cpp,,3,2,Changes
2023-03-08T00:33:40.208+09:00,nozerose,KeyEvent,108:76:0,_017___auto,Editor,/Users/nozerose/Desktop/2023학년도 1학기 수업/CB3500572-063 C++프로그래밍과실습(Prof.김태연)/실습 017 - auto/main.cpp,,3,3,Changes
2023-03-08T00:33:40.292+09:00,nozerose,KeyEvent,101:69:0,_017___auto,Editor,/Users/nozerose/Desktop/2023학년도 1학기 수업/CB3500572-063 C++프로그래밍과실습(Prof.김태연)/실습 017 - auto/main.cpp,,3,4,Changes
2023-03-08T00:33:41.859+09:00,nozerose,Action,EditorChooseLookupItem,_017___auto,Editor,/Users/nozerose/Desktop/2023학년도 1학기 수업/CB3500572-063 C++프로그래밍과실습(Prof.김태연)/실습 017 - auto/main.cpp,,3,5,Changes
2023-03-08T00:33:41.878+09:00,nozerose,KeyEvent,10:10:0,_017___auto,Editor,/Users/nozerose/Desktop/2023학년도 1학기 수업/CB3500572-063 C++프로그래밍과실습(Prof.김태연)/실습 017 - auto/main.cpp,,3,5,Changes
2023-03-08T00:33:53.447+09:00,nozerose,KeyEvent,65535:16:1,_017___auto,Editor,/Users/nozerose/Desktop/2023학년도 1학기 수업/CB3500572-063 C++프로그래밍과실습(Prof.김태연)/실습 017 - auto/main.cpp,,3,5,Changes
2023-03-08T00:33:53.765+09:00,nozerose,KeyEvent,40:519:1,_017___auto,Editor,/Users/nozerose/Desktop/2023학년도 1학기 수업/CB3500572-063 C++프로그래밍과실습(Prof.김태연)/실습 017 - auto/main.cpp,,3,5,Changes
2023-03-08T00:34:01.852+09:00,nozerose,KeyEvent,115:83:0,_017___auto,Editor,/Users/nozerose/Desktop/2023학년도 1학기 수업/CB3500572-063 C++프로그래밍과실습(Prof.김태연)/실습 017 - auto/main.cpp,,3,6,Changes
2023-03-08T00:34:02.428+09:00,nozerose,KeyEvent,116:84:0,_017___auto,Editor,/Users/nozerose/Desktop/2023학년도 1학기 수업/CB3500572-063 C++프로그래밍과실습(Prof.김태연)/실습 017 - auto/main.cpp,,3,7,Changes
2023-03-08T00:34:02.703+09:00,nozerose,KeyEvent,114:82:0,_017___auto,Editor,/Users/nozerose/Desktop/2023학년도 1학기 수업/CB3500572-063 C++프로그래밍과실습(Prof.김태연)/실습 017 - auto/main.cpp,,3,8,Changes
2023-03-08T00:34:02.842+09:00,nozerose,KeyEvent,105:73:0,_017___auto,Editor,/Users/nozerose/Desktop/2023학년도 1학기 수업/CB3500572-063 C++프로그래밍과실습(Prof.김태연)/실습 017 - auto/main.cpp,,3,9,Changes
2023-03-08T00:34:02.998+09:00,nozerose,KeyEvent,110:78:0,_017___auto,Editor,/Users/nozerose/Desktop/2023학년도 1학기 수업/CB3500572-063 C++프로그래밍과실습(Prof.김태연)/실습 017 - auto/main.cpp,,3,10,Changes
2023-03-08T00:34:03.137+09:00,nozerose,KeyEvent,103:71:0,_017___auto,Editor,/Users/nozerose/Desktop/2023학년도 1학기 수업/CB3500572-063 C++프로그래밍과실습(Prof.김태연)/실습 017 - auto/main.cpp,,3,11,Changes
2023-03-08T00:34:03.390+09:00,nozerose,KeyEvent,44:44:0,_017___auto,Editor,/Users/nozerose/Desktop/2023학년도 1학기 수업/CB3500572-063 C++프로그래밍과실습(Prof.김태연)/실습 017 - auto/main.cpp,,3,12,Changes
2023-03-08T00:34:03.714+09:00,nozerose,KeyEvent,32:32:0,_017___auto,Editor,/Users/nozerose/Desktop/2023학년도 1학기 수업/CB3500572-063 C++프로그래밍과실습(Prof.김태연)/실습 017 - auto/main.cpp,,3,13,Changes
2023-03-08T00:34:04.106+09:00,nozerose,KeyEvent,105:73:0,_017___auto,Editor,/Users/nozerose/Desktop/2023학년도 1학기 수업/CB3500572-063 C++프로그래밍과실습(Prof.김태연)/실습 017 - auto/main.cpp,,3,14,Changes
2023-03-08T00:34:04.262+09:00,nozerose,KeyEvent,110:78:0,_017___auto,Editor,/Users/nozerose/Desktop/2023학년도 1학기 수업/CB3500572-063 C++프로그래밍과실습(Prof.김태연)/실습 017 - auto/main.cpp,,3,15,Changes
2023-03-08T00:34:04.471+09:00,nozerose,KeyEvent,116:84:0,_017___auto,Editor,/Users/nozerose/Desktop/2023학년도 1학기 수업/CB3500572-063 C++프로그래밍과실습(Prof.김태연)/실습 017 - auto/main.cpp,,3,16,Changes
2023-03-08T00:34:10.917+09:00,nozerose,Action,EditorBackSpace,_017___auto,Editor,/Users/nozerose/Desktop/2023학년도 1학기 수업/CB3500572-063 C++프로그래밍과실습(Prof.김태연)/실습 017 - auto/main.cpp,,3,18,Changes
2023-03-08T00:34:10.923+09:00,nozerose,KeyEvent,8:8:0,_017___auto,Editor,/Users/nozerose/Desktop/2023학년도 1학기 수업/CB3500572-063 C++프로그래밍과실습(Prof.김태연)/실습 017 - auto/main.cpp,,3,17,Changes
2023-03-08T00:34:11.213+09:00,nozerose,KeyEvent,65535:16:1,_017___auto,Editor,/Users/nozerose/Desktop/2023학년도 1학기 수업/CB3500572-063 C++프로그래밍과실습(Prof.김태연)/실습 017 - auto/main.cpp,,3,17,Changes
2023-03-08T00:34:11.341+09:00,nozerose,KeyEvent,62:46:1,_017___auto,Editor,/Users/nozerose/Desktop/2023학년도 1학기 수업/CB3500572-063 C++프로그래밍과실습(Prof.김태연)/실습 017 - auto/main.cpp,,3,17,Changes
2023-03-08T00:34:11.708+09:00,nozerose,Action,EditorLeft,_017___auto,Editor,/Users/nozerose/Desktop/2023학년도 1학기 수업/CB3500572-063 C++프로그래밍과실습(Prof.김태연)/실습 017 - auto/main.cpp,,3,18,Changes
2023-03-08T00:34:11.709+09:00,nozerose,KeyEvent,65535:37:0,_017___auto,Editor,/Users/nozerose/Desktop/2023학년도 1학기 수업/CB3500572-063 C++프로그래밍과실습(Prof.김태연)/실습 017 - auto/main.cpp,,3,17,Changes
2023-03-08T00:34:11.867+09:00,nozerose,Action,EditorLeft,_017___auto,Editor,/Users/nozerose/Desktop/2023학년도 1학기 수업/CB3500572-063 C++프로그래밍과실습(Prof.김태연)/실습 017 - auto/main.cpp,,3,17,Changes
2023-03-08T00:34:11.868+09:00,nozerose,KeyEvent,65535:37:0,_017___auto,Editor,/Users/nozerose/Desktop/2023학년도 1학기 수업/CB3500572-063 C++프로그래밍과실습(Prof.김태연)/실습 017 - auto/main.cpp,,3,16,Changes
2023-03-08T00:34:12.029+09:00,nozerose,Action,EditorLeft,_017___auto,Editor,/Users/nozerose/Desktop/2023학년도 1학기 수업/CB3500572-063 C++프로그래밍과실습(Prof.김태연)/실습 017 - auto/main.cpp,,3,16,Changes
2023-03-08T00:34:12.032+09:00,nozerose,KeyEvent,65535:37:0,_017___auto,Editor,/Users/nozerose/Desktop/2023학년도 1학기 수업/CB3500572-063 C++프로그래밍과실습(Prof.김태연)/실습 017 - auto/main.cpp,,3,15,Changes
2023-03-08T00:34:12.161+09:00,nozerose,Action,EditorLeft,_017___auto,Editor,/Users/nozerose/Desktop/2023학년도 1학기 수업/CB3500572-063 C++프로그래밍과실습(Prof.김태연)/실습 017 - auto/main.cpp,,3,15,Changes
2023-03-08T00:34:12.164+09:00,nozerose,KeyEvent,65535:37:0,_017___auto,Editor,/Users/nozerose/Desktop/2023학년도 1학기 수업/CB3500572-063 C++프로그래밍과실습(Prof.김태연)/실습 017 - auto/main.cpp,,3,14,Changes
2023-03-08T00:34:12.658+09:00,nozerose,Action,EditorLeft,_017___auto,Editor,/Users/nozerose/Desktop/2023학년도 1학기 수업/CB3500572-063 C++프로그래밍과실습(Prof.김태연)/실습 017 - auto/main.cpp,,3,14,Changes
2023-03-08T00:34:12.659+09:00,nozerose,KeyEvent,65535:37:0,_017___auto,Editor,/Users/nozerose/Desktop/2023학년도 1학기 수업/CB3500572-063 C++프로그래밍과실습(Prof.김태연)/실습 017 - auto/main.cpp,,3,13,Changes
2023-03-08T00:34:12.741+09:00,nozerose,Action,EditorLeft,_017___auto,Editor,/Users/nozerose/Desktop/2023학년도 1학기 수업/CB3500572-063 C++프로그래밍과실습(Prof.김태연)/실습 017 - auto/main.cpp,,3,13,Changes
2023-03-08T00:34:12.742+09:00,nozerose,KeyEvent,65535:37:0,_017___auto,Editor,/Users/nozerose/Desktop/2023학년도 1학기 수업/CB3500572-063 C++프로그래밍과실습(Prof.김태연)/실습 017 - auto/main.cpp,,3,12,Changes
2023-03-08T00:34:12.825+09:00,nozerose,Action,EditorLeft,_017___auto,Editor,/Users/nozerose/Desktop/2023학년도 1학기 수업/CB3500572-063 C++프로그래밍과실습(Prof.김태연)/실습 017 - auto/main.cpp,,3,12,Changes
2023-03-08T00:34:12.826+09:00,nozerose,KeyEvent,65535:37:0,_017___auto,Editor,/Users/nozerose/Desktop/2023학년도 1학기 수업/CB3500572-063 C++프로그래밍과실습(Prof.김태연)/실습 017 - auto/main.cpp,,3,11,Changes
2023-03-08T00:34:12.908+09:00,nozerose,Action,EditorLeft,_017___auto,Editor,/Users/nozerose/Desktop/2023학년도 1학기 수업/CB3500572-063 C++프로그래밍과실습(Prof.김태연)/실습 017 - auto/main.cpp,,3,11,Changes
2023-03-08T00:34:12.909+09:00,nozerose,KeyEvent,65535:37:0,_017___auto,Editor,/Users/nozerose/Desktop/2023학년도 1학기 수업/CB3500572-063 C++프로그래밍과실습(Prof.김태연)/실습 017 - auto/main.cpp,,3,10,Changes
2023-03-08T00:34:12.992+09:00,nozerose,Action,EditorLeft,_017___auto,Editor,/Users/nozerose/Desktop/2023학년도 1학기 수업/CB3500572-063 C++프로그래밍과실습(Prof.김태연)/실습 017 - auto/main.cpp,,3,10,Changes
2023-03-08T00:34:12.993+09:00,nozerose,KeyEvent,65535:37:0,_017___auto,Editor,/Users/nozerose/Desktop/2023학년도 1학기 수업/CB3500572-063 C++프로그래밍과실습(Prof.김태연)/실습 017 - auto/main.cpp,,3,9,Changes
2023-03-08T00:34:13.078+09:00,nozerose,Action,EditorLeft,_017___auto,Editor,/Users/nozerose/Desktop/2023학년도 1학기 수업/CB3500572-063 C++프로그래밍과실습(Prof.김태연)/실습 017 - auto/main.cpp,,3,9,Changes
2023-03-08T00:34:13.080+09:00,nozerose,KeyEvent,65535:37:0,_017___auto,Editor,/Users/nozerose/Desktop/2023학년도 1학기 수업/CB3500572-063 C++프로그래밍과실습(Prof.김태연)/실습 017 - auto/main.cpp,,3,8,Changes
2023-03-08T00:34:13.212+09:00,nozerose,Action,EditorLeft,_017___auto,Editor,/Users/nozerose/Desktop/2023학년도 1학기 수업/CB3500572-063 C++프로그래밍과실습(Prof.김태연)/실습 017 - auto/main.cpp,,3,8,Changes
2023-03-08T00:34:13.215+09:00,nozerose,KeyEvent,65535:37:0,_017___auto,Editor,/Users/nozerose/Desktop/2023학년도 1학기 수업/CB3500572-063 C++프로그래밍과실습(Prof.김태연)/실습 017 - auto/main.cpp,,3,7,Changes
2023-03-08T00:34:13.382+09:00,nozerose,Action,EditorLeft,_017___auto,Editor,/Users/nozerose/Desktop/2023학년도 1학기 수업/CB3500572-063 C++프로그래밍과실습(Prof.김태연)/실습 017 - auto/main.cpp,,3,7,Changes
2023-03-08T00:34:13.384+09:00,nozerose,KeyEvent,65535:37:0,_017___auto,Editor,/Users/nozerose/Desktop/2023학년도 1학기 수업/CB3500572-063 C++프로그래밍과실습(Prof.김태연)/실습 017 - auto/main.cpp,,3,6,Changes
2023-03-08T00:34:13.901+09:00,nozerose,Action,EditorBackSpace,_017___auto,Editor,/Users/nozerose/Desktop/2023학년도 1학기 수업/CB3500572-063 C++프로그래밍과실습(Prof.김태연)/실습 017 - auto/main.cpp,,3,6,Changes
2023-03-08T00:34:13.902+09:00,nozerose,KeyEvent,8:8:0,_017___auto,Editor,/Users/nozerose/Desktop/2023학년도 1학기 수업/CB3500572-063 C++프로그래밍과실습(Prof.김태연)/실습 017 - auto/main.cpp,,3,5,Changes
2023-03-08T00:34:14.209+09:00,nozerose,KeyEvent,65535:16:1,_017___auto,Editor,/Users/nozerose/Desktop/2023학년도 1학기 수업/CB3500572-063 C++프로그래밍과실습(Prof.김태연)/실습 017 - auto/main.cpp,,3,5,Changes
2023-03-08T00:34:14.404+09:00,nozerose,KeyEvent,60:153:1,_017___auto,Editor,/Users/nozerose/Desktop/2023학년도 1학기 수업/CB3500572-063 C++프로그래밍과실습(Prof.김태연)/실습 017 - auto/main.cpp,,3,5,Changes
2023-03-08T00:34:23.954+09:00,nozerose,Action,EditorBackSpace,_017___auto,Editor,/Users/nozerose/Desktop/2023학년도 1학기 수업/CB3500572-063 C++프로그래밍과실습(Prof.김태연)/실습 017 - auto/main.cpp,,12,8,Changes
2023-03-08T00:34:23.960+09:00,nozerose,KeyEvent,8:8:0,_017___auto,Editor,/Users/nozerose/Desktop/2023학년도 1학기 수업/CB3500572-063 C++프로그래밍과실습(Prof.김태연)/실습 017 - auto/main.cpp,,12,7,Changes
2023-03-08T00:34:24.131+09:00,nozerose,Action,EditorBackSpace,_017___auto,Editor,/Users/nozerose/Desktop/2023학년도 1학기 수업/CB3500572-063 C++프로그래밍과실습(Prof.김태연)/실습 017 - auto/main.cpp,,12,7,Changes
2023-03-08T00:34:24.143+09:00,nozerose,KeyEvent,8:8:0,_017___auto,Editor,/Users/nozerose/Desktop/2023학년도 1학기 수업/CB3500572-063 C++프로그래밍과실습(Prof.김태연)/실습 017 - auto/main.cpp,,12,6,Changes
2023-03-08T00:34:24.312+09:00,nozerose,Action,EditorBackSpace,_017___auto,Editor,/Users/nozerose/Desktop/2023학년도 1학기 수업/CB3500572-063 C++프로그래밍과실습(Prof.김태연)/실습 017 - auto/main.cpp,,12,6,Changes
2023-03-08T00:34:24.323+09:00,nozerose,KeyEvent,8:8:0,_017___auto,Editor,/Users/nozerose/Desktop/2023학년도 1학기 수업/CB3500572-063 C++프로그래밍과실습(Prof.김태연)/실습 017 - auto/main.cpp,,12,5,Changes
2023-03-08T00:34:24.488+09:00,nozerose,Action,EditorBackSpace,_017___auto,Editor,/Users/nozerose/Desktop/2023학년도 1학기 수업/CB3500572-063 C++프로그래밍과실습(Prof.김태연)/실습 017 - auto/main.cpp,,12,5,Changes
2023-03-08T00:34:24.491+09:00,nozerose,KeyEvent,8:8:0,_017___auto,Editor,/Users/nozerose/Desktop/2023학년도 1학기 수업/CB3500572-063 C++프로그래밍과실습(Prof.김태연)/실습 017 - auto/main.cpp,,12,4,Changes
2023-03-08T00:34:24.664+09:00,nozerose,Action,EditorBackSpace,_017___auto,Editor,/Users/nozerose/Desktop/2023학년도 1학기 수업/CB3500572-063 C++프로그래밍과실습(Prof.김태연)/실습 017 - auto/main.cpp,,12,4,Changes
2023-03-08T00:34:24.674+09:00,nozerose,KeyEvent,8:8:0,_017___auto,Editor,/Users/nozerose/Desktop/2023학년도 1학기 수업/CB3500572-063 C++프로그래밍과실습(Prof.김태연)/실습 017 - auto/main.cpp,,12,3,Changes
2023-03-08T00:34:24.879+09:00,nozerose,Action,EditorBackSpace,_017___auto,Editor,/Users/nozerose/Desktop/2023학년도 1학기 수업/CB3500572-063 C++프로그래밍과실습(Prof.김태연)/실습 017 - auto/main.cpp,,12,3,Changes
2023-03-08T00:34:24.884+09:00,nozerose,KeyEvent,8:8:0,_017___auto,Editor,/Users/nozerose/Desktop/2023학년도 1학기 수업/CB3500572-063 C++프로그래밍과실습(Prof.김태연)/실습 017 - auto/main.cpp,,12,2,Changes
2023-03-08T00:34:32.739+09:00,nozerose,KeyEvent,32:32:0,_017___auto,Editor,/Users/nozerose/Desktop/2023학년도 1학기 수업/CB3500572-063 C++프로그래밍과실습(Prof.김태연)/실습 017 - auto/main.cpp,,3,5,Changes
2023-03-08T00:34:34.993+09:00,nozerose,KeyEvent,93:93:0,_017___auto,Editor,/Users/nozerose/Desktop/2023학년도 1학기 수업/CB3500572-063 C++프로그래밍과실습(Prof.김태연)/실습 017 - auto/main.cpp,,3,6,Changes
2023-03-08T00:34:35.663+09:00,nozerose,Action,EditorBackSpace,_017___auto,Editor,/Users/nozerose/Desktop/2023학년도 1학기 수업/CB3500572-063 C++프로그래밍과실습(Prof.김태연)/실습 017 - auto/main.cpp,,3,7,Changes
2023-03-08T00:34:35.665+09:00,nozerose,KeyEvent,8:8:0,_017___auto,Editor,/Users/nozerose/Desktop/2023학년도 1학기 수업/CB3500572-063 C++프로그래밍과실습(Prof.김태연)/실습 017 - auto/main.cpp,,3,6,Changes
2023-03-08T00:34:35.948+09:00,nozerose,Action,EditorBackSpace,_017___auto,Editor,/Users/nozerose/Desktop/2023학년도 1학기 수업/CB3500572-063 C++프로그래밍과실습(Prof.김태연)/실습 017 - auto/main.cpp,,3,6,Changes
2023-03-08T00:34:35.950+09:00,nozerose,KeyEvent,8:8:0,_017___auto,Editor,/Users/nozerose/Desktop/2023학년도 1학기 수업/CB3500572-063 C++프로그래밍과실습(Prof.김태연)/실습 017 - auto/main.cpp,,3,5,Changes
2023-03-08T00:34:47.754+09:00,nozerose,KeyEvent,118:86:0,_017___auto,Editor,/Users/nozerose/Desktop/2023학년도 1학기 수업/CB3500572-063 C++프로그래밍과실습(Prof.김태연)/실습 017 - auto/main.cpp,,12,2,Changes
2023-03-08T00:34:47.857+09:00,nozerose,KeyEvent,111:79:0,_017___auto,Editor,/Users/nozerose/Desktop/2023학년도 1학기 수업/CB3500572-063 C++프로그래밍과실습(Prof.김태연)/실습 017 - auto/main.cpp,,12,3,Changes
2023-03-08T00:34:47.985+09:00,nozerose,KeyEvent,105:73:0,_017___auto,Editor,/Users/nozerose/Desktop/2023학년도 1학기 수업/CB3500572-063 C++프로그래밍과실습(Prof.김태연)/실습 017 - auto/main.cpp,,12,4,Changes
2023-03-08T00:34:48.158+09:00,nozerose,KeyEvent,100:68:0,_017___auto,Editor,/Users/nozerose/Desktop/2023학년도 1학기 수업/CB3500572-063 C++프로그래밍과실습(Prof.김태연)/실습 017 - auto/main.cpp,,12,5,Changes
2023-03-08T00:35:03.260+09:00,nozerose,Action,EditorBackSpace,_017___auto,Editor,/Users/nozerose/Desktop/2023학년도 1학기 수업/CB3500572-063 C++프로그래밍과실습(Prof.김태연)/실습 017 - auto/main.cpp,,12,6,Changes
2023-03-08T00:35:03.266+09:00,nozerose,KeyEvent,8:8:0,_017___auto,Editor,/Users/nozerose/Desktop/2023학년도 1학기 수업/CB3500572-063 C++프로그래밍과실습(Prof.김태연)/실습 017 - auto/main.cpp,,12,5,Changes
2023-03-08T00:35:03.555+09:00,nozerose,Action,EditorBackSpace,_017___auto,Editor,/Users/nozerose/Desktop/2023학년도 1학기 수업/CB3500572-063 C++프로그래밍과실습(Prof.김태연)/실습 017 - auto/main.cpp,,12,5,Changes
2023-03-08T00:35:03.557+09:00,nozerose,KeyEvent,8:8:0,_017___auto,Editor,/Users/nozerose/Desktop/2023학년도 1학기 수업/CB3500572-063 C++프로그래밍과실습(Prof.김태연)/실습 017 - auto/main.cpp,,12,4,Changes
2023-03-08T00:35:03.705+09:00,nozerose,Action,EditorBackSpace,_017___auto,Editor,/Users/nozerose/Desktop/2023학년도 1학기 수업/CB3500572-063 C++프로그래밍과실습(Prof.김태연)/실습 017 - auto/main.cpp,,12,4,Changes
2023-03-08T00:35:03.712+09:00,nozerose,KeyEvent,8:8:0,_017___auto,Editor,/Users/nozerose/Desktop/2023학년도 1학기 수업/CB3500572-063 C++프로그래밍과실습(Prof.김태연)/실습 017 - auto/main.cpp,,12,3,Changes
2023-03-08T00:35:03.833+09:00,nozerose,Action,EditorBackSpace,_017___auto,Editor,/Users/nozerose/Desktop/2023학년도 1학기 수업/CB3500572-063 C++프로그래밍과실습(Prof.김태연)/실습 017 - auto/main.cpp,,12,3,Changes
2023-03-08T00:35:03.843+09:00,nozerose,KeyEvent,8:8:0,_017___auto,Editor,/Users/nozerose/Desktop/2023학년도 1학기 수업/CB3500572-063 C++프로그래밍과실습(Prof.김태연)/실습 017 - auto/main.cpp,,12,2,Changes
2023-03-08T00:35:04.128+09:00,nozerose,KeyEvent,97:65:0,_017___auto,Editor,/Users/nozerose/Desktop/2023학년도 1학기 수업/CB3500572-063 C++프로그래밍과실습(Prof.김태연)/실습 017 - auto/main.cpp,,12,2,Changes
2023-03-08T00:35:04.433+09:00,nozerose,KeyEvent,117:85:0,_017___auto,Editor,/Users/nozerose/Desktop/2023학년도 1학기 수업/CB3500572-063 C++프로그래밍과실습(Prof.김태연)/실습 017 - auto/main.cpp,,12,3,Changes
2023-03-08T00:35:04.559+09:00,nozerose,KeyEvent,116:84:0,_017___auto,Editor,/Users/nozerose/Desktop/2023학년도 1학기 수업/CB3500572-063 C++프로그래밍과실습(Prof.김태연)/실습 017 - auto/main.cpp,,12,4,Changes
2023-03-08T00:35:04.611+09:00,nozerose,KeyEvent,111:79:0,_017___auto,Editor,/Users/nozerose/Desktop/2023학년도 1학기 수업/CB3500572-063 C++프로그래밍과실습(Prof.김태연)/실습 017 - auto/main.cpp,,12,5,Changes
2023-03-08T00:35:21.526+09:00,nozerose,Action,EditorBackSpace,_017___auto,Editor,/Users/nozerose/Desktop/2023학년도 1학기 수업/CB3500572-063 C++프로그래밍과실습(Prof.김태연)/실습 017 - auto/main.cpp,,12,6,Changes
2023-03-08T00:35:21.533+09:00,nozerose,KeyEvent,8:8:0,_017___auto,Editor,/Users/nozerose/Desktop/2023학년도 1학기 수업/CB3500572-063 C++프로그래밍과실습(Prof.김태연)/실습 017 - auto/main.cpp,,12,5,Changes
2023-03-08T00:35:21.672+09:00,nozerose,Action,EditorBackSpace,_017___auto,Editor,/Users/nozerose/Desktop/2023학년도 1학기 수업/CB3500572-063 C++프로그래밍과실습(Prof.김태연)/실습 017 - auto/main.cpp,,12,5,Changes
2023-03-08T00:35:21.683+09:00,nozerose,KeyEvent,8:8:0,_017___auto,Editor,/Users/nozerose/Desktop/2023학년도 1학기 수업/CB3500572-063 C++프로그래밍과실습(Prof.김태연)/실습 017 - auto/main.cpp,,12,4,Changes
2023-03-08T00:35:21.849+09:00,nozerose,Action,EditorBackSpace,_017___auto,Editor,/Users/nozerose/Desktop/2023학년도 1학기 수업/CB3500572-063 C++프로그래밍과실습(Prof.김태연)/실습 017 - auto/main.cpp,,12,4,Changes
2023-03-08T00:35:21.851+09:00,nozerose,KeyEvent,8:8:0,_017___auto,Editor,/Users/nozerose/Desktop/2023학년도 1학기 수업/CB3500572-063 C++프로그래밍과실습(Prof.김태연)/실습 017 - auto/main.cpp,,12,3,Changes
2023-03-08T00:35:22.009+09:00,nozerose,Action,EditorBackSpace,_017___auto,Editor,/Users/nozerose/Desktop/2023학년도 1학기 수업/CB3500572-063 C++프로그래밍과실습(Prof.김태연)/실습 017 - auto/main.cpp,,12,3,Changes
2023-03-08T00:35:22.016+09:00,nozerose,KeyEvent,8:8:0,_017___auto,Editor,/Users/nozerose/Desktop/2023학년도 1학기 수업/CB3500572-063 C++프로그래밍과실습(Prof.김태연)/실습 017 - auto/main.cpp,,12,2,Changes
2023-03-08T00:35:22.864+09:00,nozerose,KeyEvent,118:86:0,_017___auto,Editor,/Users/nozerose/Desktop/2023학년도 1학기 수업/CB3500572-063 C++프로그래밍과실습(Prof.김태연)/실습 017 - auto/main.cpp,,12,2,Changes
2023-03-08T00:35:22.981+09:00,nozerose,KeyEvent,111:79:0,_017___auto,Editor,/Users/nozerose/Desktop/2023학년도 1학기 수업/CB3500572-063 C++프로그래밍과실습(Prof.김태연)/실습 017 - auto/main.cpp,,12,3,Changes
2023-03-08T00:35:23.154+09:00,nozerose,KeyEvent,105:73:0,_017___auto,Editor,/Users/nozerose/Desktop/2023학년도 1학기 수업/CB3500572-063 C++프로그래밍과실습(Prof.김태연)/실습 017 - auto/main.cpp,,12,4,Changes
2023-03-08T00:35:23.355+09:00,nozerose,KeyEvent,100:68:0,_017___auto,Editor,/Users/nozerose/Desktop/2023학년도 1학기 수업/CB3500572-063 C++프로그래밍과실습(Prof.김태연)/실습 017 - auto/main.cpp,,12,5,Changes
2023-03-08T00:35:28.049+09:00,nozerose,Action,EditorChooseLookupItem,_017___auto,Editor,/Users/nozerose/Desktop/2023학년도 1학기 수업/CB3500572-063 C++프로그래밍과실습(Prof.김태연)/실습 017 - auto/main.cpp,,12,6,Changes
2023-03-08T00:35:28.072+09:00,nozerose,KeyEvent,10:10:0,_017___auto,Editor,/Users/nozerose/Desktop/2023학년도 1학기 수업/CB3500572-063 C++프로그래밍과실습(Prof.김태연)/실습 017 - auto/main.cpp,,12,7,Changes
2023-03-08T00:35:29.263+09:00,nozerose,Action,EditorBackSpace,_017___auto,Editor,/Users/nozerose/Desktop/2023학년도 1학기 수업/CB3500572-063 C++프로그래밍과실습(Prof.김태연)/실습 017 - auto/main.cpp,,12,7,Changes
2023-03-08T00:35:29.269+09:00,nozerose,KeyEvent,8:8:0,_017___auto,Editor,/Users/nozerose/Desktop/2023학년도 1학기 수업/CB3500572-063 C++프로그래밍과실습(Prof.김태연)/실습 017 - auto/main.cpp,,12,6,Changes
2023-03-08T00:35:29.419+09:00,nozerose,Action,EditorBackSpace,_017___auto,Editor,/Users/nozerose/Desktop/2023학년도 1학기 수업/CB3500572-063 C++프로그래밍과실습(Prof.김태연)/실습 017 - auto/main.cpp,,12,6,Changes
2023-03-08T00:35:29.422+09:00,nozerose,KeyEvent,8:8:0,_017___auto,Editor,/Users/nozerose/Desktop/2023학년도 1학기 수업/CB3500572-063 C++프로그래밍과실습(Prof.김태연)/실습 017 - auto/main.cpp,,12,5,Changes
2023-03-08T00:35:29.595+09:00,nozerose,Action,EditorBackSpace,_017___auto,Editor,/Users/nozerose/Desktop/2023학년도 1학기 수업/CB3500572-063 C++프로그래밍과실습(Prof.김태연)/실습 017 - auto/main.cpp,,12,5,Changes
2023-03-08T00:35:29.598+09:00,nozerose,KeyEvent,8:8:0,_017___auto,Editor,/Users/nozerose/Desktop/2023학년도 1학기 수업/CB3500572-063 C++프로그래밍과실습(Prof.김태연)/실습 017 - auto/main.cpp,,12,4,Changes
2023-03-08T00:35:29.767+09:00,nozerose,Action,EditorBackSpace,_017___auto,Editor,/Users/nozerose/Desktop/2023학년도 1학기 수업/CB3500572-063 C++프로그래밍과실습(Prof.김태연)/실습 017 - auto/main.cpp,,12,4,Changes
2023-03-08T00:35:29.777+09:00,nozerose,KeyEvent,8:8:0,_017___auto,Editor,/Users/nozerose/Desktop/2023학년도 1학기 수업/CB3500572-063 C++프로그래밍과실습(Prof.김태연)/실습 017 - auto/main.cpp,,12,3,Changes
2023-03-08T00:35:30.299+09:00,nozerose,Action,EditorBackSpace,_017___auto,Editor,/Users/nozerose/Desktop/2023학년도 1학기 수업/CB3500572-063 C++프로그래밍과실습(Prof.김태연)/실습 017 - auto/main.cpp,,12,3,Changes
2023-03-08T00:35:30.301+09:00,nozerose,KeyEvent,8:8:0,_017___auto,Editor,/Users/nozerose/Desktop/2023학년도 1학기 수업/CB3500572-063 C++프로그래밍과실습(Prof.김태연)/실습 017 - auto/main.cpp,,12,2,Changes
2023-03-08T00:35:30.562+09:00,nozerose,KeyEvent,97:65:0,_017___auto,Editor,/Users/nozerose/Desktop/2023학년도 1학기 수업/CB3500572-063 C++프로그래밍과실습(Prof.김태연)/실습 017 - auto/main.cpp,,12,2,Changes
2023-03-08T00:35:30.914+09:00,nozerose,KeyEvent,117:85:0,_017___auto,Editor,/Users/nozerose/Desktop/2023학년도 1학기 수업/CB3500572-063 C++프로그래밍과실습(Prof.김태연)/실습 017 - auto/main.cpp,,12,3,Changes
2023-03-08T00:35:31.032+09:00,nozerose,KeyEvent,116:84:0,_017___auto,Editor,/Users/nozerose/Desktop/2023학년도 1학기 수업/CB3500572-063 C++프로그래밍과실습(Prof.김태연)/실습 017 - auto/main.cpp,,12,4,Changes
2023-03-08T00:35:31.082+09:00,nozerose,KeyEvent,111:79:0,_017___auto,Editor,/Users/nozerose/Desktop/2023학년도 1학기 수업/CB3500572-063 C++프로그래밍과실습(Prof.김태연)/실습 017 - auto/main.cpp,,12,5,Changes
2023-03-08T00:35:31.843+09:00,nozerose,KeyEvent,32:32:0,_017___auto,Editor,/Users/nozerose/Desktop/2023학년도 1학기 수업/CB3500572-063 C++프로그래밍과실습(Prof.김태연)/실습 017 - auto/main.cpp,,12,6,Changes
2023-03-08T00:36:24.001+09:00,nozerose,Action,EditorBackSpace,_017___auto,Editor,/Users/nozerose/Desktop/2023학년도 1학기 수업/CB3500572-063 C++프로그래밍과실습(Prof.김태연)/실습 017 - auto/main.cpp,,16,8,Changes
2023-03-08T00:36:24.006+09:00,nozerose,KeyEvent,8:8:0,_017___auto,Editor,/Users/nozerose/Desktop/2023학년도 1학기 수업/CB3500572-063 C++프로그래밍과실습(Prof.김태연)/실습 017 - auto/main.cpp,,16,7,Changes
2023-03-08T00:36:24.169+09:00,nozerose,Action,EditorBackSpace,_017___auto,Editor,/Users/nozerose/Desktop/2023학년도 1학기 수업/CB3500572-063 C++프로그래밍과실습(Prof.김태연)/실습 017 - auto/main.cpp,,16,7,Changes
2023-03-08T00:36:24.172+09:00,nozerose,KeyEvent,8:8:0,_017___auto,Editor,/Users/nozerose/Desktop/2023학년도 1학기 수업/CB3500572-063 C++프로그래밍과실습(Prof.김태연)/실습 017 - auto/main.cpp,,16,6,Changes
2023-03-08T00:36:24.327+09:00,nozerose,Action,EditorBackSpace,_017___auto,Editor,/Users/nozerose/Desktop/2023학년도 1학기 수업/CB3500572-063 C++프로그래밍과실습(Prof.김태연)/실습 017 - auto/main.cpp,,16,6,Changes
2023-03-08T00:36:24.338+09:00,nozerose,KeyEvent,8:8:0,_017___auto,Editor,/Users/nozerose/Desktop/2023학년도 1학기 수업/CB3500572-063 C++프로그래밍과실습(Prof.김태연)/실습 017 - auto/main.cpp,,16,5,Changes
2023-03-08T00:36:24.484+09:00,nozerose,Action,EditorBackSpace,_017___auto,Editor,/Users/nozerose/Desktop/2023학년도 1학기 수업/CB3500572-063 C++프로그래밍과실습(Prof.김태연)/실습 017 - auto/main.cpp,,16,5,Changes
2023-03-08T00:36:24.488+09:00,nozerose,KeyEvent,8:8:0,_017___auto,Editor,/Users/nozerose/Desktop/2023학년도 1학기 수업/CB3500572-063 C++프로그래밍과실습(Prof.김태연)/실습 017 - auto/main.cpp,,16,4,Changes
2023-03-08T00:36:24.650+09:00,nozerose,Action,EditorBackSpace,_017___auto,Editor,/Users/nozerose/Desktop/2023학년도 1학기 수업/CB3500572-063 C++프로그래밍과실습(Prof.김태연)/실습 017 - auto/main.cpp,,16,4,Changes
2023-03-08T00:36:24.659+09:00,nozerose,KeyEvent,8:8:0,_017___auto,Editor,/Users/nozerose/Desktop/2023학년도 1학기 수업/CB3500572-063 C++프로그래밍과실습(Prof.김태연)/실습 017 - auto/main.cpp,,16,3,Changes
2023-03-08T00:36:24.840+09:00,nozerose,Action,EditorBackSpace,_017___auto,Editor,/Users/nozerose/Desktop/2023학년도 1학기 수업/CB3500572-063 C++프로그래밍과실습(Prof.김태연)/실습 017 - auto/main.cpp,,16,3,Changes
2023-03-08T00:36:24.843+09:00,nozerose,KeyEvent,8:8:0,_017___auto,Editor,/Users/nozerose/Desktop/2023학년도 1학기 수업/CB3500572-063 C++프로그래밍과실습(Prof.김태연)/실습 017 - auto/main.cpp,,16,2,Changes
2023-03-08T00:36:25.630+09:00,nozerose,KeyEvent,97:65:0,_017___auto,Editor,/Users/nozerose/Desktop/2023학년도 1학기 수업/CB3500572-063 C++프로그래밍과실습(Prof.김태연)/실습 017 - auto/main.cpp,,16,2,Changes
2023-03-08T00:36:25.791+09:00,nozerose,KeyEvent,117:85:0,_017___auto,Editor,/Users/nozerose/Desktop/2023학년도 1학기 수업/CB3500572-063 C++프로그래밍과실습(Prof.김태연)/실습 017 - auto/main.cpp,,16,3,Changes
2023-03-08T00:36:25.938+09:00,nozerose,KeyEvent,116:84:0,_017___auto,Editor,/Users/nozerose/Desktop/2023학년도 1학기 수업/CB3500572-063 C++프로그래밍과실습(Prof.김태연)/실습 017 - auto/main.cpp,,16,4,Changes
2023-03-08T00:36:25.998+09:00,nozerose,KeyEvent,111:79:0,_017___auto,Editor,/Users/nozerose/Desktop/2023학년도 1학기 수업/CB3500572-063 C++프로그래밍과실습(Prof.김태연)/실습 017 - auto/main.cpp,,16,5,Changes
2023-03-08T00:36:34.335+09:00,nozerose,Action,Run,_017___auto,Editor,/Users/nozerose/Desktop/2023학년도 1학기 수업/CB3500572-063 C++프로그래밍과실습(Prof.김태연)/실습 017 - auto/main.cpp,,21,0,Changes
2023-03-08T00:36:35.195+09:00,nozerose,Execution,"Run:'CMake Application: _017___auto':""/Users/nozerose/Desktop/2023학년도 1학기 수업/CB3500572-063 C++프로그래밍과실습(Prof.김태연)/실습 017 - auto/cmake-build-debug/_017___auto""",_017___auto,Editor,/Users/nozerose/Desktop/2023학년도 1학기 수업/CB3500572-063 C++프로그래밍과실습(Prof.김태연)/실습 017 - auto/main.cpp,,21,0,Changes
2023-03-08T00:36:49.430+09:00,nozerose,Action,Start/Stop Activity Tracking,,,,,-1,-1,
