2023-04-06T22:16:42.592+09:00,nozerose,Action,EditorEnter,_055___static____,Editor,/Users/nozerose/Desktop/2023학년도 1학기 수업/CB3500572-063 C++프로그래밍과실습(Prof.김태연)/실습/실습 055 - static을 이용한 싱글톤 클래스 만들기/SharedPreferences.cpp,,1,17,Changes
2023-04-06T22:16:42.596+09:00,nozerose,KeyEvent,10:10:0,_055___static____,Editor,/Users/nozerose/Desktop/2023학년도 1학기 수업/CB3500572-063 C++프로그래밍과실습(Prof.김태연)/실습/실습 055 - static을 이용한 싱글톤 클래스 만들기/SharedPreferences.cpp,,2,0,Changes
2023-04-06T22:16:42.801+09:00,nozerose,KeyEvent,65535:16:1,_055___static____,Editor,/Users/nozerose/Desktop/2023학년도 1학기 수업/CB3500572-063 C++프로그래밍과실습(Prof.김태연)/실습/실습 055 - static을 이용한 싱글톤 클래스 만들기/SharedPreferences.cpp,,2,0,Changes
2023-04-06T22:16:42.982+09:00,nozerose,KeyEvent,35:520:1,_055___static____,Editor,/Users/nozerose/Desktop/2023학년도 1학기 수업/CB3500572-063 C++프로그래밍과실습(Prof.김태연)/실습/실습 055 - static을 이용한 싱글톤 클래스 만들기/SharedPreferences.cpp,,2,0,Changes
2023-04-06T22:16:43.508+09:00,nozerose,KeyEvent,12625:73:0,_055___static____,Editor,/Users/nozerose/Desktop/2023학년도 1학기 수업/CB3500572-063 C++프로그래밍과실습(Prof.김태연)/실습/실습 055 - static을 이용한 싱글톤 클래스 만들기/SharedPreferences.cpp,,2,1,Changes
2023-04-06T22:16:44.067+09:00,nozerose,Action,EditorBackSpace,_055___static____,Editor,/Users/nozerose/Desktop/2023학년도 1학기 수업/CB3500572-063 C++프로그래밍과실습(Prof.김태연)/실습/실습 055 - static을 이용한 싱글톤 클래스 만들기/SharedPreferences.cpp,,2,4,Changes
2023-04-06T22:16:44.069+09:00,nozerose,KeyEvent,8:8:0,_055___static____,Editor,/Users/nozerose/Desktop/2023학년도 1학기 수업/CB3500572-063 C++프로그래밍과실습(Prof.김태연)/실습/실습 055 - static을 이용한 싱글톤 클래스 만들기/SharedPreferences.cpp,,2,3,Changes
2023-04-06T22:16:44.213+09:00,nozerose,Action,EditorBackSpace,_055___static____,Editor,/Users/nozerose/Desktop/2023학년도 1학기 수업/CB3500572-063 C++프로그래밍과실습(Prof.김태연)/실습/실습 055 - static을 이용한 싱글톤 클래스 만들기/SharedPreferences.cpp,,2,3,Changes
2023-04-06T22:16:44.215+09:00,nozerose,KeyEvent,8:8:0,_055___static____,Editor,/Users/nozerose/Desktop/2023학년도 1학기 수업/CB3500572-063 C++프로그래밍과실습(Prof.김태연)/실습/실습 055 - static을 이용한 싱글톤 클래스 만들기/SharedPreferences.cpp,,2,2,Changes
2023-04-06T22:16:44.343+09:00,nozerose,Action,EditorBackSpace,_055___static____,Editor,/Users/nozerose/Desktop/2023학년도 1학기 수업/CB3500572-063 C++프로그래밍과실습(Prof.김태연)/실습/실습 055 - static을 이용한 싱글톤 클래스 만들기/SharedPreferences.cpp,,2,2,Changes
2023-04-06T22:16:44.346+09:00,nozerose,KeyEvent,8:8:0,_055___static____,Editor,/Users/nozerose/Desktop/2023학년도 1학기 수업/CB3500572-063 C++프로그래밍과실습(Prof.김태연)/실습/실습 055 - static을 이용한 싱글톤 클래스 만들기/SharedPreferences.cpp,,2,1,Changes
2023-04-06T22:16:44.566+09:00,nozerose,KeyEvent,65535:20:0,_055___static____,Editor,/Users/nozerose/Desktop/2023학년도 1학기 수업/CB3500572-063 C++프로그래밍과실습(Prof.김태연)/실습/실습 055 - static을 이용한 싱글톤 클래스 만들기/SharedPreferences.cpp,,2,1,Changes
2023-04-06T22:16:44.634+09:00,nozerose,KeyEvent,65535:0:0,_055___static____,Editor,/Users/nozerose/Desktop/2023학년도 1학기 수업/CB3500572-063 C++프로그래밍과실습(Prof.김태연)/실습/실습 055 - static을 이용한 싱글톤 클래스 만들기/SharedPreferences.cpp,,2,1,Changes
2023-04-06T22:16:44.636+09:00,nozerose,KeyEvent,105:73:0,_055___static____,Editor,/Users/nozerose/Desktop/2023학년도 1학기 수업/CB3500572-063 C++프로그래밍과실습(Prof.김태연)/실습/실습 055 - static을 이용한 싱글톤 클래스 만들기/SharedPreferences.cpp,,2,1,Changes
2023-04-06T22:16:44.727+09:00,nozerose,KeyEvent,110:78:0,_055___static____,Editor,/Users/nozerose/Desktop/2023학년도 1학기 수업/CB3500572-063 C++프로그래밍과실습(Prof.김태연)/실습/실습 055 - static을 이용한 싱글톤 클래스 만들기/SharedPreferences.cpp,,2,2,Changes
2023-04-06T22:16:44.842+09:00,nozerose,KeyEvent,99:67:0,_055___static____,Editor,/Users/nozerose/Desktop/2023학년도 1학기 수업/CB3500572-063 C++프로그래밍과실습(Prof.김태연)/실습/실습 055 - static을 이용한 싱글톤 클래스 만들기/SharedPreferences.cpp,,2,3,Changes
2023-04-06T22:16:44.912+09:00,nozerose,KeyEvent,108:76:0,_055___static____,Editor,/Users/nozerose/Desktop/2023학년도 1학기 수업/CB3500572-063 C++프로그래밍과실습(Prof.김태연)/실습/실습 055 - static을 이용한 싱글톤 클래스 만들기/SharedPreferences.cpp,,2,4,Changes
2023-04-06T22:16:45.133+09:00,nozerose,KeyEvent,117:85:0,_055___static____,Editor,/Users/nozerose/Desktop/2023학년도 1학기 수업/CB3500572-063 C++프로그래밍과실습(Prof.김태연)/실습/실습 055 - static을 이용한 싱글톤 클래스 만들기/SharedPreferences.cpp,,2,5,Changes
2023-04-06T22:16:45.167+09:00,nozerose,KeyEvent,100:68:0,_055___static____,Editor,/Users/nozerose/Desktop/2023학년도 1학기 수업/CB3500572-063 C++프로그래밍과실습(Prof.김태연)/실습/실습 055 - static을 이용한 싱글톤 클래스 만들기/SharedPreferences.cpp,,2,6,Changes
2023-04-06T22:16:45.348+09:00,nozerose,KeyEvent,101:69:0,_055___static____,Editor,/Users/nozerose/Desktop/2023학년도 1학기 수업/CB3500572-063 C++프로그래밍과실습(Prof.김태연)/실습/실습 055 - static을 이용한 싱글톤 클래스 만들기/SharedPreferences.cpp,,2,7,Changes
2023-04-06T22:16:45.716+09:00,nozerose,KeyEvent,65535:16:1,_055___static____,Editor,/Users/nozerose/Desktop/2023학년도 1학기 수업/CB3500572-063 C++프로그래밍과실습(Prof.김태연)/실습/실습 055 - static을 이용한 싱글톤 클래스 만들기/SharedPreferences.cpp,,2,9,Changes
2023-04-06T22:16:45.976+09:00,nozerose,KeyEvent,60:153:1,_055___static____,Editor,/Users/nozerose/Desktop/2023학년도 1학기 수업/CB3500572-063 C++프로그래밍과실습(Prof.김태연)/실습/실습 055 - static을 이용한 싱글톤 클래스 만들기/SharedPreferences.cpp,,2,9,Changes
2023-04-06T22:16:47.172+09:00,nozerose,KeyEvent,97:65:0,_055___static____,Editor,/Users/nozerose/Desktop/2023학년도 1학기 수업/CB3500572-063 C++프로그래밍과실습(Prof.김태연)/실습/실습 055 - static을 이용한 싱글톤 클래스 만들기/SharedPreferences.cpp,,2,10,Changes
2023-04-06T22:16:47.249+09:00,nozerose,KeyEvent,108:76:0,_055___static____,Editor,/Users/nozerose/Desktop/2023학년도 1학기 수업/CB3500572-063 C++프로그래밍과실습(Prof.김태연)/실습/실습 055 - static을 이용한 싱글톤 클래스 만들기/SharedPreferences.cpp,,2,11,Changes
2023-04-06T22:16:47.471+09:00,nozerose,Action,EditorChooseLookupItem,_055___static____,Editor,/Users/nozerose/Desktop/2023학년도 1학기 수업/CB3500572-063 C++프로그래밍과실습(Prof.김태연)/실습/실습 055 - static을 이용한 싱글톤 클래스 만들기/SharedPreferences.cpp,,2,12,Changes
2023-04-06T22:16:47.494+09:00,nozerose,KeyEvent,10:10:0,_055___static____,Editor,/Users/nozerose/Desktop/2023학년도 1학기 수업/CB3500572-063 C++프로그래밍과실습(Prof.김태연)/실습/실습 055 - static을 이용한 싱글톤 클래스 만들기/SharedPreferences.cpp,,2,20,Changes
2023-04-06T22:17:19.128+09:00,nozerose,Action,EditorBackSpace,_055___static____,Editor,/Users/nozerose/Desktop/2023학년도 1학기 수업/CB3500572-063 C++프로그래밍과실습(Prof.김태연)/실습/실습 055 - static을 이용한 싱글톤 클래스 만들기/SharedPreferences.cpp,,15,2,Changes
2023-04-06T22:17:19.136+09:00,nozerose,KeyEvent,8:8:0,_055___static____,Editor,/Users/nozerose/Desktop/2023학년도 1학기 수업/CB3500572-063 C++프로그래밍과실습(Prof.김태연)/실습/실습 055 - static을 이용한 싱글톤 클래스 만들기/SharedPreferences.cpp,,15,0,Changes
2023-04-06T22:17:52.404+09:00,nozerose,Action,EditorBackSpace,_055___static____,Editor,/Users/nozerose/Desktop/2023학년도 1학기 수업/CB3500572-063 C++프로그래밍과실습(Prof.김태연)/실습/실습 055 - static을 이용한 싱글톤 클래스 만들기/SharedPreferences.cpp,,6,0,Changes
2023-04-06T22:17:52.408+09:00,nozerose,KeyEvent,8:8:0,_055___static____,Editor,/Users/nozerose/Desktop/2023학년도 1학기 수업/CB3500572-063 C++프로그래밍과실습(Prof.김태연)/실습/실습 055 - static을 이용한 싱글톤 클래스 만들기/SharedPreferences.cpp,,6,0,Changes
2023-04-06T22:17:53.602+09:00,nozerose,Action,EditorBackSpace,_055___static____,Editor,/Users/nozerose/Desktop/2023학년도 1학기 수업/CB3500572-063 C++프로그래밍과실습(Prof.김태연)/실습/실습 055 - static을 이용한 싱글톤 클래스 만들기/SharedPreferences.cpp,,6,0,Changes
2023-04-06T22:17:53.604+09:00,nozerose,KeyEvent,8:8:0,_055___static____,Editor,/Users/nozerose/Desktop/2023학년도 1학기 수업/CB3500572-063 C++프로그래밍과실습(Prof.김태연)/실습/실습 055 - static을 이용한 싱글톤 클래스 만들기/SharedPreferences.cpp,,5,20,Changes
2023-04-06T22:17:54.419+09:00,nozerose,KeyEvent,65535:157:4,_055___static____,Editor,/Users/nozerose/Desktop/2023학년도 1학기 수업/CB3500572-063 C++프로그래밍과실습(Prof.김태연)/실습/실습 055 - static을 이용한 싱글톤 클래스 만들기/SharedPreferences.cpp,,5,20,Changes
2023-04-06T22:17:54.534+09:00,nozerose,Action,SaveAll,_055___static____,Editor,/Users/nozerose/Desktop/2023학년도 1학기 수업/CB3500572-063 C++프로그래밍과실습(Prof.김태연)/실습/실습 055 - static을 이용한 싱글톤 클래스 만들기/SharedPreferences.cpp,,5,20,Changes
2023-04-06T22:17:54.539+09:00,nozerose,KeyEvent,115:83:4,_055___static____,Editor,/Users/nozerose/Desktop/2023학년도 1학기 수업/CB3500572-063 C++프로그래밍과실습(Prof.김태연)/실습/실습 055 - static을 이용한 싱글톤 클래스 만들기/SharedPreferences.cpp,,5,20,Changes
2023-04-06T22:19:11.745+09:00,nozerose,Action,CPP.NewHeaderFile,_056___this___Builder__,Popup,/Users/nozerose/Desktop/2023학년도 1학기 수업/CB3500572-063 C++프로그래밍과실습(Prof.김태연)/실습/실습 056 - this 포인터를 이용한 Builder 클래스 정의/main.cpp,,0,0,Changes
2023-04-06T22:19:12.651+09:00,nozerose,KeyEvent,65535:16:1,_056___this___Builder__,Popup,/Users/nozerose/Desktop/2023학년도 1학기 수업/CB3500572-063 C++프로그래밍과실습(Prof.김태연)/실습/실습 056 - this 포인터를 이용한 Builder 클래스 정의/main.cpp,,0,0,Changes
2023-04-06T22:19:12.805+09:00,nozerose,KeyEvent,12636:78:1,_056___this___Builder__,Popup,/Users/nozerose/Desktop/2023학년도 1학기 수업/CB3500572-063 C++프로그래밍과실습(Prof.김태연)/실습/실습 056 - this 포인터를 이용한 Builder 클래스 정의/main.cpp,,0,0,Changes
2023-04-06T22:19:13.348+09:00,nozerose,Action,EditorBackSpace,_056___this___Builder__,Popup,/Users/nozerose/Desktop/2023학년도 1학기 수업/CB3500572-063 C++프로그래밍과실습(Prof.김태연)/실습/실습 056 - this 포인터를 이용한 Builder 클래스 정의/main.cpp,,0,0,Changes
2023-04-06T22:19:13.358+09:00,nozerose,KeyEvent,8:8:0,_056___this___Builder__,Popup,/Users/nozerose/Desktop/2023학년도 1학기 수업/CB3500572-063 C++프로그래밍과실습(Prof.김태연)/실습/실습 056 - this 포인터를 이용한 Builder 클래스 정의/main.cpp,,0,0,Changes
2023-04-06T22:19:13.474+09:00,nozerose,Action,EditorBackSpace,_056___this___Builder__,Popup,/Users/nozerose/Desktop/2023학년도 1학기 수업/CB3500572-063 C++프로그래밍과실습(Prof.김태연)/실습/실습 056 - this 포인터를 이용한 Builder 클래스 정의/main.cpp,,0,0,Changes
2023-04-06T22:19:13.475+09:00,nozerose,KeyEvent,8:8:0,_056___this___Builder__,Popup,/Users/nozerose/Desktop/2023학년도 1학기 수업/CB3500572-063 C++프로그래밍과실습(Prof.김태연)/실습/실습 056 - this 포인터를 이용한 Builder 클래스 정의/main.cpp,,0,0,Changes
2023-04-06T22:19:13.731+09:00,nozerose,KeyEvent,65535:20:0,_056___this___Builder__,Popup,/Users/nozerose/Desktop/2023학년도 1학기 수업/CB3500572-063 C++프로그래밍과실습(Prof.김태연)/실습/실습 056 - this 포인터를 이용한 Builder 클래스 정의/main.cpp,,0,0,Changes
2023-04-06T22:19:13.784+09:00,nozerose,KeyEvent,65535:0:0,_056___this___Builder__,Popup,/Users/nozerose/Desktop/2023학년도 1학기 수업/CB3500572-063 C++프로그래밍과실습(Prof.김태연)/실습/실습 056 - this 포인터를 이용한 Builder 클래스 정의/main.cpp,,0,0,Changes
2023-04-06T22:19:13.796+09:00,nozerose,KeyEvent,65535:16:1,_056___this___Builder__,Popup,/Users/nozerose/Desktop/2023학년도 1학기 수업/CB3500572-063 C++프로그래밍과실습(Prof.김태연)/실습/실습 056 - this 포인터를 이용한 Builder 클래스 정의/main.cpp,,0,0,Changes
2023-04-06T22:19:13.970+09:00,nozerose,KeyEvent,78:78:1,_056___this___Builder__,Popup,/Users/nozerose/Desktop/2023학년도 1학기 수업/CB3500572-063 C++프로그래밍과실습(Prof.김태연)/실습/실습 056 - this 포인터를 이용한 Builder 클래스 정의/main.cpp,,0,0,Changes
2023-04-06T22:19:14.229+09:00,nozerose,KeyEvent,111:79:0,_056___this___Builder__,Popup,/Users/nozerose/Desktop/2023학년도 1학기 수업/CB3500572-063 C++프로그래밍과실습(Prof.김태연)/실습/실습 056 - this 포인터를 이용한 Builder 클래스 정의/main.cpp,,0,0,Changes
2023-04-06T22:19:15.373+09:00,nozerose,KeyEvent,116:84:0,_056___this___Builder__,Popup,/Users/nozerose/Desktop/2023학년도 1학기 수업/CB3500572-063 C++프로그래밍과실습(Prof.김태연)/실습/실습 056 - this 포인터를 이용한 Builder 클래스 정의/main.cpp,,0,0,Changes
2023-04-06T22:19:15.561+09:00,nozerose,KeyEvent,105:73:0,_056___this___Builder__,Popup,/Users/nozerose/Desktop/2023학년도 1학기 수업/CB3500572-063 C++프로그래밍과실습(Prof.김태연)/실습/실습 056 - this 포인터를 이용한 Builder 클래스 정의/main.cpp,,0,0,Changes
2023-04-06T22:19:15.709+09:00,nozerose,KeyEvent,102:70:0,_056___this___Builder__,Popup,/Users/nozerose/Desktop/2023학년도 1학기 수업/CB3500572-063 C++프로그래밍과실습(Prof.김태연)/실습/실습 056 - this 포인터를 이용한 Builder 클래스 정의/main.cpp,,0,0,Changes
2023-04-06T22:19:15.800+09:00,nozerose,KeyEvent,105:73:0,_056___this___Builder__,Popup,/Users/nozerose/Desktop/2023학년도 1학기 수업/CB3500572-063 C++프로그래밍과실습(Prof.김태연)/실습/실습 056 - this 포인터를 이용한 Builder 클래스 정의/main.cpp,,0,0,Changes
2023-04-06T22:19:16.363+09:00,nozerose,KeyEvent,99:67:0,_056___this___Builder__,Popup,/Users/nozerose/Desktop/2023학년도 1학기 수업/CB3500572-063 C++프로그래밍과실습(Prof.김태연)/실습/실습 056 - this 포인터를 이용한 Builder 클래스 정의/main.cpp,,0,0,Changes
2023-04-06T22:19:16.513+09:00,nozerose,KeyEvent,97:65:0,_056___this___Builder__,Popup,/Users/nozerose/Desktop/2023학년도 1학기 수업/CB3500572-063 C++프로그래밍과실습(Prof.김태연)/실습/실습 056 - this 포인터를 이용한 Builder 클래스 정의/main.cpp,,0,0,Changes
2023-04-06T22:19:16.764+09:00,nozerose,KeyEvent,116:84:0,_056___this___Builder__,Popup,/Users/nozerose/Desktop/2023학년도 1학기 수업/CB3500572-063 C++프로그래밍과실습(Prof.김태연)/실습/실습 056 - this 포인터를 이용한 Builder 클래스 정의/main.cpp,,0,0,Changes
2023-04-06T22:19:16.860+09:00,nozerose,KeyEvent,105:73:0,_056___this___Builder__,Popup,/Users/nozerose/Desktop/2023학년도 1학기 수업/CB3500572-063 C++프로그래밍과실습(Prof.김태연)/실습/실습 056 - this 포인터를 이용한 Builder 클래스 정의/main.cpp,,0,0,Changes
2023-04-06T22:19:16.880+09:00,nozerose,KeyEvent,111:79:0,_056___this___Builder__,Popup,/Users/nozerose/Desktop/2023학년도 1학기 수업/CB3500572-063 C++프로그래밍과실습(Prof.김태연)/실습/실습 056 - this 포인터를 이용한 Builder 클래스 정의/main.cpp,,0,0,Changes
2023-04-06T22:19:17.090+09:00,nozerose,KeyEvent,110:78:0,_056___this___Builder__,Popup,/Users/nozerose/Desktop/2023학년도 1학기 수업/CB3500572-063 C++프로그래밍과실습(Prof.김태연)/실습/실습 056 - this 포인터를 이용한 Builder 클래스 정의/main.cpp,,0,0,Changes
2023-04-06T22:19:17.426+09:00,nozerose,KeyEvent,10:10:0,_056___this___Builder__,Popup,/Users/nozerose/Desktop/2023학년도 1학기 수업/CB3500572-063 C++프로그래밍과실습(Prof.김태연)/실습/실습 056 - this 포인터를 이용한 Builder 클래스 정의/main.cpp,,0,0,Changes
2023-04-06T22:19:23.787+09:00,nozerose,KeyEvent,65535:157:4,_056___this___Builder__,Editor,/Users/nozerose/Desktop/2023학년도 1학기 수업/CB3500572-063 C++프로그래밍과실습(Prof.김태연)/실습/실습 056 - this 포인터를 이용한 Builder 클래스 정의/Notification.h,,0,0,Changes
2023-04-06T22:19:23.824+09:00,nozerose,Action,EditorPaste,_056___this___Builder__,Editor,/Users/nozerose/Desktop/2023학년도 1학기 수업/CB3500572-063 C++프로그래밍과실습(Prof.김태연)/실습/실습 056 - this 포인터를 이용한 Builder 클래스 정의/Notification.h,,0,0,Changes
2023-04-06T22:19:23.856+09:00,nozerose,KeyEvent,118:86:4,_056___this___Builder__,Editor,/Users/nozerose/Desktop/2023학년도 1학기 수업/CB3500572-063 C++프로그래밍과실습(Prof.김태연)/실습/실습 056 - this 포인터를 이용한 Builder 클래스 정의/Notification.h,,28,0,Changes
2023-04-06T22:19:27.984+09:00,nozerose,Action,EditorEnter,_056___this___Builder__,Editor,/Users/nozerose/Desktop/2023학년도 1학기 수업/CB3500572-063 C++프로그래밍과실습(Prof.김태연)/실습/실습 056 - this 포인터를 이용한 Builder 클래스 정의/Notification.h,,0,0,Changes
2023-04-06T22:19:27.992+09:00,nozerose,KeyEvent,10:10:0,_056___this___Builder__,Editor,/Users/nozerose/Desktop/2023학년도 1학기 수업/CB3500572-063 C++프로그래밍과실습(Prof.김태연)/실습/실습 056 - this 포인터를 이용한 Builder 클래스 정의/Notification.h,,1,0,Changes
2023-04-06T22:19:28.134+09:00,nozerose,Action,EditorEnter,_056___this___Builder__,Editor,/Users/nozerose/Desktop/2023학년도 1학기 수업/CB3500572-063 C++프로그래밍과실습(Prof.김태연)/실습/실습 056 - this 포인터를 이용한 Builder 클래스 정의/Notification.h,,1,0,Changes
2023-04-06T22:19:28.139+09:00,nozerose,KeyEvent,10:10:0,_056___this___Builder__,Editor,/Users/nozerose/Desktop/2023학년도 1학기 수업/CB3500572-063 C++프로그래밍과실습(Prof.김태연)/실습/실습 056 - this 포인터를 이용한 Builder 클래스 정의/Notification.h,,2,0,Changes
2023-04-06T22:19:28.876+09:00,nozerose,Action,EditorUp,_056___this___Builder__,Editor,/Users/nozerose/Desktop/2023학년도 1학기 수업/CB3500572-063 C++프로그래밍과실습(Prof.김태연)/실습/실습 056 - this 포인터를 이용한 Builder 클래스 정의/Notification.h,,2,0,Changes
2023-04-06T22:19:28.877+09:00,nozerose,KeyEvent,65535:38:0,_056___this___Builder__,Editor,/Users/nozerose/Desktop/2023학년도 1학기 수업/CB3500572-063 C++프로그래밍과실습(Prof.김태연)/실습/실습 056 - this 포인터를 이용한 Builder 클래스 정의/Notification.h,,1,0,Changes
2023-04-06T22:19:29.053+09:00,nozerose,Action,EditorUp,_056___this___Builder__,Editor,/Users/nozerose/Desktop/2023학년도 1학기 수업/CB3500572-063 C++프로그래밍과실습(Prof.김태연)/실습/실습 056 - this 포인터를 이용한 Builder 클래스 정의/Notification.h,,1,0,Changes
2023-04-06T22:19:29.054+09:00,nozerose,KeyEvent,65535:38:0,_056___this___Builder__,Editor,/Users/nozerose/Desktop/2023학년도 1학기 수업/CB3500572-063 C++프로그래밍과실습(Prof.김태연)/실습/실습 056 - this 포인터를 이용한 Builder 클래스 정의/Notification.h,,0,0,Changes
2023-04-06T22:19:36.581+09:00,nozerose,KeyEvent,65535:16:1,_056___this___Builder__,Editor,/Users/nozerose/Desktop/2023학년도 1학기 수업/CB3500572-063 C++프로그래밍과실습(Prof.김태연)/실습/실습 056 - this 포인터를 이용한 Builder 클래스 정의/Notification.h,,0,0,Changes
2023-04-06T22:19:36.659+09:00,nozerose,KeyEvent,35:520:1,_056___this___Builder__,Editor,/Users/nozerose/Desktop/2023학년도 1학기 수업/CB3500572-063 C++프로그래밍과실습(Prof.김태연)/실습/실습 056 - this 포인터를 이용한 Builder 클래스 정의/Notification.h,,0,0,Changes
2023-04-06T22:19:36.968+09:00,nozerose,KeyEvent,105:73:0,_056___this___Builder__,Editor,/Users/nozerose/Desktop/2023학년도 1학기 수업/CB3500572-063 C++프로그래밍과실습(Prof.김태연)/실습/실습 056 - this 포인터를 이용한 Builder 클래스 정의/Notification.h,,0,1,Changes
2023-04-06T22:19:37.135+09:00,nozerose,KeyEvent,110:78:0,_056___this___Builder__,Editor,/Users/nozerose/Desktop/2023학년도 1학기 수업/CB3500572-063 C++프로그래밍과실습(Prof.김태연)/실습/실습 056 - this 포인터를 이용한 Builder 클래스 정의/Notification.h,,0,2,Changes
2023-04-06T22:19:37.300+09:00,nozerose,KeyEvent,99:67:0,_056___this___Builder__,Editor,/Users/nozerose/Desktop/2023학년도 1학기 수업/CB3500572-063 C++프로그래밍과실습(Prof.김태연)/실습/실습 056 - this 포인터를 이용한 Builder 클래스 정의/Notification.h,,0,3,Changes
2023-04-06T22:19:37.399+09:00,nozerose,KeyEvent,108:76:0,_056___this___Builder__,Editor,/Users/nozerose/Desktop/2023학년도 1학기 수업/CB3500572-063 C++프로그래밍과실습(Prof.김태연)/실습/실습 056 - this 포인터를 이용한 Builder 클래스 정의/Notification.h,,0,4,Changes
2023-04-06T22:19:37.608+09:00,nozerose,KeyEvent,117:85:0,_056___this___Builder__,Editor,/Users/nozerose/Desktop/2023학년도 1학기 수업/CB3500572-063 C++프로그래밍과실습(Prof.김태연)/실습/실습 056 - this 포인터를 이용한 Builder 클래스 정의/Notification.h,,0,5,Changes
2023-04-06T22:19:37.683+09:00,nozerose,KeyEvent,100:68:0,_056___this___Builder__,Editor,/Users/nozerose/Desktop/2023학년도 1학기 수업/CB3500572-063 C++프로그래밍과실습(Prof.김태연)/실습/실습 056 - this 포인터를 이용한 Builder 클래스 정의/Notification.h,,0,6,Changes
2023-04-06T22:19:37.857+09:00,nozerose,KeyEvent,101:69:0,_056___this___Builder__,Editor,/Users/nozerose/Desktop/2023학년도 1학기 수업/CB3500572-063 C++프로그래밍과실습(Prof.김태연)/실습/실습 056 - this 포인터를 이용한 Builder 클래스 정의/Notification.h,,0,7,Changes
2023-04-06T22:19:38.088+09:00,nozerose,KeyEvent,32:32:0,_056___this___Builder__,Editor,/Users/nozerose/Desktop/2023학년도 1학기 수업/CB3500572-063 C++프로그래밍과실습(Prof.김태연)/실습/실습 056 - this 포인터를 이용한 Builder 클래스 정의/Notification.h,,0,8,Changes
2023-04-06T22:19:38.263+09:00,nozerose,KeyEvent,65535:16:1,_056___this___Builder__,Editor,/Users/nozerose/Desktop/2023학년도 1학기 수업/CB3500572-063 C++프로그래밍과실습(Prof.김태연)/실습/실습 056 - this 포인터를 이용한 Builder 클래스 정의/Notification.h,,0,9,Changes
2023-04-06T22:19:38.448+09:00,nozerose,KeyEvent,60:153:1,_056___this___Builder__,Editor,/Users/nozerose/Desktop/2023학년도 1학기 수업/CB3500572-063 C++프로그래밍과실습(Prof.김태연)/실습/실습 056 - this 포인터를 이용한 Builder 클래스 정의/Notification.h,,0,9,Changes
2023-04-06T22:19:38.744+09:00,nozerose,KeyEvent,115:83:0,_056___this___Builder__,Editor,/Users/nozerose/Desktop/2023학년도 1학기 수업/CB3500572-063 C++프로그래밍과실습(Prof.김태연)/실습/실습 056 - this 포인터를 이용한 Builder 클래스 정의/Notification.h,,0,10,Changes
2023-04-06T22:19:39.106+09:00,nozerose,KeyEvent,116:84:0,_056___this___Builder__,Editor,/Users/nozerose/Desktop/2023학년도 1학기 수업/CB3500572-063 C++프로그래밍과실습(Prof.김태연)/실습/실습 056 - this 포인터를 이용한 Builder 클래스 정의/Notification.h,,0,11,Changes
2023-04-06T22:19:39.526+09:00,nozerose,KeyEvent,100:68:0,_056___this___Builder__,Editor,/Users/nozerose/Desktop/2023학년도 1학기 수업/CB3500572-063 C++프로그래밍과실습(Prof.김태연)/실습/실습 056 - this 포인터를 이용한 Builder 클래스 정의/Notification.h,,0,12,Changes
2023-04-06T22:19:39.835+09:00,nozerose,KeyEvent,65535:16:1,_056___this___Builder__,Editor,/Users/nozerose/Desktop/2023학년도 1학기 수업/CB3500572-063 C++프로그래밍과실습(Prof.김태연)/실습/실습 056 - this 포인터를 이용한 Builder 클래스 정의/Notification.h,,0,13,Changes
2023-04-06T22:19:40.044+09:00,nozerose,KeyEvent,62:46:1,_056___this___Builder__,Editor,/Users/nozerose/Desktop/2023학년도 1학기 수업/CB3500572-063 C++프로그래밍과실습(Prof.김태연)/실습/실습 056 - this 포인터를 이용한 Builder 클래스 정의/Notification.h,,0,13,Changes
2023-04-06T22:19:43.632+09:00,nozerose,Action,EditorBackSpace,_056___this___Builder__,Editor,/Users/nozerose/Desktop/2023학년도 1학기 수업/CB3500572-063 C++프로그래밍과실습(Prof.김태연)/실습/실습 056 - this 포인터를 이용한 Builder 클래스 정의/Notification.h,,0,14,Changes
2023-04-06T22:19:43.636+09:00,nozerose,KeyEvent,8:8:0,_056___this___Builder__,Editor,/Users/nozerose/Desktop/2023학년도 1학기 수업/CB3500572-063 C++프로그래밍과실습(Prof.김태연)/실습/실습 056 - this 포인터를 이용한 Builder 클래스 정의/Notification.h,,0,13,Changes
2023-04-06T22:19:43.847+09:00,nozerose,Action,EditorBackSpace,_056___this___Builder__,Editor,/Users/nozerose/Desktop/2023학년도 1학기 수업/CB3500572-063 C++프로그래밍과실습(Prof.김태연)/실습/실습 056 - this 포인터를 이용한 Builder 클래스 정의/Notification.h,,0,13,Changes
2023-04-06T22:19:43.849+09:00,nozerose,KeyEvent,8:8:0,_056___this___Builder__,Editor,/Users/nozerose/Desktop/2023학년도 1학기 수업/CB3500572-063 C++프로그래밍과실습(Prof.김태연)/실습/실습 056 - this 포인터를 이용한 Builder 클래스 정의/Notification.h,,0,12,Changes
2023-04-06T22:19:44.159+09:00,nozerose,Action,EditorBackSpace,_056___this___Builder__,Editor,/Users/nozerose/Desktop/2023학년도 1학기 수업/CB3500572-063 C++프로그래밍과실습(Prof.김태연)/실습/실습 056 - this 포인터를 이용한 Builder 클래스 정의/Notification.h,,0,12,Changes
2023-04-06T22:19:44.163+09:00,nozerose,KeyEvent,8:8:0,_056___this___Builder__,Editor,/Users/nozerose/Desktop/2023학년도 1학기 수업/CB3500572-063 C++프로그래밍과실습(Prof.김태연)/실습/실습 056 - this 포인터를 이용한 Builder 클래스 정의/Notification.h,,0,11,Changes
2023-04-06T22:19:44.425+09:00,nozerose,Action,EditorBackSpace,_056___this___Builder__,Editor,/Users/nozerose/Desktop/2023학년도 1학기 수업/CB3500572-063 C++프로그래밍과실습(Prof.김태연)/실습/실습 056 - this 포인터를 이용한 Builder 클래스 정의/Notification.h,,0,11,Changes
2023-04-06T22:19:44.429+09:00,nozerose,KeyEvent,8:8:0,_056___this___Builder__,Editor,/Users/nozerose/Desktop/2023학년도 1학기 수업/CB3500572-063 C++프로그래밍과실습(Prof.김태연)/실습/실습 056 - this 포인터를 이용한 Builder 클래스 정의/Notification.h,,0,10,Changes
2023-04-06T22:19:45.347+09:00,nozerose,KeyEvent,105:73:0,_056___this___Builder__,Editor,/Users/nozerose/Desktop/2023학년도 1학기 수업/CB3500572-063 C++프로그래밍과실습(Prof.김태연)/실습/실습 056 - this 포인터를 이용한 Builder 클래스 정의/Notification.h,,0,10,Changes
2023-04-06T22:19:45.579+09:00,nozerose,KeyEvent,111:79:0,_056___this___Builder__,Editor,/Users/nozerose/Desktop/2023학년도 1학기 수업/CB3500572-063 C++프로그래밍과실습(Prof.김태연)/실습/실습 056 - this 포인터를 이용한 Builder 클래스 정의/Notification.h,,0,11,Changes
2023-04-06T22:19:45.809+09:00,nozerose,KeyEvent,115:83:0,_056___this___Builder__,Editor,/Users/nozerose/Desktop/2023학년도 1학기 수업/CB3500572-063 C++프로그래밍과실습(Prof.김태연)/실습/실습 056 - this 포인터를 이용한 Builder 클래스 정의/Notification.h,,0,12,Changes
2023-04-06T22:19:46.053+09:00,nozerose,KeyEvent,116:84:0,_056___this___Builder__,Editor,/Users/nozerose/Desktop/2023학년도 1학기 수업/CB3500572-063 C++프로그래밍과실습(Prof.김태연)/실습/실습 056 - this 포인터를 이용한 Builder 클래스 정의/Notification.h,,0,13,Changes
2023-04-06T22:19:46.265+09:00,nozerose,KeyEvent,101:69:0,_056___this___Builder__,Editor,/Users/nozerose/Desktop/2023학년도 1학기 수업/CB3500572-063 C++프로그래밍과실습(Prof.김태연)/실습/실습 056 - this 포인터를 이용한 Builder 클래스 정의/Notification.h,,0,14,Changes
2023-04-06T22:19:46.701+09:00,nozerose,Action,EditorBackSpace,_056___this___Builder__,Editor,/Users/nozerose/Desktop/2023학년도 1학기 수업/CB3500572-063 C++프로그래밍과실습(Prof.김태연)/실습/실습 056 - this 포인터를 이용한 Builder 클래스 정의/Notification.h,,0,15,Changes
2023-04-06T22:19:46.702+09:00,nozerose,KeyEvent,8:8:0,_056___this___Builder__,Editor,/Users/nozerose/Desktop/2023학년도 1학기 수업/CB3500572-063 C++프로그래밍과실습(Prof.김태연)/실습/실습 056 - this 포인터를 이용한 Builder 클래스 정의/Notification.h,,0,14,Changes
2023-04-06T22:19:46.867+09:00,nozerose,Action,EditorBackSpace,_056___this___Builder__,Editor,/Users/nozerose/Desktop/2023학년도 1학기 수업/CB3500572-063 C++프로그래밍과실습(Prof.김태연)/실습/실습 056 - this 포인터를 이용한 Builder 클래스 정의/Notification.h,,0,14,Changes
2023-04-06T22:19:46.869+09:00,nozerose,KeyEvent,8:8:0,_056___this___Builder__,Editor,/Users/nozerose/Desktop/2023학년도 1학기 수업/CB3500572-063 C++프로그래밍과실습(Prof.김태연)/실습/실습 056 - this 포인터를 이용한 Builder 클래스 정의/Notification.h,,0,13,Changes
2023-04-06T22:19:47.012+09:00,nozerose,Action,EditorBackSpace,_056___this___Builder__,Editor,/Users/nozerose/Desktop/2023학년도 1학기 수업/CB3500572-063 C++프로그래밍과실습(Prof.김태연)/실습/실습 056 - this 포인터를 이용한 Builder 클래스 정의/Notification.h,,0,13,Changes
2023-04-06T22:19:47.014+09:00,nozerose,KeyEvent,8:8:0,_056___this___Builder__,Editor,/Users/nozerose/Desktop/2023학년도 1학기 수업/CB3500572-063 C++프로그래밍과실습(Prof.김태연)/실습/실습 056 - this 포인터를 이용한 Builder 클래스 정의/Notification.h,,0,12,Changes
2023-04-06T22:19:47.165+09:00,nozerose,Action,EditorBackSpace,_056___this___Builder__,Editor,/Users/nozerose/Desktop/2023학년도 1학기 수업/CB3500572-063 C++프로그래밍과실습(Prof.김태연)/실습/실습 056 - this 포인터를 이용한 Builder 클래스 정의/Notification.h,,0,12,Changes
2023-04-06T22:19:47.169+09:00,nozerose,KeyEvent,8:8:0,_056___this___Builder__,Editor,/Users/nozerose/Desktop/2023학년도 1학기 수업/CB3500572-063 C++프로그래밍과실습(Prof.김태연)/실습/실습 056 - this 포인터를 이용한 Builder 클래스 정의/Notification.h,,0,11,Changes
2023-04-06T22:19:47.312+09:00,nozerose,Action,EditorBackSpace,_056___this___Builder__,Editor,/Users/nozerose/Desktop/2023학년도 1학기 수업/CB3500572-063 C++프로그래밍과실습(Prof.김태연)/실습/실습 056 - this 포인터를 이용한 Builder 클래스 정의/Notification.h,,0,11,Changes
2023-04-06T22:19:47.317+09:00,nozerose,KeyEvent,8:8:0,_056___this___Builder__,Editor,/Users/nozerose/Desktop/2023학년도 1학기 수업/CB3500572-063 C++프로그래밍과실습(Prof.김태연)/실습/실습 056 - this 포인터를 이용한 Builder 클래스 정의/Notification.h,,0,10,Changes
2023-04-06T22:20:32.398+09:00,nozerose,KeyEvent,65535:157:4,_056___this___Builder__,Editor,/Users/nozerose/Desktop/2023학년도 1학기 수업/CB3500572-063 C++프로그래밍과실습(Prof.김태연)/실습/실습 056 - this 포인터를 이용한 Builder 클래스 정의/Notification.h,,2,0,Changes
2023-04-06T22:20:32.501+09:00,nozerose,Action,EditorCopy,_056___this___Builder__,Editor,/Users/nozerose/Desktop/2023학년도 1학기 수업/CB3500572-063 C++프로그래밍과실습(Prof.김태연)/실습/실습 056 - this 포인터를 이용한 Builder 클래스 정의/Notification.h,,2,0,Changes
2023-04-06T22:20:32.511+09:00,nozerose,KeyEvent,99:67:4,_056___this___Builder__,Editor,/Users/nozerose/Desktop/2023학년도 1학기 수업/CB3500572-063 C++프로그래밍과실습(Prof.김태연)/실습/실습 056 - this 포인터를 이용한 Builder 클래스 정의/Notification.h,,2,0,Changes
2023-04-06T22:21:24.175+09:00,nozerose,KeyEvent,12596:83:0,_056___this___Builder__,Editor,/Users/nozerose/Desktop/2023학년도 1학기 수업/CB3500572-063 C++프로그래밍과실습(Prof.김태연)/실습/실습 056 - this 포인터를 이용한 Builder 클래스 정의/Notification.h,,0,10,Changes
2023-04-06T22:21:24.639+09:00,nozerose,Action,EditorBackSpace,_056___this___Builder__,Editor,/Users/nozerose/Desktop/2023학년도 1학기 수업/CB3500572-063 C++프로그래밍과실습(Prof.김태연)/실습/실습 056 - this 포인터를 이용한 Builder 클래스 정의/Notification.h,,0,11,Changes
2023-04-06T22:21:24.641+09:00,nozerose,KeyEvent,8:8:0,_056___this___Builder__,Editor,/Users/nozerose/Desktop/2023학년도 1학기 수업/CB3500572-063 C++프로그래밍과실습(Prof.김태연)/실습/실습 056 - this 포인터를 이용한 Builder 클래스 정의/Notification.h,,0,10,Changes
2023-04-06T22:21:24.880+09:00,nozerose,KeyEvent,65535:20:0,_056___this___Builder__,Editor,/Users/nozerose/Desktop/2023학년도 1학기 수업/CB3500572-063 C++프로그래밍과실습(Prof.김태연)/실습/실습 056 - this 포인터를 이용한 Builder 클래스 정의/Notification.h,,0,10,Changes
2023-04-06T22:21:24.936+09:00,nozerose,KeyEvent,65535:0:0,_056___this___Builder__,Editor,/Users/nozerose/Desktop/2023학년도 1학기 수업/CB3500572-063 C++프로그래밍과실습(Prof.김태연)/실습/실습 056 - this 포인터를 이용한 Builder 클래스 정의/Notification.h,,0,10,Changes
2023-04-06T22:21:24.992+09:00,nozerose,KeyEvent,115:83:0,_056___this___Builder__,Editor,/Users/nozerose/Desktop/2023학년도 1학기 수업/CB3500572-063 C++프로그래밍과실습(Prof.김태연)/실습/실습 056 - this 포인터를 이용한 Builder 클래스 정의/Notification.h,,0,10,Changes
2023-04-06T22:21:25.242+09:00,nozerose,KeyEvent,116:84:0,_056___this___Builder__,Editor,/Users/nozerose/Desktop/2023학년도 1학기 수업/CB3500572-063 C++프로그래밍과실습(Prof.김태연)/실습/실습 056 - this 포인터를 이용한 Builder 클래스 정의/Notification.h,,0,11,Changes
2023-04-06T22:21:25.417+09:00,nozerose,KeyEvent,114:82:0,_056___this___Builder__,Editor,/Users/nozerose/Desktop/2023학년도 1학기 수업/CB3500572-063 C++프로그래밍과실습(Prof.김태연)/실습/실습 056 - this 포인터를 이용한 Builder 클래스 정의/Notification.h,,0,12,Changes
2023-04-06T22:21:25.512+09:00,nozerose,KeyEvent,105:73:0,_056___this___Builder__,Editor,/Users/nozerose/Desktop/2023학년도 1학기 수업/CB3500572-063 C++프로그래밍과실습(Prof.김태연)/실습/실습 056 - this 포인터를 이용한 Builder 클래스 정의/Notification.h,,0,13,Changes
2023-04-06T22:21:25.633+09:00,nozerose,KeyEvent,110:78:0,_056___this___Builder__,Editor,/Users/nozerose/Desktop/2023학년도 1학기 수업/CB3500572-063 C++프로그래밍과실습(Prof.김태연)/실습/실습 056 - this 포인터를 이용한 Builder 클래스 정의/Notification.h,,0,14,Changes
2023-04-06T22:21:25.724+09:00,nozerose,KeyEvent,103:71:0,_056___this___Builder__,Editor,/Users/nozerose/Desktop/2023학년도 1학기 수업/CB3500572-063 C++프로그래밍과실습(Prof.김태연)/실습/실습 056 - this 포인터를 이용한 Builder 클래스 정의/Notification.h,,0,15,Changes
2023-04-06T22:21:26.035+09:00,nozerose,KeyEvent,65535:16:1,_056___this___Builder__,Editor,/Users/nozerose/Desktop/2023학년도 1학기 수업/CB3500572-063 C++프로그래밍과실습(Prof.김태연)/실습/실습 056 - this 포인터를 이용한 Builder 클래스 정의/Notification.h,,0,16,Changes
2023-04-06T22:21:26.320+09:00,nozerose,KeyEvent,62:46:1,_056___this___Builder__,Editor,/Users/nozerose/Desktop/2023학년도 1학기 수업/CB3500572-063 C++프로그래밍과실습(Prof.김태연)/실습/실습 056 - this 포인터를 이용한 Builder 클래스 정의/Notification.h,,0,16,Changes
2023-04-06T22:21:26.579+09:00,nozerose,Action,EditorEnter,_056___this___Builder__,Editor,/Users/nozerose/Desktop/2023학년도 1학기 수업/CB3500572-063 C++프로그래밍과실습(Prof.김태연)/실습/실습 056 - this 포인터를 이용한 Builder 클래스 정의/Notification.h,,0,17,Changes
2023-04-06T22:21:26.586+09:00,nozerose,KeyEvent,10:10:0,_056___this___Builder__,Editor,/Users/nozerose/Desktop/2023학년도 1학기 수업/CB3500572-063 C++프로그래밍과실습(Prof.김태연)/실습/실습 056 - this 포인터를 이용한 Builder 클래스 정의/Notification.h,,1,0,Changes
2023-04-06T22:21:26.891+09:00,nozerose,KeyEvent,65535:16:1,_056___this___Builder__,Editor,/Users/nozerose/Desktop/2023학년도 1학기 수업/CB3500572-063 C++프로그래밍과실습(Prof.김태연)/실습/실습 056 - this 포인터를 이용한 Builder 클래스 정의/Notification.h,,1,0,Changes
2023-04-06T22:21:27.087+09:00,nozerose,KeyEvent,35:520:1,_056___this___Builder__,Editor,/Users/nozerose/Desktop/2023학년도 1학기 수업/CB3500572-063 C++프로그래밍과실습(Prof.김태연)/실습/실습 056 - this 포인터를 이용한 Builder 클래스 정의/Notification.h,,1,0,Changes
2023-04-06T22:21:27.144+09:00,nozerose,KeyEvent,35:520:1,_056___this___Builder__,Editor,/Users/nozerose/Desktop/2023학년도 1학기 수업/CB3500572-063 C++프로그래밍과실습(Prof.김태연)/실습/실습 056 - this 포인터를 이용한 Builder 클래스 정의/Notification.h,,1,1,Changes
2023-04-06T22:21:27.645+09:00,nozerose,Action,EditorBackSpace,_056___this___Builder__,Editor,/Users/nozerose/Desktop/2023학년도 1학기 수업/CB3500572-063 C++프로그래밍과실습(Prof.김태연)/실습/실습 056 - this 포인터를 이용한 Builder 클래스 정의/Notification.h,,1,2,Changes
2023-04-06T22:21:27.656+09:00,nozerose,KeyEvent,8:8:0,_056___this___Builder__,Editor,/Users/nozerose/Desktop/2023학년도 1학기 수업/CB3500572-063 C++프로그래밍과실습(Prof.김태연)/실습/실습 056 - this 포인터를 이용한 Builder 클래스 정의/Notification.h,,1,1,Changes
2023-04-06T22:21:27.921+09:00,nozerose,KeyEvent,105:73:0,_056___this___Builder__,Editor,/Users/nozerose/Desktop/2023학년도 1학기 수업/CB3500572-063 C++프로그래밍과실습(Prof.김태연)/실습/실습 056 - this 포인터를 이용한 Builder 클래스 정의/Notification.h,,1,1,Changes
2023-04-06T22:21:28.055+09:00,nozerose,KeyEvent,110:78:0,_056___this___Builder__,Editor,/Users/nozerose/Desktop/2023학년도 1학기 수업/CB3500572-063 C++프로그래밍과실습(Prof.김태연)/실습/실습 056 - this 포인터를 이용한 Builder 클래스 정의/Notification.h,,1,2,Changes
2023-04-06T22:21:28.193+09:00,nozerose,KeyEvent,99:67:0,_056___this___Builder__,Editor,/Users/nozerose/Desktop/2023학년도 1학기 수업/CB3500572-063 C++프로그래밍과실습(Prof.김태연)/실습/실습 056 - this 포인터를 이용한 Builder 클래스 정의/Notification.h,,1,3,Changes
2023-04-06T22:21:28.292+09:00,nozerose,KeyEvent,108:76:0,_056___this___Builder__,Editor,/Users/nozerose/Desktop/2023학년도 1학기 수업/CB3500572-063 C++프로그래밍과실습(Prof.김태연)/실습/실습 056 - this 포인터를 이용한 Builder 클래스 정의/Notification.h,,1,4,Changes
2023-04-06T22:21:28.519+09:00,nozerose,KeyEvent,117:85:0,_056___this___Builder__,Editor,/Users/nozerose/Desktop/2023학년도 1학기 수업/CB3500572-063 C++프로그래밍과실습(Prof.김태연)/실습/실습 056 - this 포인터를 이용한 Builder 클래스 정의/Notification.h,,1,5,Changes
2023-04-06T22:21:28.607+09:00,nozerose,KeyEvent,100:68:0,_056___this___Builder__,Editor,/Users/nozerose/Desktop/2023학년도 1학기 수업/CB3500572-063 C++프로그래밍과실습(Prof.김태연)/실습/실습 056 - this 포인터를 이용한 Builder 클래스 정의/Notification.h,,1,6,Changes
2023-04-06T22:21:28.785+09:00,nozerose,KeyEvent,101:69:0,_056___this___Builder__,Editor,/Users/nozerose/Desktop/2023학년도 1학기 수업/CB3500572-063 C++프로그래밍과실습(Prof.김태연)/실습/실습 056 - this 포인터를 이용한 Builder 클래스 정의/Notification.h,,1,7,Changes
2023-04-06T22:21:28.975+09:00,nozerose,KeyEvent,32:32:0,_056___this___Builder__,Editor,/Users/nozerose/Desktop/2023학년도 1학기 수업/CB3500572-063 C++프로그래밍과실습(Prof.김태연)/실습/실습 056 - this 포인터를 이용한 Builder 클래스 정의/Notification.h,,1,8,Changes
2023-04-06T22:21:32.673+09:00,nozerose,KeyEvent,65535:16:1,_056___this___Builder__,Editor,/Users/nozerose/Desktop/2023학년도 1학기 수업/CB3500572-063 C++프로그래밍과실습(Prof.김태연)/실습/실습 056 - this 포인터를 이용한 Builder 클래스 정의/Notification.h,,1,9,Changes
2023-04-06T22:21:32.923+09:00,nozerose,KeyEvent,60:153:1,_056___this___Builder__,Editor,/Users/nozerose/Desktop/2023학년도 1학기 수업/CB3500572-063 C++프로그래밍과실습(Prof.김태연)/실습/실습 056 - this 포인터를 이용한 Builder 클래스 정의/Notification.h,,1,9,Changes
2023-04-06T22:21:34.238+09:00,nozerose,KeyEvent,99:67:0,_056___this___Builder__,Editor,/Users/nozerose/Desktop/2023학년도 1학기 수업/CB3500572-063 C++프로그래밍과실습(Prof.김태연)/실습/실습 056 - this 포인터를 이용한 Builder 클래스 정의/Notification.h,,1,10,Changes
2023-04-06T22:21:34.565+09:00,nozerose,KeyEvent,116:84:0,_056___this___Builder__,Editor,/Users/nozerose/Desktop/2023학년도 1학기 수업/CB3500572-063 C++프로그래밍과실습(Prof.김태연)/실습/실습 056 - this 포인터를 이용한 Builder 클래스 정의/Notification.h,,1,11,Changes
2023-04-06T22:21:34.636+09:00,nozerose,KeyEvent,105:73:0,_056___this___Builder__,Editor,/Users/nozerose/Desktop/2023학년도 1학기 수업/CB3500572-063 C++프로그래밍과실습(Prof.김태연)/실습/실습 056 - this 포인터를 이용한 Builder 클래스 정의/Notification.h,,1,12,Changes
2023-04-06T22:21:34.783+09:00,nozerose,KeyEvent,109:77:0,_056___this___Builder__,Editor,/Users/nozerose/Desktop/2023학년도 1학기 수업/CB3500572-063 C++프로그래밍과실습(Prof.김태연)/실습/실습 056 - this 포인터를 이용한 Builder 클래스 정의/Notification.h,,1,13,Changes
2023-04-06T22:21:34.905+09:00,nozerose,KeyEvent,101:69:0,_056___this___Builder__,Editor,/Users/nozerose/Desktop/2023학년도 1학기 수업/CB3500572-063 C++프로그래밍과실습(Prof.김태연)/실습/실습 056 - this 포인터를 이용한 Builder 클래스 정의/Notification.h,,1,14,Changes
2023-04-06T22:21:35.188+09:00,nozerose,KeyEvent,65535:16:1,_056___this___Builder__,Editor,/Users/nozerose/Desktop/2023학년도 1학기 수업/CB3500572-063 C++프로그래밍과실습(Prof.김태연)/실습/실습 056 - this 포인터를 이용한 Builder 클래스 정의/Notification.h,,1,15,Changes
2023-04-06T22:21:35.384+09:00,nozerose,KeyEvent,62:46:1,_056___this___Builder__,Editor,/Users/nozerose/Desktop/2023학년도 1학기 수업/CB3500572-063 C++프로그래밍과실습(Prof.김태연)/실습/실습 056 - this 포인터를 이용한 Builder 클래스 정의/Notification.h,,1,15,Changes
2023-04-06T22:21:35.596+09:00,nozerose,Action,EditorEnter,_056___this___Builder__,Editor,/Users/nozerose/Desktop/2023학년도 1학기 수업/CB3500572-063 C++프로그래밍과실습(Prof.김태연)/실습/실습 056 - this 포인터를 이용한 Builder 클래스 정의/Notification.h,,1,16,Changes
2023-04-06T22:21:35.607+09:00,nozerose,KeyEvent,10:10:0,_056___this___Builder__,Editor,/Users/nozerose/Desktop/2023학년도 1학기 수업/CB3500572-063 C++프로그래밍과실습(Prof.김태연)/실습/실습 056 - this 포인터를 이용한 Builder 클래스 정의/Notification.h,,2,0,Changes
2023-04-06T22:21:35.856+09:00,nozerose,KeyEvent,65535:16:1,_056___this___Builder__,Editor,/Users/nozerose/Desktop/2023학년도 1학기 수업/CB3500572-063 C++프로그래밍과실습(Prof.김태연)/실습/실습 056 - this 포인터를 이용한 Builder 클래스 정의/Notification.h,,2,0,Changes
2023-04-06T22:21:35.955+09:00,nozerose,KeyEvent,35:520:1,_056___this___Builder__,Editor,/Users/nozerose/Desktop/2023학년도 1학기 수업/CB3500572-063 C++프로그래밍과실습(Prof.김태연)/실습/실습 056 - this 포인터를 이용한 Builder 클래스 정의/Notification.h,,2,0,Changes
2023-04-06T22:21:36.302+09:00,nozerose,KeyEvent,105:73:0,_056___this___Builder__,Editor,/Users/nozerose/Desktop/2023학년도 1학기 수업/CB3500572-063 C++프로그래밍과실습(Prof.김태연)/실습/실습 056 - this 포인터를 이용한 Builder 클래스 정의/Notification.h,,2,1,Changes
2023-04-06T22:21:36.421+09:00,nozerose,KeyEvent,110:78:0,_056___this___Builder__,Editor,/Users/nozerose/Desktop/2023학년도 1학기 수업/CB3500572-063 C++프로그래밍과실습(Prof.김태연)/실습/실습 056 - this 포인터를 이용한 Builder 클래스 정의/Notification.h,,2,2,Changes
2023-04-06T22:21:36.579+09:00,nozerose,KeyEvent,99:67:0,_056___this___Builder__,Editor,/Users/nozerose/Desktop/2023학년도 1학기 수업/CB3500572-063 C++프로그래밍과실습(Prof.김태연)/실습/실습 056 - this 포인터를 이용한 Builder 클래스 정의/Notification.h,,2,3,Changes
2023-04-06T22:21:36.619+09:00,nozerose,KeyEvent,108:76:0,_056___this___Builder__,Editor,/Users/nozerose/Desktop/2023학년도 1학기 수업/CB3500572-063 C++프로그래밍과실습(Prof.김태연)/실습/실습 056 - this 포인터를 이용한 Builder 클래스 정의/Notification.h,,2,4,Changes
2023-04-06T22:21:36.849+09:00,nozerose,KeyEvent,117:85:0,_056___this___Builder__,Editor,/Users/nozerose/Desktop/2023학년도 1학기 수업/CB3500572-063 C++프로그래밍과실습(Prof.김태연)/실습/실습 056 - this 포인터를 이용한 Builder 클래스 정의/Notification.h,,2,5,Changes
2023-04-06T22:21:36.925+09:00,nozerose,KeyEvent,100:68:0,_056___this___Builder__,Editor,/Users/nozerose/Desktop/2023학년도 1학기 수업/CB3500572-063 C++프로그래밍과실습(Prof.김태연)/실습/실습 056 - this 포인터를 이용한 Builder 클래스 정의/Notification.h,,2,6,Changes
2023-04-06T22:21:37.127+09:00,nozerose,KeyEvent,101:69:0,_056___this___Builder__,Editor,/Users/nozerose/Desktop/2023학년도 1학기 수업/CB3500572-063 C++프로그래밍과실습(Prof.김태연)/실습/실습 056 - this 포인터를 이용한 Builder 클래스 정의/Notification.h,,2,7,Changes
2023-04-06T22:21:37.338+09:00,nozerose,KeyEvent,32:32:0,_056___this___Builder__,Editor,/Users/nozerose/Desktop/2023학년도 1학기 수업/CB3500572-063 C++프로그래밍과실습(Prof.김태연)/실습/실습 056 - this 포인터를 이용한 Builder 클래스 정의/Notification.h,,2,8,Changes
2023-04-06T22:21:37.587+09:00,nozerose,KeyEvent,65535:16:1,_056___this___Builder__,Editor,/Users/nozerose/Desktop/2023학년도 1학기 수업/CB3500572-063 C++프로그래밍과실습(Prof.김태연)/실습/실습 056 - this 포인터를 이용한 Builder 클래스 정의/Notification.h,,2,9,Changes
2023-04-06T22:21:38.079+09:00,nozerose,KeyEvent,60:153:1,_056___this___Builder__,Editor,/Users/nozerose/Desktop/2023학년도 1학기 수업/CB3500572-063 C++프로그래밍과실습(Prof.김태연)/실습/실습 056 - this 포인터를 이용한 Builder 클래스 정의/Notification.h,,2,9,Changes
2023-04-06T22:21:38.734+09:00,nozerose,KeyEvent,105:73:0,_056___this___Builder__,Editor,/Users/nozerose/Desktop/2023학년도 1학기 수업/CB3500572-063 C++프로그래밍과실습(Prof.김태연)/실습/실습 056 - this 포인터를 이용한 Builder 클래스 정의/Notification.h,,2,10,Changes
2023-04-06T22:21:38.915+09:00,nozerose,KeyEvent,111:79:0,_056___this___Builder__,Editor,/Users/nozerose/Desktop/2023학년도 1학기 수업/CB3500572-063 C++프로그래밍과실습(Prof.김태연)/실습/실습 056 - this 포인터를 이용한 Builder 클래스 정의/Notification.h,,2,11,Changes
2023-04-06T22:21:39.128+09:00,nozerose,KeyEvent,115:83:0,_056___this___Builder__,Editor,/Users/nozerose/Desktop/2023학년도 1학기 수업/CB3500572-063 C++프로그래밍과실습(Prof.김태연)/실습/실습 056 - this 포인터를 이용한 Builder 클래스 정의/Notification.h,,2,12,Changes
2023-04-06T22:21:39.365+09:00,nozerose,KeyEvent,116:84:0,_056___this___Builder__,Editor,/Users/nozerose/Desktop/2023학년도 1학기 수업/CB3500572-063 C++프로그래밍과실습(Prof.김태연)/실습/실습 056 - this 포인터를 이용한 Builder 클래스 정의/Notification.h,,2,13,Changes
2023-04-06T22:21:39.546+09:00,nozerose,KeyEvent,114:82:0,_056___this___Builder__,Editor,/Users/nozerose/Desktop/2023학년도 1학기 수업/CB3500572-063 C++프로그래밍과실습(Prof.김태연)/실습/실습 056 - this 포인터를 이용한 Builder 클래스 정의/Notification.h,,2,14,Changes
2023-04-06T22:21:39.647+09:00,nozerose,KeyEvent,101:69:0,_056___this___Builder__,Editor,/Users/nozerose/Desktop/2023학년도 1학기 수업/CB3500572-063 C++프로그래밍과실습(Prof.김태연)/실습/실습 056 - this 포인터를 이용한 Builder 클래스 정의/Notification.h,,2,15,Changes
2023-04-06T22:21:39.770+09:00,nozerose,KeyEvent,97:65:0,_056___this___Builder__,Editor,/Users/nozerose/Desktop/2023학년도 1학기 수업/CB3500572-063 C++프로그래밍과실습(Prof.김태연)/실습/실습 056 - this 포인터를 이용한 Builder 클래스 정의/Notification.h,,2,16,Changes
2023-04-06T22:21:39.876+09:00,nozerose,KeyEvent,109:77:0,_056___this___Builder__,Editor,/Users/nozerose/Desktop/2023학년도 1학기 수업/CB3500572-063 C++프로그래밍과실습(Prof.김태연)/실습/실습 056 - this 포인터를 이용한 Builder 클래스 정의/Notification.h,,2,17,Changes
2023-04-06T22:21:40.195+09:00,nozerose,KeyEvent,65535:16:1,_056___this___Builder__,Editor,/Users/nozerose/Desktop/2023학년도 1학기 수업/CB3500572-063 C++프로그래밍과실습(Prof.김태연)/실습/실습 056 - this 포인터를 이용한 Builder 클래스 정의/Notification.h,,2,18,Changes
2023-04-06T22:21:40.367+09:00,nozerose,KeyEvent,62:46:1,_056___this___Builder__,Editor,/Users/nozerose/Desktop/2023학년도 1학기 수업/CB3500572-063 C++프로그래밍과실습(Prof.김태연)/실습/실습 056 - this 포인터를 이용한 Builder 클래스 정의/Notification.h,,2,18,Changes
2023-04-06T22:21:40.554+09:00,nozerose,Action,EditorEnter,_056___this___Builder__,Editor,/Users/nozerose/Desktop/2023학년도 1학기 수업/CB3500572-063 C++프로그래밍과실습(Prof.김태연)/실습/실습 056 - this 포인터를 이용한 Builder 클래스 정의/Notification.h,,2,19,Changes
2023-04-06T22:21:40.559+09:00,nozerose,KeyEvent,10:10:0,_056___this___Builder__,Editor,/Users/nozerose/Desktop/2023학년도 1학기 수업/CB3500572-063 C++프로그래밍과실습(Prof.김태연)/실습/실습 056 - this 포인터를 이용한 Builder 클래스 정의/Notification.h,,3,0,Changes
2023-04-06T22:21:40.786+09:00,nozerose,KeyEvent,65535:16:1,_056___this___Builder__,Editor,/Users/nozerose/Desktop/2023학년도 1학기 수업/CB3500572-063 C++프로그래밍과실습(Prof.김태연)/실습/실습 056 - this 포인터를 이용한 Builder 클래스 정의/Notification.h,,3,0,Changes
2023-04-06T22:21:40.854+09:00,nozerose,KeyEvent,35:520:1,_056___this___Builder__,Editor,/Users/nozerose/Desktop/2023학년도 1학기 수업/CB3500572-063 C++프로그래밍과실습(Prof.김태연)/실습/실습 056 - this 포인터를 이용한 Builder 클래스 정의/Notification.h,,3,0,Changes
2023-04-06T22:21:41.185+09:00,nozerose,KeyEvent,105:73:0,_056___this___Builder__,Editor,/Users/nozerose/Desktop/2023학년도 1학기 수업/CB3500572-063 C++프로그래밍과실습(Prof.김태연)/실습/실습 056 - this 포인터를 이용한 Builder 클래스 정의/Notification.h,,3,1,Changes
2023-04-06T22:21:41.320+09:00,nozerose,KeyEvent,110:78:0,_056___this___Builder__,Editor,/Users/nozerose/Desktop/2023학년도 1학기 수업/CB3500572-063 C++프로그래밍과실습(Prof.김태연)/실습/실습 056 - this 포인터를 이용한 Builder 클래스 정의/Notification.h,,3,2,Changes
2023-04-06T22:21:41.435+09:00,nozerose,KeyEvent,99:67:0,_056___this___Builder__,Editor,/Users/nozerose/Desktop/2023학년도 1학기 수업/CB3500572-063 C++프로그래밍과실습(Prof.김태연)/실습/실습 056 - this 포인터를 이용한 Builder 클래스 정의/Notification.h,,3,3,Changes
2023-04-06T22:21:41.524+09:00,nozerose,KeyEvent,108:76:0,_056___this___Builder__,Editor,/Users/nozerose/Desktop/2023학년도 1학기 수업/CB3500572-063 C++프로그래밍과실습(Prof.김태연)/실습/실습 056 - this 포인터를 이용한 Builder 클래스 정의/Notification.h,,3,4,Changes
2023-04-06T22:21:41.761+09:00,nozerose,KeyEvent,117:85:0,_056___this___Builder__,Editor,/Users/nozerose/Desktop/2023학년도 1학기 수업/CB3500572-063 C++프로그래밍과실습(Prof.김태연)/실습/실습 056 - this 포인터를 이용한 Builder 클래스 정의/Notification.h,,3,5,Changes
2023-04-06T22:21:41.869+09:00,nozerose,KeyEvent,100:68:0,_056___this___Builder__,Editor,/Users/nozerose/Desktop/2023학년도 1학기 수업/CB3500572-063 C++프로그래밍과실습(Prof.김태연)/실습/실습 056 - this 포인터를 이용한 Builder 클래스 정의/Notification.h,,3,6,Changes
2023-04-06T22:21:42.006+09:00,nozerose,KeyEvent,101:69:0,_056___this___Builder__,Editor,/Users/nozerose/Desktop/2023학년도 1학기 수업/CB3500572-063 C++프로그래밍과실습(Prof.김태연)/실습/실습 056 - this 포인터를 이용한 Builder 클래스 정의/Notification.h,,3,7,Changes
2023-04-06T22:21:42.201+09:00,nozerose,KeyEvent,32:32:0,_056___this___Builder__,Editor,/Users/nozerose/Desktop/2023학년도 1학기 수업/CB3500572-063 C++프로그래밍과실습(Prof.김태연)/실습/실습 056 - this 포인터를 이용한 Builder 클래스 정의/Notification.h,,3,8,Changes
2023-04-06T22:21:42.320+09:00,nozerose,KeyEvent,65535:16:1,_056___this___Builder__,Editor,/Users/nozerose/Desktop/2023학년도 1학기 수업/CB3500572-063 C++프로그래밍과실습(Prof.김태연)/실습/실습 056 - this 포인터를 이용한 Builder 클래스 정의/Notification.h,,3,9,Changes
2023-04-06T22:21:42.495+09:00,nozerose,KeyEvent,60:153:1,_056___this___Builder__,Editor,/Users/nozerose/Desktop/2023학년도 1학기 수업/CB3500572-063 C++프로그래밍과실습(Prof.김태연)/실습/실습 056 - this 포인터를 이용한 Builder 클래스 정의/Notification.h,,3,9,Changes
2023-04-06T22:21:42.853+09:00,nozerose,KeyEvent,117:85:0,_056___this___Builder__,Editor,/Users/nozerose/Desktop/2023학년도 1학기 수업/CB3500572-063 C++프로그래밍과실습(Prof.김태연)/실습/실습 056 - this 포인터를 이용한 Builder 클래스 정의/Notification.h,,3,10,Changes
2023-04-06T22:21:43.172+09:00,nozerose,KeyEvent,116:84:0,_056___this___Builder__,Editor,/Users/nozerose/Desktop/2023학년도 1학기 수업/CB3500572-063 C++프로그래밍과실습(Prof.김태연)/실습/실습 056 - this 포인터를 이용한 Builder 클래스 정의/Notification.h,,3,11,Changes
2023-04-06T22:21:43.265+09:00,nozerose,KeyEvent,105:73:0,_056___this___Builder__,Editor,/Users/nozerose/Desktop/2023학년도 1학기 수업/CB3500572-063 C++프로그래밍과실습(Prof.김태연)/실습/실습 056 - this 포인터를 이용한 Builder 클래스 정의/Notification.h,,3,12,Changes
2023-04-06T22:21:43.462+09:00,nozerose,KeyEvent,108:76:0,_056___this___Builder__,Editor,/Users/nozerose/Desktop/2023학년도 1학기 수업/CB3500572-063 C++프로그래밍과실습(Prof.김태연)/실습/실습 056 - this 포인터를 이용한 Builder 클래스 정의/Notification.h,,3,13,Changes
2023-04-06T22:21:43.657+09:00,nozerose,KeyEvent,105:73:0,_056___this___Builder__,Editor,/Users/nozerose/Desktop/2023학년도 1학기 수업/CB3500572-063 C++프로그래밍과실습(Prof.김태연)/실습/실습 056 - this 포인터를 이용한 Builder 클래스 정의/Notification.h,,3,14,Changes
2023-04-06T22:21:43.804+09:00,nozerose,KeyEvent,116:84:0,_056___this___Builder__,Editor,/Users/nozerose/Desktop/2023학년도 1학기 수업/CB3500572-063 C++프로그래밍과실습(Prof.김태연)/실습/실습 056 - this 포인터를 이용한 Builder 클래스 정의/Notification.h,,3,15,Changes
2023-04-06T22:21:43.940+09:00,nozerose,KeyEvent,121:89:0,_056___this___Builder__,Editor,/Users/nozerose/Desktop/2023학년도 1학기 수업/CB3500572-063 C++프로그래밍과실습(Prof.김태연)/실습/실습 056 - this 포인터를 이용한 Builder 클래스 정의/Notification.h,,3,16,Changes
2023-04-06T22:21:44.378+09:00,nozerose,KeyEvent,65535:16:1,_056___this___Builder__,Editor,/Users/nozerose/Desktop/2023학년도 1학기 수업/CB3500572-063 C++프로그래밍과실습(Prof.김태연)/실습/실습 056 - this 포인터를 이용한 Builder 클래스 정의/Notification.h,,3,17,Changes
2023-04-06T22:21:44.557+09:00,nozerose,KeyEvent,62:46:1,_056___this___Builder__,Editor,/Users/nozerose/Desktop/2023학년도 1학기 수업/CB3500572-063 C++프로그래밍과실습(Prof.김태연)/실습/실습 056 - this 포인터를 이용한 Builder 클래스 정의/Notification.h,,3,17,Changes
2023-04-06T22:21:57.418+09:00,nozerose,KeyEvent,65535:157:4,_056___this___Builder__,Editor,/Users/nozerose/Desktop/2023학년도 1학기 수업/CB3500572-063 C++프로그래밍과실습(Prof.김태연)/실습/실습 056 - this 포인터를 이용한 Builder 클래스 정의/main.cpp,,0,0,Changes
2023-04-06T22:21:57.490+09:00,nozerose,Action,EditorPaste,_056___this___Builder__,Editor,/Users/nozerose/Desktop/2023학년도 1학기 수업/CB3500572-063 C++프로그래밍과실습(Prof.김태연)/실습/실습 056 - this 포인터를 이용한 Builder 클래스 정의/main.cpp,,0,0,Changes
2023-04-06T22:21:57.511+09:00,nozerose,KeyEvent,118:86:4,_056___this___Builder__,Editor,/Users/nozerose/Desktop/2023학년도 1학기 수업/CB3500572-063 C++프로그래밍과실습(Prof.김태연)/실습/실습 056 - this 포인터를 이용한 Builder 클래스 정의/main.cpp,,29,1,Changes
2023-04-06T22:22:05.319+09:00,nozerose,Action,RenameElement,_056___this___Builder__,Popup,/Users/nozerose/Desktop/2023학년도 1학기 수업/CB3500572-063 C++프로그래밍과실습(Prof.김태연)/실습/실습 056 - this 포인터를 이용한 Builder 클래스 정의/main.cpp,,29,1,Changes
2023-04-06T22:22:06.017+09:00,nozerose,KeyEvent,65535:16:1,_056___this___Builder__,Popup,/Users/nozerose/Desktop/2023학년도 1학기 수업/CB3500572-063 C++프로그래밍과실습(Prof.김태연)/실습/실습 056 - this 포인터를 이용한 Builder 클래스 정의/main.cpp,,29,1,Changes
2023-04-06T22:22:06.186+09:00,nozerose,KeyEvent,78:78:1,_056___this___Builder__,Popup,/Users/nozerose/Desktop/2023학년도 1학기 수업/CB3500572-063 C++프로그래밍과실습(Prof.김태연)/실습/실습 056 - this 포인터를 이용한 Builder 클래스 정의/main.cpp,,29,1,Changes
2023-04-06T22:22:06.495+09:00,nozerose,KeyEvent,111:79:0,_056___this___Builder__,Popup,/Users/nozerose/Desktop/2023학년도 1학기 수업/CB3500572-063 C++프로그래밍과실습(Prof.김태연)/실습/실습 056 - this 포인터를 이용한 Builder 클래스 정의/main.cpp,,29,1,Changes
2023-04-06T22:22:07.140+09:00,nozerose,KeyEvent,116:84:0,_056___this___Builder__,Popup,/Users/nozerose/Desktop/2023학년도 1학기 수업/CB3500572-063 C++프로그래밍과실습(Prof.김태연)/실습/실습 056 - this 포인터를 이용한 Builder 클래스 정의/main.cpp,,29,1,Changes
2023-04-06T22:22:07.299+09:00,nozerose,KeyEvent,105:73:0,_056___this___Builder__,Popup,/Users/nozerose/Desktop/2023학년도 1학기 수업/CB3500572-063 C++프로그래밍과실습(Prof.김태연)/실습/실습 056 - this 포인터를 이용한 Builder 클래스 정의/main.cpp,,29,1,Changes
2023-04-06T22:22:07.418+09:00,nozerose,KeyEvent,102:70:0,_056___this___Builder__,Popup,/Users/nozerose/Desktop/2023학년도 1학기 수업/CB3500572-063 C++프로그래밍과실습(Prof.김태연)/실습/실습 056 - this 포인터를 이용한 Builder 클래스 정의/main.cpp,,29,1,Changes
2023-04-06T22:22:07.548+09:00,nozerose,KeyEvent,105:73:0,_056___this___Builder__,Popup,/Users/nozerose/Desktop/2023학년도 1학기 수업/CB3500572-063 C++프로그래밍과실습(Prof.김태연)/실습/실습 056 - this 포인터를 이용한 Builder 클래스 정의/main.cpp,,29,1,Changes
2023-04-06T22:22:07.706+09:00,nozerose,KeyEvent,99:67:0,_056___this___Builder__,Popup,/Users/nozerose/Desktop/2023학년도 1학기 수업/CB3500572-063 C++프로그래밍과실습(Prof.김태연)/실습/실습 056 - this 포인터를 이용한 Builder 클래스 정의/main.cpp,,29,1,Changes
2023-04-06T22:22:07.874+09:00,nozerose,KeyEvent,97:65:0,_056___this___Builder__,Popup,/Users/nozerose/Desktop/2023학년도 1학기 수업/CB3500572-063 C++프로그래밍과실습(Prof.김태연)/실습/실습 056 - this 포인터를 이용한 Builder 클래스 정의/main.cpp,,29,1,Changes
2023-04-06T22:22:08.115+09:00,nozerose,KeyEvent,116:84:0,_056___this___Builder__,Popup,/Users/nozerose/Desktop/2023학년도 1학기 수업/CB3500572-063 C++프로그래밍과실습(Prof.김태연)/실습/실습 056 - this 포인터를 이용한 Builder 클래스 정의/main.cpp,,29,1,Changes
2023-04-06T22:22:08.182+09:00,nozerose,KeyEvent,105:73:0,_056___this___Builder__,Popup,/Users/nozerose/Desktop/2023학년도 1학기 수업/CB3500572-063 C++프로그래밍과실습(Prof.김태연)/실습/실습 056 - this 포인터를 이용한 Builder 클래스 정의/main.cpp,,29,1,Changes
2023-04-06T22:22:08.253+09:00,nozerose,KeyEvent,111:79:0,_056___this___Builder__,Popup,/Users/nozerose/Desktop/2023학년도 1학기 수업/CB3500572-063 C++프로그래밍과실습(Prof.김태연)/실습/실습 056 - this 포인터를 이용한 Builder 클래스 정의/main.cpp,,29,1,Changes
2023-04-06T22:22:08.378+09:00,nozerose,KeyEvent,110:78:0,_056___this___Builder__,Popup,/Users/nozerose/Desktop/2023학년도 1학기 수업/CB3500572-063 C++프로그래밍과실습(Prof.김태연)/실습/실습 056 - this 포인터를 이용한 Builder 클래스 정의/main.cpp,,29,1,Changes
2023-04-06T22:22:08.592+09:00,nozerose,KeyEvent,10:10:0,_056___this___Builder__,Project,/Users/nozerose/Desktop/2023학년도 1학기 수업/CB3500572-063 C++프로그래밍과실습(Prof.김태연)/실습/실습 056 - this 포인터를 이용한 Builder 클래스 정의/Notification.cpp,,29,1,Changes
2023-04-06T22:22:11.359+09:00,nozerose,Action,EditorEnter,_056___this___Builder__,Editor,/Users/nozerose/Desktop/2023학년도 1학기 수업/CB3500572-063 C++프로그래밍과실습(Prof.김태연)/실습/실습 056 - this 포인터를 이용한 Builder 클래스 정의/Notification.cpp,,0,0,Changes
2023-04-06T22:22:11.365+09:00,nozerose,KeyEvent,10:10:0,_056___this___Builder__,Editor,/Users/nozerose/Desktop/2023학년도 1학기 수업/CB3500572-063 C++프로그래밍과실습(Prof.김태연)/실습/실습 056 - this 포인터를 이용한 Builder 클래스 정의/Notification.cpp,,1,0,Changes
2023-04-06T22:22:11.490+09:00,nozerose,Action,EditorEnter,_056___this___Builder__,Editor,/Users/nozerose/Desktop/2023학년도 1학기 수업/CB3500572-063 C++프로그래밍과실습(Prof.김태연)/실습/실습 056 - this 포인터를 이용한 Builder 클래스 정의/Notification.cpp,,1,0,Changes
2023-04-06T22:22:11.491+09:00,nozerose,KeyEvent,10:10:0,_056___this___Builder__,Editor,/Users/nozerose/Desktop/2023학년도 1학기 수업/CB3500572-063 C++프로그래밍과실습(Prof.김태연)/실습/실습 056 - this 포인터를 이용한 Builder 클래스 정의/Notification.cpp,,2,0,Changes
2023-04-06T22:22:11.757+09:00,nozerose,Action,EditorUp,_056___this___Builder__,Editor,/Users/nozerose/Desktop/2023학년도 1학기 수업/CB3500572-063 C++프로그래밍과실습(Prof.김태연)/실습/실습 056 - this 포인터를 이용한 Builder 클래스 정의/Notification.cpp,,2,0,Changes
2023-04-06T22:22:11.758+09:00,nozerose,KeyEvent,65535:38:0,_056___this___Builder__,Editor,/Users/nozerose/Desktop/2023학년도 1학기 수업/CB3500572-063 C++프로그래밍과실습(Prof.김태연)/실습/실습 056 - this 포인터를 이용한 Builder 클래스 정의/Notification.cpp,,1,0,Changes
2023-04-06T22:22:11.893+09:00,nozerose,Action,EditorUp,_056___this___Builder__,Editor,/Users/nozerose/Desktop/2023학년도 1학기 수업/CB3500572-063 C++프로그래밍과실습(Prof.김태연)/실습/실습 056 - this 포인터를 이용한 Builder 클래스 정의/Notification.cpp,,1,0,Changes
2023-04-06T22:22:11.895+09:00,nozerose,KeyEvent,65535:38:0,_056___this___Builder__,Editor,/Users/nozerose/Desktop/2023학년도 1학기 수업/CB3500572-063 C++프로그래밍과실습(Prof.김태연)/실습/실습 056 - this 포인터를 이용한 Builder 클래스 정의/Notification.cpp,,0,0,Changes
2023-04-06T22:22:12.137+09:00,nozerose,KeyEvent,65535:16:1,_056___this___Builder__,Editor,/Users/nozerose/Desktop/2023학년도 1학기 수업/CB3500572-063 C++프로그래밍과실습(Prof.김태연)/실습/실습 056 - this 포인터를 이용한 Builder 클래스 정의/Notification.cpp,,0,0,Changes
2023-04-06T22:22:12.262+09:00,nozerose,KeyEvent,35:520:1,_056___this___Builder__,Editor,/Users/nozerose/Desktop/2023학년도 1학기 수업/CB3500572-063 C++프로그래밍과실습(Prof.김태연)/실습/실습 056 - this 포인터를 이용한 Builder 클래스 정의/Notification.cpp,,0,0,Changes
2023-04-06T22:22:12.604+09:00,nozerose,KeyEvent,105:73:0,_056___this___Builder__,Editor,/Users/nozerose/Desktop/2023학년도 1학기 수업/CB3500572-063 C++프로그래밍과실습(Prof.김태연)/실습/실습 056 - this 포인터를 이용한 Builder 클래스 정의/Notification.cpp,,0,1,Changes
2023-04-06T22:22:12.755+09:00,nozerose,KeyEvent,110:78:0,_056___this___Builder__,Editor,/Users/nozerose/Desktop/2023학년도 1학기 수업/CB3500572-063 C++프로그래밍과실습(Prof.김태연)/실습/실습 056 - this 포인터를 이용한 Builder 클래스 정의/Notification.cpp,,0,2,Changes
2023-04-06T22:22:12.904+09:00,nozerose,KeyEvent,99:67:0,_056___this___Builder__,Editor,/Users/nozerose/Desktop/2023학년도 1학기 수업/CB3500572-063 C++프로그래밍과실습(Prof.김태연)/실습/실습 056 - this 포인터를 이용한 Builder 클래스 정의/Notification.cpp,,0,3,Changes
2023-04-06T22:22:12.956+09:00,nozerose,KeyEvent,108:76:0,_056___this___Builder__,Editor,/Users/nozerose/Desktop/2023학년도 1학기 수업/CB3500572-063 C++프로그래밍과실습(Prof.김태연)/실습/실습 056 - this 포인터를 이용한 Builder 클래스 정의/Notification.cpp,,0,4,Changes
2023-04-06T22:22:13.192+09:00,nozerose,KeyEvent,117:85:0,_056___this___Builder__,Editor,/Users/nozerose/Desktop/2023학년도 1학기 수업/CB3500572-063 C++프로그래밍과실습(Prof.김태연)/실습/실습 056 - this 포인터를 이용한 Builder 클래스 정의/Notification.cpp,,0,5,Changes
2023-04-06T22:22:13.280+09:00,nozerose,KeyEvent,100:68:0,_056___this___Builder__,Editor,/Users/nozerose/Desktop/2023학년도 1학기 수업/CB3500572-063 C++프로그래밍과실습(Prof.김태연)/실습/실습 056 - this 포인터를 이용한 Builder 클래스 정의/Notification.cpp,,0,6,Changes
2023-04-06T22:22:13.452+09:00,nozerose,KeyEvent,101:69:0,_056___this___Builder__,Editor,/Users/nozerose/Desktop/2023학년도 1학기 수업/CB3500572-063 C++프로그래밍과실습(Prof.김태연)/실습/실습 056 - this 포인터를 이용한 Builder 클래스 정의/Notification.cpp,,0,7,Changes
2023-04-06T22:22:13.672+09:00,nozerose,KeyEvent,32:32:0,_056___this___Builder__,Editor,/Users/nozerose/Desktop/2023학년도 1학기 수업/CB3500572-063 C++프로그래밍과실습(Prof.김태연)/실습/실습 056 - this 포인터를 이용한 Builder 클래스 정의/Notification.cpp,,0,8,Changes
2023-04-06T22:22:13.854+09:00,nozerose,KeyEvent,65535:16:1,_056___this___Builder__,Editor,/Users/nozerose/Desktop/2023학년도 1학기 수업/CB3500572-063 C++프로그래밍과실습(Prof.김태연)/실습/실습 056 - this 포인터를 이용한 Builder 클래스 정의/Notification.cpp,,0,9,Changes
2023-04-06T22:22:14.007+09:00,nozerose,KeyEvent,34:152:1,_056___this___Builder__,Editor,/Users/nozerose/Desktop/2023학년도 1학기 수업/CB3500572-063 C++프로그래밍과실습(Prof.김태연)/실습/실습 056 - this 포인터를 이용한 Builder 클래스 정의/Notification.cpp,,0,9,Changes
2023-04-06T22:22:14.359+09:00,nozerose,KeyEvent,65535:16:1,_056___this___Builder__,Editor,/Users/nozerose/Desktop/2023학년도 1학기 수업/CB3500572-063 C++프로그래밍과실습(Prof.김태연)/실습/실습 056 - this 포인터를 이용한 Builder 클래스 정의/Notification.cpp,,0,10,Changes
2023-04-06T22:22:14.535+09:00,nozerose,KeyEvent,78:78:1,_056___this___Builder__,Editor,/Users/nozerose/Desktop/2023학년도 1학기 수업/CB3500572-063 C++프로그래밍과실습(Prof.김태연)/실습/실습 056 - this 포인터를 이용한 Builder 클래스 정의/Notification.cpp,,0,10,Changes
2023-04-06T22:22:14.847+09:00,nozerose,Action,EditorChooseLookupItem,_056___this___Builder__,Editor,/Users/nozerose/Desktop/2023학년도 1학기 수업/CB3500572-063 C++프로그래밍과실습(Prof.김태연)/실습/실습 056 - this 포인터를 이용한 Builder 클래스 정의/Notification.cpp,,0,11,Changes
2023-04-06T22:22:14.856+09:00,nozerose,KeyEvent,10:10:0,_056___this___Builder__,Editor,/Users/nozerose/Desktop/2023학년도 1학기 수업/CB3500572-063 C++프로그래밍과실습(Prof.김태연)/실습/실습 056 - this 포인터를 이용한 Builder 클래스 정의/Notification.cpp,,0,25,Changes
2023-04-06T22:22:29.227+09:00,nozerose,Action,CPP.NewCppFile,_056___this___Builder__,Popup,/Users/nozerose/Desktop/2023학년도 1학기 수업/CB3500572-063 C++프로그래밍과실습(Prof.김태연)/실습/실습 056 - this 포인터를 이용한 Builder 클래스 정의/Notification.cpp,,4,23,Changes
2023-04-06T22:22:31.238+09:00,nozerose,KeyEvent,98:66:0,_056___this___Builder__,Popup,/Users/nozerose/Desktop/2023학년도 1학기 수업/CB3500572-063 C++프로그래밍과실습(Prof.김태연)/실습/실습 056 - this 포인터를 이용한 Builder 클래스 정의/Notification.cpp,,4,23,Changes
2023-04-06T22:22:31.535+09:00,nozerose,KeyEvent,117:85:0,_056___this___Builder__,Popup,/Users/nozerose/Desktop/2023학년도 1학기 수업/CB3500572-063 C++프로그래밍과실습(Prof.김태연)/실습/실습 056 - this 포인터를 이용한 Builder 클래스 정의/Notification.cpp,,4,23,Changes
2023-04-06T22:22:31.764+09:00,nozerose,KeyEvent,105:73:0,_056___this___Builder__,Popup,/Users/nozerose/Desktop/2023학년도 1학기 수업/CB3500572-063 C++프로그래밍과실습(Prof.김태연)/실습/실습 056 - this 포인터를 이용한 Builder 클래스 정의/Notification.cpp,,4,23,Changes
2023-04-06T22:22:32.188+09:00,nozerose,KeyEvent,108:76:0,_056___this___Builder__,Popup,/Users/nozerose/Desktop/2023학년도 1학기 수업/CB3500572-063 C++프로그래밍과실습(Prof.김태연)/실습/실습 056 - this 포인터를 이용한 Builder 클래스 정의/Notification.cpp,,4,23,Changes
2023-04-06T22:22:32.374+09:00,nozerose,KeyEvent,100:68:0,_056___this___Builder__,Popup,/Users/nozerose/Desktop/2023학년도 1학기 수업/CB3500572-063 C++프로그래밍과실습(Prof.김태연)/실습/실습 056 - this 포인터를 이용한 Builder 클래스 정의/Notification.cpp,,4,23,Changes
2023-04-06T22:22:32.564+09:00,nozerose,KeyEvent,101:69:0,_056___this___Builder__,Popup,/Users/nozerose/Desktop/2023학년도 1학기 수업/CB3500572-063 C++프로그래밍과실습(Prof.김태연)/실습/실습 056 - this 포인터를 이용한 Builder 클래스 정의/Notification.cpp,,4,23,Changes
2023-04-06T22:22:32.744+09:00,nozerose,KeyEvent,114:82:0,_056___this___Builder__,Popup,/Users/nozerose/Desktop/2023학년도 1학기 수업/CB3500572-063 C++프로그래밍과실습(Prof.김태연)/실습/실습 056 - this 포인터를 이용한 Builder 클래스 정의/Notification.cpp,,4,23,Changes
2023-04-06T22:22:32.911+09:00,nozerose,KeyEvent,65535:16:1,_056___this___Builder__,Popup,/Users/nozerose/Desktop/2023학년도 1학기 수업/CB3500572-063 C++프로그래밍과실습(Prof.김태연)/실습/실습 056 - this 포인터를 이용한 Builder 클래스 정의/Notification.cpp,,4,23,Changes
2023-04-06T22:22:33.023+09:00,nozerose,KeyEvent,84:84:1,_056___this___Builder__,Popup,/Users/nozerose/Desktop/2023학년도 1학기 수업/CB3500572-063 C++프로그래밍과실습(Prof.김태연)/실습/실습 056 - this 포인터를 이용한 Builder 클래스 정의/Notification.cpp,,4,23,Changes
2023-04-06T22:22:33.230+09:00,nozerose,KeyEvent,101:69:0,_056___this___Builder__,Popup,/Users/nozerose/Desktop/2023학년도 1학기 수업/CB3500572-063 C++프로그래밍과실습(Prof.김태연)/실습/실습 056 - this 포인터를 이용한 Builder 클래스 정의/Notification.cpp,,4,23,Changes
2023-04-06T22:22:33.422+09:00,nozerose,KeyEvent,115:83:0,_056___this___Builder__,Popup,/Users/nozerose/Desktop/2023학년도 1학기 수업/CB3500572-063 C++프로그래밍과실습(Prof.김태연)/실습/실습 056 - this 포인터를 이용한 Builder 클래스 정의/Notification.cpp,,4,23,Changes
2023-04-06T22:22:33.612+09:00,nozerose,KeyEvent,116:84:0,_056___this___Builder__,Popup,/Users/nozerose/Desktop/2023학년도 1학기 수업/CB3500572-063 C++프로그래밍과실습(Prof.김태연)/실습/실습 056 - this 포인터를 이용한 Builder 클래스 정의/Notification.cpp,,4,23,Changes
2023-04-06T22:22:33.777+09:00,nozerose,KeyEvent,10:10:0,_056___this___Builder__,Popup,/Users/nozerose/Desktop/2023학년도 1학기 수업/CB3500572-063 C++프로그래밍과실습(Prof.김태연)/실습/실습 056 - this 포인터를 이용한 Builder 클래스 정의/Notification.cpp,,4,23,Changes
2023-04-06T22:22:35.717+09:00,nozerose,KeyEvent,65535:157:4,_056___this___Builder__,Editor,/Users/nozerose/Desktop/2023학년도 1학기 수업/CB3500572-063 C++프로그래밍과실습(Prof.김태연)/실습/실습 056 - this 포인터를 이용한 Builder 클래스 정의/builderTest.cpp,,0,0,Changes
2023-04-06T22:22:35.852+09:00,nozerose,Action,EditorPaste,_056___this___Builder__,Editor,/Users/nozerose/Desktop/2023학년도 1학기 수업/CB3500572-063 C++프로그래밍과실습(Prof.김태연)/실습/실습 056 - this 포인터를 이용한 Builder 클래스 정의/builderTest.cpp,,0,0,Changes
2023-04-06T22:22:35.859+09:00,nozerose,KeyEvent,118:86:4,_056___this___Builder__,Editor,/Users/nozerose/Desktop/2023학년도 1학기 수업/CB3500572-063 C++프로그래밍과실습(Prof.김태연)/실습/실습 056 - this 포인터를 이용한 Builder 클래스 정의/builderTest.cpp,,7,1,Changes
2023-04-06T22:22:38.293+09:00,nozerose,Action,EditorEnter,_056___this___Builder__,Editor,/Users/nozerose/Desktop/2023학년도 1학기 수업/CB3500572-063 C++프로그래밍과실습(Prof.김태연)/실습/실습 056 - this 포인터를 이용한 Builder 클래스 정의/builderTest.cpp,,0,0,Changes
2023-04-06T22:22:38.296+09:00,nozerose,KeyEvent,10:10:0,_056___this___Builder__,Editor,/Users/nozerose/Desktop/2023학년도 1학기 수업/CB3500572-063 C++프로그래밍과실습(Prof.김태연)/실습/실습 056 - this 포인터를 이용한 Builder 클래스 정의/builderTest.cpp,,1,0,Changes
2023-04-06T22:22:38.432+09:00,nozerose,Action,EditorEnter,_056___this___Builder__,Editor,/Users/nozerose/Desktop/2023학년도 1학기 수업/CB3500572-063 C++프로그래밍과실습(Prof.김태연)/실습/실습 056 - this 포인터를 이용한 Builder 클래스 정의/builderTest.cpp,,1,0,Changes
2023-04-06T22:22:38.435+09:00,nozerose,KeyEvent,10:10:0,_056___this___Builder__,Editor,/Users/nozerose/Desktop/2023학년도 1학기 수업/CB3500572-063 C++프로그래밍과실습(Prof.김태연)/실습/실습 056 - this 포인터를 이용한 Builder 클래스 정의/builderTest.cpp,,2,0,Changes
2023-04-06T22:22:38.734+09:00,nozerose,Action,EditorUp,_056___this___Builder__,Editor,/Users/nozerose/Desktop/2023학년도 1학기 수업/CB3500572-063 C++프로그래밍과실습(Prof.김태연)/실습/실습 056 - this 포인터를 이용한 Builder 클래스 정의/builderTest.cpp,,2,0,Changes
2023-04-06T22:22:38.736+09:00,nozerose,KeyEvent,65535:38:0,_056___this___Builder__,Editor,/Users/nozerose/Desktop/2023학년도 1학기 수업/CB3500572-063 C++프로그래밍과실습(Prof.김태연)/실습/실습 056 - this 포인터를 이용한 Builder 클래스 정의/builderTest.cpp,,1,0,Changes
2023-04-06T22:22:38.862+09:00,nozerose,Action,EditorUp,_056___this___Builder__,Editor,/Users/nozerose/Desktop/2023학년도 1학기 수업/CB3500572-063 C++프로그래밍과실습(Prof.김태연)/실습/실습 056 - this 포인터를 이용한 Builder 클래스 정의/builderTest.cpp,,1,0,Changes
2023-04-06T22:22:38.865+09:00,nozerose,KeyEvent,65535:38:0,_056___this___Builder__,Editor,/Users/nozerose/Desktop/2023학년도 1학기 수업/CB3500572-063 C++프로그래밍과실습(Prof.김태연)/실습/실습 056 - this 포인터를 이용한 Builder 클래스 정의/builderTest.cpp,,0,0,Changes
2023-04-06T22:22:39.094+09:00,nozerose,KeyEvent,65535:16:1,_056___this___Builder__,Editor,/Users/nozerose/Desktop/2023학년도 1학기 수업/CB3500572-063 C++프로그래밍과실습(Prof.김태연)/실습/실습 056 - this 포인터를 이용한 Builder 클래스 정의/builderTest.cpp,,0,0,Changes
2023-04-06T22:22:39.191+09:00,nozerose,KeyEvent,35:520:1,_056___this___Builder__,Editor,/Users/nozerose/Desktop/2023학년도 1학기 수업/CB3500572-063 C++프로그래밍과실습(Prof.김태연)/실습/실습 056 - this 포인터를 이용한 Builder 클래스 정의/builderTest.cpp,,0,0,Changes
2023-04-06T22:22:39.542+09:00,nozerose,KeyEvent,105:73:0,_056___this___Builder__,Editor,/Users/nozerose/Desktop/2023학년도 1학기 수업/CB3500572-063 C++프로그래밍과실습(Prof.김태연)/실습/실습 056 - this 포인터를 이용한 Builder 클래스 정의/builderTest.cpp,,0,1,Changes
2023-04-06T22:22:39.679+09:00,nozerose,KeyEvent,110:78:0,_056___this___Builder__,Editor,/Users/nozerose/Desktop/2023학년도 1학기 수업/CB3500572-063 C++프로그래밍과실습(Prof.김태연)/실습/실습 056 - this 포인터를 이용한 Builder 클래스 정의/builderTest.cpp,,0,2,Changes
2023-04-06T22:22:39.794+09:00,nozerose,KeyEvent,99:67:0,_056___this___Builder__,Editor,/Users/nozerose/Desktop/2023학년도 1학기 수업/CB3500572-063 C++프로그래밍과실습(Prof.김태연)/실습/실습 056 - this 포인터를 이용한 Builder 클래스 정의/builderTest.cpp,,0,3,Changes
2023-04-06T22:22:39.866+09:00,nozerose,KeyEvent,108:76:0,_056___this___Builder__,Editor,/Users/nozerose/Desktop/2023학년도 1학기 수업/CB3500572-063 C++프로그래밍과실습(Prof.김태연)/실습/실습 056 - this 포인터를 이용한 Builder 클래스 정의/builderTest.cpp,,0,4,Changes
2023-04-06T22:22:40.042+09:00,nozerose,KeyEvent,117:85:0,_056___this___Builder__,Editor,/Users/nozerose/Desktop/2023학년도 1학기 수업/CB3500572-063 C++프로그래밍과실습(Prof.김태연)/실습/실습 056 - this 포인터를 이용한 Builder 클래스 정의/builderTest.cpp,,0,5,Changes
2023-04-06T22:22:40.093+09:00,nozerose,KeyEvent,100:68:0,_056___this___Builder__,Editor,/Users/nozerose/Desktop/2023학년도 1학기 수업/CB3500572-063 C++프로그래밍과실습(Prof.김태연)/실습/실습 056 - this 포인터를 이용한 Builder 클래스 정의/builderTest.cpp,,0,6,Changes
2023-04-06T22:22:40.266+09:00,nozerose,KeyEvent,101:69:0,_056___this___Builder__,Editor,/Users/nozerose/Desktop/2023학년도 1학기 수업/CB3500572-063 C++프로그래밍과실습(Prof.김태연)/실습/실습 056 - this 포인터를 이용한 Builder 클래스 정의/builderTest.cpp,,0,7,Changes
2023-04-06T22:22:40.427+09:00,nozerose,KeyEvent,32:32:0,_056___this___Builder__,Editor,/Users/nozerose/Desktop/2023학년도 1학기 수업/CB3500572-063 C++프로그래밍과실습(Prof.김태연)/실습/실습 056 - this 포인터를 이용한 Builder 클래스 정의/builderTest.cpp,,0,8,Changes
2023-04-06T22:22:40.561+09:00,nozerose,KeyEvent,65535:16:1,_056___this___Builder__,Editor,/Users/nozerose/Desktop/2023학년도 1학기 수업/CB3500572-063 C++프로그래밍과실습(Prof.김태연)/실습/실습 056 - this 포인터를 이용한 Builder 클래스 정의/builderTest.cpp,,0,9,Changes
2023-04-06T22:22:40.670+09:00,nozerose,KeyEvent,34:152:1,_056___this___Builder__,Editor,/Users/nozerose/Desktop/2023학년도 1학기 수업/CB3500572-063 C++프로그래밍과실습(Prof.김태연)/실습/실습 056 - this 포인터를 이용한 Builder 클래스 정의/builderTest.cpp,,0,9,Changes
2023-04-06T22:22:41.664+09:00,nozerose,KeyEvent,65535:16:1,_056___this___Builder__,Editor,/Users/nozerose/Desktop/2023학년도 1학기 수업/CB3500572-063 C++프로그래밍과실습(Prof.김태연)/실습/실습 056 - this 포인터를 이용한 Builder 클래스 정의/builderTest.cpp,,0,10,Changes
2023-04-06T22:22:41.870+09:00,nozerose,KeyEvent,78:78:1,_056___this___Builder__,Editor,/Users/nozerose/Desktop/2023학년도 1학기 수업/CB3500572-063 C++프로그래밍과실습(Prof.김태연)/실습/실습 056 - this 포인터를 이용한 Builder 클래스 정의/builderTest.cpp,,0,10,Changes
2023-04-06T22:22:42.240+09:00,nozerose,Action,EditorChooseLookupItem,_056___this___Builder__,Editor,/Users/nozerose/Desktop/2023학년도 1학기 수업/CB3500572-063 C++프로그래밍과실습(Prof.김태연)/실습/실습 056 - this 포인터를 이용한 Builder 클래스 정의/builderTest.cpp,,0,11,Changes
2023-04-06T22:22:42.255+09:00,nozerose,KeyEvent,10:10:0,_056___this___Builder__,Editor,/Users/nozerose/Desktop/2023학년도 1학기 수업/CB3500572-063 C++프로그래밍과실습(Prof.김태연)/실습/실습 056 - this 포인터를 이용한 Builder 클래스 정의/builderTest.cpp,,0,25,Changes
2023-04-06T22:23:57.944+09:00,nozerose,KeyEvent,65535:157:4,_056___this___Builder__,Editor,/Users/nozerose/Desktop/2023학년도 1학기 수업/CB3500572-063 C++프로그래밍과실습(Prof.김태연)/실습/실습 056 - this 포인터를 이용한 Builder 클래스 정의/Notification.cpp,,12,2,Changes
2023-04-06T22:23:58.036+09:00,nozerose,Action,EditorPaste,_056___this___Builder__,Editor,/Users/nozerose/Desktop/2023학년도 1학기 수업/CB3500572-063 C++프로그래밍과실습(Prof.김태연)/실습/실습 056 - this 포인터를 이용한 Builder 클래스 정의/Notification.cpp,,12,2,Changes
2023-04-06T22:23:58.061+09:00,nozerose,KeyEvent,118:86:4,_056___this___Builder__,Editor,/Users/nozerose/Desktop/2023학년도 1학기 수업/CB3500572-063 C++프로그래밍과실습(Prof.김태연)/실습/실습 056 - this 포인터를 이용한 Builder 클래스 정의/Notification.cpp,,12,31,Changes
2023-04-06T22:24:17.435+09:00,nozerose,KeyEvent,65535:157:4,_056___this___Builder__,Editor,/Users/nozerose/Desktop/2023학년도 1학기 수업/CB3500572-063 C++프로그래밍과실습(Prof.김태연)/실습/실습 056 - this 포인터를 이용한 Builder 클래스 정의/Notification.cpp,,16,2,Changes
2023-04-06T22:24:17.813+09:00,nozerose,Action,EditorPaste,_056___this___Builder__,Editor,/Users/nozerose/Desktop/2023학년도 1학기 수업/CB3500572-063 C++프로그래밍과실습(Prof.김태연)/실습/실습 056 - this 포인터를 이용한 Builder 클래스 정의/Notification.cpp,,16,2,Changes
2023-04-06T22:24:17.837+09:00,nozerose,KeyEvent,118:86:4,_056___this___Builder__,Editor,/Users/nozerose/Desktop/2023학년도 1학기 수업/CB3500572-063 C++프로그래밍과실습(Prof.김태연)/실습/실습 056 - this 포인터를 이용한 Builder 클래스 정의/Notification.cpp,,17,15,Changes
2023-04-06T22:24:24.704+09:00,nozerose,KeyEvent,65535:157:4,_056___this___Builder__,Editor,/Users/nozerose/Desktop/2023학년도 1학기 수업/CB3500572-063 C++프로그래밍과실습(Prof.김태연)/실습/실습 056 - this 포인터를 이용한 Builder 클래스 정의/Notification.cpp,,21,2,Changes
2023-04-06T22:24:24.778+09:00,nozerose,Action,EditorPaste,_056___this___Builder__,Editor,/Users/nozerose/Desktop/2023학년도 1학기 수업/CB3500572-063 C++프로그래밍과실습(Prof.김태연)/실습/실습 056 - this 포인터를 이용한 Builder 클래스 정의/Notification.cpp,,21,2,Changes
2023-04-06T22:24:24.792+09:00,nozerose,KeyEvent,118:86:4,_056___this___Builder__,Editor,/Users/nozerose/Desktop/2023학년도 1학기 수업/CB3500572-063 C++프로그래밍과실습(Prof.김태연)/실습/실습 056 - this 포인터를 이용한 Builder 클래스 정의/Notification.cpp,,22,15,Changes
2023-04-06T22:24:34.285+09:00,nozerose,Action,EditorBackSpace,_056___this___Builder__,Editor,/Users/nozerose/Desktop/2023학년도 1학기 수업/CB3500572-063 C++프로그래밍과실습(Prof.김태연)/실습/실습 056 - this 포인터를 이용한 Builder 클래스 정의/Notification.cpp,,27,0,Changes
2023-04-06T22:24:34.287+09:00,nozerose,KeyEvent,8:8:0,_056___this___Builder__,Editor,/Users/nozerose/Desktop/2023학년도 1학기 수업/CB3500572-063 C++프로그래밍과실습(Prof.김태연)/실습/실습 056 - this 포인터를 이용한 Builder 클래스 정의/Notification.cpp,,27,0,Changes
2023-04-06T22:24:34.546+09:00,nozerose,Action,EditorTab,_056___this___Builder__,Editor,/Users/nozerose/Desktop/2023학년도 1학기 수업/CB3500572-063 C++프로그래밍과실습(Prof.김태연)/실습/실습 056 - this 포인터를 이용한 Builder 클래스 정의/Notification.cpp,,27,0,Changes
2023-04-06T22:24:34.551+09:00,nozerose,KeyEvent,9:9:0,_056___this___Builder__,Editor,/Users/nozerose/Desktop/2023학년도 1학기 수업/CB3500572-063 C++프로그래밍과실습(Prof.김태연)/실습/실습 056 - this 포인터를 이용한 Builder 클래스 정의/Notification.cpp,,27,2,Changes
2023-04-06T22:24:35.191+09:00,nozerose,KeyEvent,12636:78:0,_056___this___Builder__,Editor,/Users/nozerose/Desktop/2023학년도 1학기 수업/CB3500572-063 C++프로그래밍과실습(Prof.김태연)/실습/실습 056 - this 포인터를 이용한 Builder 클래스 정의/Notification.cpp,,27,2,Changes
2023-04-06T22:24:35.421+09:00,nozerose,KeyEvent,65535:157:4,_056___this___Builder__,Editor,/Users/nozerose/Desktop/2023학년도 1학기 수업/CB3500572-063 C++프로그래밍과실습(Prof.김태연)/실습/실습 056 - this 포인터를 이용한 Builder 클래스 정의/Notification.cpp,,27,3,Changes
2023-04-06T22:24:35.644+09:00,nozerose,Action,EditorPaste,_056___this___Builder__,Editor,/Users/nozerose/Desktop/2023학년도 1학기 수업/CB3500572-063 C++프로그래밍과실습(Prof.김태연)/실습/실습 056 - this 포인터를 이용한 Builder 클래스 정의/Notification.cpp,,27,3,Changes
2023-04-06T22:24:35.657+09:00,nozerose,KeyEvent,118:86:4,_056___this___Builder__,Editor,/Users/nozerose/Desktop/2023학년도 1학기 수업/CB3500572-063 C++프로그래밍과실습(Prof.김태연)/실습/실습 056 - this 포인터를 이용한 Builder 클래스 정의/Notification.cpp,,28,15,Changes
2023-04-06T22:24:37.095+09:00,nozerose,KeyEvent,65535:20:0,_056___this___Builder__,Editor,/Users/nozerose/Desktop/2023학년도 1학기 수업/CB3500572-063 C++프로그래밍과실습(Prof.김태연)/실습/실습 056 - this 포인터를 이용한 Builder 클래스 정의/Notification.cpp,,28,15,Changes
2023-04-06T22:24:37.232+09:00,nozerose,KeyEvent,65535:0:0,_056___this___Builder__,Editor,/Users/nozerose/Desktop/2023학년도 1학기 수업/CB3500572-063 C++프로그래밍과실습(Prof.김태연)/실습/실습 056 - this 포인터를 이용한 Builder 클래스 정의/Notification.cpp,,28,15,Changes
2023-04-06T22:24:38.136+09:00,nozerose,Action,EditorBackSpace,_056___this___Builder__,Editor,/Users/nozerose/Desktop/2023학년도 1학기 수업/CB3500572-063 C++프로그래밍과실습(Prof.김태연)/실습/실습 056 - this 포인터를 이용한 Builder 클래스 정의/Notification.cpp,,27,3,Changes
2023-04-06T22:24:38.141+09:00,nozerose,KeyEvent,8:8:0,_056___this___Builder__,Editor,/Users/nozerose/Desktop/2023학년도 1학기 수업/CB3500572-063 C++프로그래밍과실습(Prof.김태연)/실습/실습 056 - this 포인터를 이용한 Builder 클래스 정의/Notification.cpp,,27,2,Changes
2023-04-06T22:24:38.487+09:00,nozerose,KeyEvent,110:78:0,_056___this___Builder__,Editor,/Users/nozerose/Desktop/2023학년도 1학기 수업/CB3500572-063 C++프로그래밍과실습(Prof.김태연)/실습/실습 056 - this 포인터를 이용한 Builder 클래스 정의/Notification.cpp,,27,2,Changes
2023-04-06T22:24:46.822+09:00,nozerose,KeyEvent,65535:157:4,_056___this___Builder__,Editor,/Users/nozerose/Desktop/2023학년도 1학기 수업/CB3500572-063 C++프로그래밍과실습(Prof.김태연)/실습/실습 056 - this 포인터를 이용한 Builder 클래스 정의/Notification.cpp,,33,2,Changes
2023-04-06T22:24:46.919+09:00,nozerose,Action,EditorPaste,_056___this___Builder__,Editor,/Users/nozerose/Desktop/2023학년도 1학기 수업/CB3500572-063 C++프로그래밍과실습(Prof.김태연)/실습/실습 056 - this 포인터를 이용한 Builder 클래스 정의/Notification.cpp,,33,2,Changes
2023-04-06T22:24:46.936+09:00,nozerose,KeyEvent,118:86:4,_056___this___Builder__,Editor,/Users/nozerose/Desktop/2023학년도 1학기 수업/CB3500572-063 C++프로그래밍과실습(Prof.김태연)/실습/실습 056 - this 포인터를 이용한 Builder 클래스 정의/Notification.cpp,,34,15,Changes
2023-04-06T22:24:48.927+09:00,nozerose,Action,Run,_056___this___Builder__,Editor,/Users/nozerose/Desktop/2023학년도 1학기 수업/CB3500572-063 C++프로그래밍과실습(Prof.김태연)/실습/실습 056 - this 포인터를 이용한 Builder 클래스 정의/Notification.cpp,,34,15,Changes
2023-04-06T22:24:49.644+09:00,nozerose,Execution,"Run:'CMake Application: _056___this___Builder__':""/Users/nozerose/Desktop/2023학년도 1학기 수업/CB3500572-063 C++프로그래밍과실습(Prof.김태연)/실습/실습 056 - this 포인터를 이용한 Builder 클래스 정의/cmake-build-debug/_056___this___Builder__""",_056___this___Builder__,Editor,/Users/nozerose/Desktop/2023학년도 1학기 수업/CB3500572-063 C++프로그래밍과실습(Prof.김태연)/실습/실습 056 - this 포인터를 이용한 Builder 클래스 정의/Notification.cpp,,34,15,Changes
2023-04-06T22:24:59.636+09:00,nozerose,Action,RevealIn,_056___this___Builder__,Popup,/Users/nozerose/Library/Application Support/JetBrains/CLion2022.3/plugins/activity-tracker/ide-events.csv,,0,0,Changes
