2023-03-07T22:14:39.130+09:00,nozerose,Action,EditorBackSpace,_015___new_delete,Editor,/Users/nozerose/Desktop/2023학년도 1학기 수업/CB3500572-063 C++프로그래밍과실습(Prof.김태연)/실습 015 - new:delete/main.cpp,,3,2,Changes
2023-03-07T22:14:39.132+09:00,nozerose,KeyEvent,8:8:0,_015___new_delete,Editor,/Users/nozerose/Desktop/2023학년도 1학기 수업/CB3500572-063 C++프로그래밍과실습(Prof.김태연)/실습 015 - new:delete/main.cpp,,3,2,Changes
2023-03-07T22:14:45.604+09:00,nozerose,KeyEvent,105:73:0,_015___new_delete,Editor,/Users/nozerose/Desktop/2023학년도 1학기 수업/CB3500572-063 C++프로그래밍과실습(Prof.김태연)/실습 015 - new:delete/main.cpp,,3,2,Changes
2023-03-07T22:14:45.863+09:00,nozerose,KeyEvent,110:78:0,_015___new_delete,Editor,/Users/nozerose/Desktop/2023학년도 1학기 수업/CB3500572-063 C++프로그래밍과실습(Prof.김태연)/실습 015 - new:delete/main.cpp,,3,3,Changes
2023-03-07T22:14:46.040+09:00,nozerose,KeyEvent,116:84:0,_015___new_delete,Editor,/Users/nozerose/Desktop/2023학년도 1학기 수업/CB3500572-063 C++프로그래밍과실습(Prof.김태연)/실습 015 - new:delete/main.cpp,,3,4,Changes
2023-03-07T22:14:46.276+09:00,nozerose,KeyEvent,32:32:0,_015___new_delete,Editor,/Users/nozerose/Desktop/2023학년도 1학기 수업/CB3500572-063 C++프로그래밍과실습(Prof.김태연)/실습 015 - new:delete/main.cpp,,3,5,Changes
2023-03-07T22:14:46.585+09:00,nozerose,KeyEvent,65535:16:1,_015___new_delete,Editor,/Users/nozerose/Desktop/2023학년도 1학기 수업/CB3500572-063 C++프로그래밍과실습(Prof.김태연)/실습 015 - new:delete/main.cpp,,3,6,Changes
2023-03-07T22:14:46.870+09:00,nozerose,KeyEvent,83:83:1,_015___new_delete,Editor,/Users/nozerose/Desktop/2023학년도 1학기 수업/CB3500572-063 C++프로그래밍과실습(Prof.김태연)/실습 015 - new:delete/main.cpp,,3,6,Changes
2023-03-07T22:14:47.091+09:00,nozerose,KeyEvent,73:73:1,_015___new_delete,Editor,/Users/nozerose/Desktop/2023학년도 1학기 수업/CB3500572-063 C++프로그래밍과실습(Prof.김태연)/실습 015 - new:delete/main.cpp,,3,7,Changes
2023-03-07T22:14:47.222+09:00,nozerose,KeyEvent,90:90:1,_015___new_delete,Editor,/Users/nozerose/Desktop/2023학년도 1학기 수업/CB3500572-063 C++프로그래밍과실습(Prof.김태연)/실습 015 - new:delete/main.cpp,,3,8,Changes
2023-03-07T22:14:47.501+09:00,nozerose,KeyEvent,69:69:1,_015___new_delete,Editor,/Users/nozerose/Desktop/2023학년도 1학기 수업/CB3500572-063 C++프로그래밍과실습(Prof.김태연)/실습 015 - new:delete/main.cpp,,3,9,Changes
2023-03-07T22:14:48.118+09:00,nozerose,KeyEvent,59:59:0,_015___new_delete,Editor,/Users/nozerose/Desktop/2023학년도 1학기 수업/CB3500572-063 C++프로그래밍과실습(Prof.김태연)/실습 015 - new:delete/main.cpp,,3,10,Changes
2023-03-07T22:14:48.391+09:00,nozerose,Action,EditorEnter,_015___new_delete,Editor,/Users/nozerose/Desktop/2023학년도 1학기 수업/CB3500572-063 C++프로그래밍과실습(Prof.김태연)/실습 015 - new:delete/main.cpp,,3,11,Changes
2023-03-07T22:14:48.398+09:00,nozerose,KeyEvent,10:10:0,_015___new_delete,Editor,/Users/nozerose/Desktop/2023학년도 1학기 수업/CB3500572-063 C++프로그래밍과실습(Prof.김태연)/실습 015 - new:delete/main.cpp,,4,2,Changes
2023-03-07T22:14:50.016+09:00,nozerose,KeyEvent,99:67:0,_015___new_delete,Editor,/Users/nozerose/Desktop/2023학년도 1학기 수업/CB3500572-063 C++프로그래밍과실습(Prof.김태연)/실습 015 - new:delete/main.cpp,,4,2,Changes
2023-03-07T22:14:50.076+09:00,nozerose,KeyEvent,105:73:0,_015___new_delete,Editor,/Users/nozerose/Desktop/2023학년도 1학기 수업/CB3500572-063 C++프로그래밍과실습(Prof.김태연)/실습 015 - new:delete/main.cpp,,4,3,Changes
2023-03-07T22:14:50.353+09:00,nozerose,KeyEvent,110:78:0,_015___new_delete,Editor,/Users/nozerose/Desktop/2023학년도 1학기 수업/CB3500572-063 C++프로그래밍과실습(Prof.김태연)/실습 015 - new:delete/main.cpp,,4,4,Changes
2023-03-07T22:14:50.633+09:00,nozerose,KeyEvent,32:32:0,_015___new_delete,Editor,/Users/nozerose/Desktop/2023학년도 1학기 수업/CB3500572-063 C++프로그래밍과실습(Prof.김태연)/실습 015 - new:delete/main.cpp,,4,5,Changes
2023-03-07T22:14:50.898+09:00,nozerose,KeyEvent,65535:16:1,_015___new_delete,Editor,/Users/nozerose/Desktop/2023학년도 1학기 수업/CB3500572-063 C++프로그래밍과실습(Prof.김태연)/실습 015 - new:delete/main.cpp,,4,6,Changes
2023-03-07T22:14:51.161+09:00,nozerose,KeyEvent,62:46:1,_015___new_delete,Editor,/Users/nozerose/Desktop/2023학년도 1학기 수업/CB3500572-063 C++프로그래밍과실습(Prof.김태연)/실습 015 - new:delete/main.cpp,,4,6,Changes
2023-03-07T22:14:51.310+09:00,nozerose,KeyEvent,62:46:1,_015___new_delete,Editor,/Users/nozerose/Desktop/2023학년도 1학기 수업/CB3500572-063 C++프로그래밍과실습(Prof.김태연)/실습 015 - new:delete/main.cpp,,4,7,Changes
2023-03-07T22:14:51.623+09:00,nozerose,KeyEvent,32:32:0,_015___new_delete,Editor,/Users/nozerose/Desktop/2023학년도 1학기 수업/CB3500572-063 C++프로그래밍과실습(Prof.김태연)/실습 015 - new:delete/main.cpp,,4,8,Changes
2023-03-07T22:14:51.962+09:00,nozerose,KeyEvent,65535:16:1,_015___new_delete,Editor,/Users/nozerose/Desktop/2023학년도 1학기 수업/CB3500572-063 C++프로그래밍과실습(Prof.김태연)/실습 015 - new:delete/main.cpp,,4,9,Changes
2023-03-07T22:14:52.234+09:00,nozerose,KeyEvent,83:83:1,_015___new_delete,Editor,/Users/nozerose/Desktop/2023학년도 1학기 수업/CB3500572-063 C++프로그래밍과실습(Prof.김태연)/실습 015 - new:delete/main.cpp,,4,9,Changes
2023-03-07T22:14:52.344+09:00,nozerose,KeyEvent,73:73:1,_015___new_delete,Editor,/Users/nozerose/Desktop/2023학년도 1학기 수업/CB3500572-063 C++프로그래밍과실습(Prof.김태연)/실습 015 - new:delete/main.cpp,,4,10,Changes
2023-03-07T22:14:52.488+09:00,nozerose,KeyEvent,90:90:1,_015___new_delete,Editor,/Users/nozerose/Desktop/2023학년도 1학기 수업/CB3500572-063 C++프로그래밍과실습(Prof.김태연)/실습 015 - new:delete/main.cpp,,4,11,Changes
2023-03-07T22:14:52.753+09:00,nozerose,KeyEvent,69:69:1,_015___new_delete,Editor,/Users/nozerose/Desktop/2023학년도 1학기 수업/CB3500572-063 C++프로그래밍과실습(Prof.김태연)/실습 015 - new:delete/main.cpp,,4,12,Changes
2023-03-07T22:14:54.073+09:00,nozerose,KeyEvent,59:59:0,_015___new_delete,Editor,/Users/nozerose/Desktop/2023학년도 1학기 수업/CB3500572-063 C++프로그래밍과실습(Prof.김태연)/실습 015 - new:delete/main.cpp,,4,13,Changes
2023-03-07T22:14:54.309+09:00,nozerose,Action,EditorEnter,_015___new_delete,Editor,/Users/nozerose/Desktop/2023학년도 1학기 수업/CB3500572-063 C++프로그래밍과실습(Prof.김태연)/실습 015 - new:delete/main.cpp,,4,14,Changes
2023-03-07T22:14:54.315+09:00,nozerose,KeyEvent,10:10:0,_015___new_delete,Editor,/Users/nozerose/Desktop/2023학년도 1학기 수업/CB3500572-063 C++프로그래밍과실습(Prof.김태연)/실습 015 - new:delete/main.cpp,,5,2,Changes
2023-03-07T22:14:54.898+09:00,nozerose,KeyEvent,105:73:0,_015___new_delete,Editor,/Users/nozerose/Desktop/2023학년도 1학기 수업/CB3500572-063 C++프로그래밍과실습(Prof.김태연)/실습 015 - new:delete/main.cpp,,5,2,Changes
2023-03-07T22:14:55.082+09:00,nozerose,KeyEvent,110:78:0,_015___new_delete,Editor,/Users/nozerose/Desktop/2023학년도 1학기 수업/CB3500572-063 C++프로그래밍과실습(Prof.김태연)/실습 015 - new:delete/main.cpp,,5,3,Changes
2023-03-07T22:14:55.222+09:00,nozerose,KeyEvent,116:84:0,_015___new_delete,Editor,/Users/nozerose/Desktop/2023학년도 1학기 수업/CB3500572-063 C++프로그래밍과실습(Prof.김태연)/실습 015 - new:delete/main.cpp,,5,4,Changes
2023-03-07T22:14:56.005+09:00,nozerose,KeyEvent,65535:16:1,_015___new_delete,Editor,/Users/nozerose/Desktop/2023학년도 1학기 수업/CB3500572-063 C++프로그래밍과실습(Prof.김태연)/실습 015 - new:delete/main.cpp,,5,5,Changes
2023-03-07T22:14:56.344+09:00,nozerose,KeyEvent,42:151:1,_015___new_delete,Editor,/Users/nozerose/Desktop/2023학년도 1학기 수업/CB3500572-063 C++프로그래밍과실습(Prof.김태연)/실습 015 - new:delete/main.cpp,,5,5,Changes
2023-03-07T22:14:56.714+09:00,nozerose,KeyEvent,32:32:0,_015___new_delete,Editor,/Users/nozerose/Desktop/2023학년도 1학기 수업/CB3500572-063 C++프로그래밍과실습(Prof.김태연)/실습 015 - new:delete/main.cpp,,5,6,Changes
2023-03-07T22:14:57.011+09:00,nozerose,KeyEvent,97:65:0,_015___new_delete,Editor,/Users/nozerose/Desktop/2023학년도 1학기 수업/CB3500572-063 C++프로그래밍과실습(Prof.김태연)/실습 015 - new:delete/main.cpp,,5,7,Changes
2023-03-07T22:14:57.431+09:00,nozerose,KeyEvent,114:82:0,_015___new_delete,Editor,/Users/nozerose/Desktop/2023학년도 1학기 수업/CB3500572-063 C++프로그래밍과실습(Prof.김태연)/실습 015 - new:delete/main.cpp,,5,8,Changes
2023-03-07T22:14:57.654+09:00,nozerose,KeyEvent,114:82:0,_015___new_delete,Editor,/Users/nozerose/Desktop/2023학년도 1학기 수업/CB3500572-063 C++프로그래밍과실습(Prof.김태연)/실습 015 - new:delete/main.cpp,,5,9,Changes
2023-03-07T22:14:57.903+09:00,nozerose,KeyEvent,32:32:0,_015___new_delete,Editor,/Users/nozerose/Desktop/2023학년도 1학기 수업/CB3500572-063 C++프로그래밍과실습(Prof.김태연)/실습 015 - new:delete/main.cpp,,5,10,Changes
2023-03-07T22:14:58.265+09:00,nozerose,KeyEvent,61:61:0,_015___new_delete,Editor,/Users/nozerose/Desktop/2023학년도 1학기 수업/CB3500572-063 C++프로그래밍과실습(Prof.김태연)/실습 015 - new:delete/main.cpp,,5,11,Changes
2023-03-07T22:14:58.426+09:00,nozerose,KeyEvent,32:32:0,_015___new_delete,Editor,/Users/nozerose/Desktop/2023학년도 1학기 수업/CB3500572-063 C++프로그래밍과실습(Prof.김태연)/실습 015 - new:delete/main.cpp,,5,12,Changes
2023-03-07T22:14:58.695+09:00,nozerose,KeyEvent,110:78:0,_015___new_delete,Editor,/Users/nozerose/Desktop/2023학년도 1학기 수업/CB3500572-063 C++프로그래밍과실습(Prof.김태연)/실습 015 - new:delete/main.cpp,,5,13,Changes
2023-03-07T22:14:58.929+09:00,nozerose,KeyEvent,101:69:0,_015___new_delete,Editor,/Users/nozerose/Desktop/2023학년도 1학기 수업/CB3500572-063 C++프로그래밍과실습(Prof.김태연)/실습 015 - new:delete/main.cpp,,5,14,Changes
2023-03-07T22:14:59.141+09:00,nozerose,KeyEvent,119:87:0,_015___new_delete,Editor,/Users/nozerose/Desktop/2023학년도 1학기 수업/CB3500572-063 C++프로그래밍과실습(Prof.김태연)/실습 015 - new:delete/main.cpp,,5,15,Changes
2023-03-07T22:14:59.545+09:00,nozerose,KeyEvent,32:32:0,_015___new_delete,Editor,/Users/nozerose/Desktop/2023학년도 1학기 수업/CB3500572-063 C++프로그래밍과실습(Prof.김태연)/실습 015 - new:delete/main.cpp,,5,16,Changes
2023-03-07T22:14:59.777+09:00,nozerose,KeyEvent,105:73:0,_015___new_delete,Editor,/Users/nozerose/Desktop/2023학년도 1학기 수업/CB3500572-063 C++프로그래밍과실습(Prof.김태연)/실습 015 - new:delete/main.cpp,,5,17,Changes
2023-03-07T22:14:59.901+09:00,nozerose,KeyEvent,110:78:0,_015___new_delete,Editor,/Users/nozerose/Desktop/2023학년도 1학기 수업/CB3500572-063 C++프로그래밍과실습(Prof.김태연)/실습 015 - new:delete/main.cpp,,5,18,Changes
2023-03-07T22:15:00.051+09:00,nozerose,KeyEvent,116:84:0,_015___new_delete,Editor,/Users/nozerose/Desktop/2023학년도 1학기 수업/CB3500572-063 C++프로그래밍과실습(Prof.김태연)/실습 015 - new:delete/main.cpp,,5,19,Changes
2023-03-07T22:15:00.747+09:00,nozerose,KeyEvent,91:91:0,_015___new_delete,Editor,/Users/nozerose/Desktop/2023학년도 1학기 수업/CB3500572-063 C++프로그래밍과실습(Prof.김태연)/실습 015 - new:delete/main.cpp,,5,20,Changes
2023-03-07T22:15:01.423+09:00,nozerose,KeyEvent,65535:16:1,_015___new_delete,Editor,/Users/nozerose/Desktop/2023학년도 1학기 수업/CB3500572-063 C++프로그래밍과실습(Prof.김태연)/실습 015 - new:delete/main.cpp,,5,21,Changes
2023-03-07T22:15:01.568+09:00,nozerose,KeyEvent,83:83:1,_015___new_delete,Editor,/Users/nozerose/Desktop/2023학년도 1학기 수업/CB3500572-063 C++프로그래밍과실습(Prof.김태연)/실습 015 - new:delete/main.cpp,,5,21,Changes
2023-03-07T22:15:01.699+09:00,nozerose,KeyEvent,73:73:1,_015___new_delete,Editor,/Users/nozerose/Desktop/2023학년도 1학기 수업/CB3500572-063 C++프로그래밍과실습(Prof.김태연)/실습 015 - new:delete/main.cpp,,5,22,Changes
2023-03-07T22:15:01.810+09:00,nozerose,KeyEvent,90:90:1,_015___new_delete,Editor,/Users/nozerose/Desktop/2023학년도 1학기 수업/CB3500572-063 C++프로그래밍과실습(Prof.김태연)/실습 015 - new:delete/main.cpp,,5,23,Changes
2023-03-07T22:15:02.035+09:00,nozerose,KeyEvent,69:69:1,_015___new_delete,Editor,/Users/nozerose/Desktop/2023학년도 1학기 수업/CB3500572-063 C++프로그래밍과실습(Prof.김태연)/실습 015 - new:delete/main.cpp,,5,24,Changes
2023-03-07T22:15:02.891+09:00,nozerose,Action,EditorRight,_015___new_delete,Editor,/Users/nozerose/Desktop/2023학년도 1학기 수업/CB3500572-063 C++프로그래밍과실습(Prof.김태연)/실습 015 - new:delete/main.cpp,,5,25,Changes
2023-03-07T22:15:02.897+09:00,nozerose,KeyEvent,65535:39:0,_015___new_delete,Editor,/Users/nozerose/Desktop/2023학년도 1학기 수업/CB3500572-063 C++프로그래밍과실습(Prof.김태연)/실습 015 - new:delete/main.cpp,,5,26,Changes
2023-03-07T22:15:03.258+09:00,nozerose,KeyEvent,59:59:0,_015___new_delete,Editor,/Users/nozerose/Desktop/2023학년도 1학기 수업/CB3500572-063 C++프로그래밍과실습(Prof.김태연)/실습 015 - new:delete/main.cpp,,5,26,Changes
2023-03-07T22:16:06.477+09:00,nozerose,Action,EditorEnter,_015___new_delete,Editor,/Users/nozerose/Desktop/2023학년도 1학기 수업/CB3500572-063 C++프로그래밍과실습(Prof.김태연)/실습 015 - new:delete/main.cpp,,5,27,Changes
2023-03-07T22:16:06.483+09:00,nozerose,KeyEvent,10:10:0,_015___new_delete,Editor,/Users/nozerose/Desktop/2023학년도 1학기 수업/CB3500572-063 C++프로그래밍과실습(Prof.김태연)/실습 015 - new:delete/main.cpp,,6,2,Changes
2023-03-07T22:16:06.844+09:00,nozerose,Action,EditorEnter,_015___new_delete,Editor,/Users/nozerose/Desktop/2023학년도 1학기 수업/CB3500572-063 C++프로그래밍과실습(Prof.김태연)/실습 015 - new:delete/main.cpp,,6,2,Changes
2023-03-07T22:16:06.856+09:00,nozerose,KeyEvent,10:10:0,_015___new_delete,Editor,/Users/nozerose/Desktop/2023학년도 1학기 수업/CB3500572-063 C++프로그래밍과실습(Prof.김태연)/실습 015 - new:delete/main.cpp,,7,2,Changes
2023-03-07T22:16:08.502+09:00,nozerose,KeyEvent,102:70:0,_015___new_delete,Editor,/Users/nozerose/Desktop/2023학년도 1학기 수업/CB3500572-063 C++프로그래밍과실습(Prof.김태연)/실습 015 - new:delete/main.cpp,,7,2,Changes
2023-03-07T22:16:08.636+09:00,nozerose,KeyEvent,111:79:0,_015___new_delete,Editor,/Users/nozerose/Desktop/2023학년도 1학기 수업/CB3500572-063 C++프로그래밍과실습(Prof.김태연)/실습 015 - new:delete/main.cpp,,7,3,Changes
2023-03-07T22:16:08.783+09:00,nozerose,KeyEvent,114:82:0,_015___new_delete,Editor,/Users/nozerose/Desktop/2023학년도 1학기 수업/CB3500572-063 C++프로그래밍과실습(Prof.김태연)/실습 015 - new:delete/main.cpp,,7,4,Changes
2023-03-07T22:16:09.170+09:00,nozerose,KeyEvent,65535:16:1,_015___new_delete,Editor,/Users/nozerose/Desktop/2023학년도 1학기 수업/CB3500572-063 C++프로그래밍과실습(Prof.김태연)/실습 015 - new:delete/main.cpp,,7,5,Changes
2023-03-07T22:16:09.428+09:00,nozerose,KeyEvent,40:519:1,_015___new_delete,Editor,/Users/nozerose/Desktop/2023학년도 1학기 수업/CB3500572-063 C++프로그래밍과실습(Prof.김태연)/실습 015 - new:delete/main.cpp,,7,5,Changes
2023-03-07T22:16:09.717+09:00,nozerose,KeyEvent,105:73:0,_015___new_delete,Editor,/Users/nozerose/Desktop/2023학년도 1학기 수업/CB3500572-063 C++프로그래밍과실습(Prof.김태연)/실습 015 - new:delete/main.cpp,,7,6,Changes
2023-03-07T22:16:09.904+09:00,nozerose,KeyEvent,110:78:0,_015___new_delete,Editor,/Users/nozerose/Desktop/2023학년도 1학기 수업/CB3500572-063 C++프로그래밍과실습(Prof.김태연)/실습 015 - new:delete/main.cpp,,7,7,Changes
2023-03-07T22:16:10.038+09:00,nozerose,KeyEvent,116:84:0,_015___new_delete,Editor,/Users/nozerose/Desktop/2023학년도 1학기 수업/CB3500572-063 C++프로그래밍과실습(Prof.김태연)/실습 015 - new:delete/main.cpp,,7,8,Changes
2023-03-07T22:16:10.234+09:00,nozerose,KeyEvent,32:32:0,_015___new_delete,Editor,/Users/nozerose/Desktop/2023학년도 1학기 수업/CB3500572-063 C++프로그래밍과실습(Prof.김태연)/실습 015 - new:delete/main.cpp,,7,9,Changes
2023-03-07T22:16:10.374+09:00,nozerose,KeyEvent,105:73:0,_015___new_delete,Editor,/Users/nozerose/Desktop/2023학년도 1학기 수업/CB3500572-063 C++프로그래밍과실습(Prof.김태연)/실습 015 - new:delete/main.cpp,,7,10,Changes
2023-03-07T22:16:10.702+09:00,nozerose,KeyEvent,32:32:0,_015___new_delete,Editor,/Users/nozerose/Desktop/2023학년도 1학기 수업/CB3500572-063 C++프로그래밍과실습(Prof.김태연)/실습 015 - new:delete/main.cpp,,7,11,Changes
2023-03-07T22:16:10.954+09:00,nozerose,KeyEvent,61:61:0,_015___new_delete,Editor,/Users/nozerose/Desktop/2023학년도 1학기 수업/CB3500572-063 C++프로그래밍과실습(Prof.김태연)/실습 015 - new:delete/main.cpp,,7,12,Changes
2023-03-07T22:16:11.109+09:00,nozerose,KeyEvent,32:32:0,_015___new_delete,Editor,/Users/nozerose/Desktop/2023학년도 1학기 수업/CB3500572-063 C++프로그래밍과실습(Prof.김태연)/실습 015 - new:delete/main.cpp,,7,13,Changes
2023-03-07T22:16:11.262+09:00,nozerose,KeyEvent,48:48:0,_015___new_delete,Editor,/Users/nozerose/Desktop/2023학년도 1학기 수업/CB3500572-063 C++프로그래밍과실습(Prof.김태연)/실습 015 - new:delete/main.cpp,,7,14,Changes
2023-03-07T22:16:11.547+09:00,nozerose,KeyEvent,59:59:0,_015___new_delete,Editor,/Users/nozerose/Desktop/2023학년도 1학기 수업/CB3500572-063 C++프로그래밍과실습(Prof.김태연)/실습 015 - new:delete/main.cpp,,7,15,Changes
2023-03-07T22:16:11.856+09:00,nozerose,KeyEvent,32:32:0,_015___new_delete,Editor,/Users/nozerose/Desktop/2023학년도 1학기 수업/CB3500572-063 C++프로그래밍과실습(Prof.김태연)/실습 015 - new:delete/main.cpp,,7,16,Changes
2023-03-07T22:16:12.047+09:00,nozerose,KeyEvent,105:73:0,_015___new_delete,Editor,/Users/nozerose/Desktop/2023학년도 1학기 수업/CB3500572-063 C++프로그래밍과실습(Prof.김태연)/실습 015 - new:delete/main.cpp,,7,17,Changes
2023-03-07T22:16:12.309+09:00,nozerose,KeyEvent,32:32:0,_015___new_delete,Editor,/Users/nozerose/Desktop/2023학년도 1학기 수업/CB3500572-063 C++프로그래밍과실습(Prof.김태연)/실습 015 - new:delete/main.cpp,,7,18,Changes
2023-03-07T22:16:12.521+09:00,nozerose,KeyEvent,65535:16:1,_015___new_delete,Editor,/Users/nozerose/Desktop/2023학년도 1학기 수업/CB3500572-063 C++프로그래밍과실습(Prof.김태연)/실습 015 - new:delete/main.cpp,,7,19,Changes
2023-03-07T22:16:12.706+09:00,nozerose,KeyEvent,60:153:1,_015___new_delete,Editor,/Users/nozerose/Desktop/2023학년도 1학기 수업/CB3500572-063 C++프로그래밍과실습(Prof.김태연)/실습 015 - new:delete/main.cpp,,7,19,Changes
2023-03-07T22:16:12.931+09:00,nozerose,KeyEvent,32:32:0,_015___new_delete,Editor,/Users/nozerose/Desktop/2023학년도 1학기 수업/CB3500572-063 C++프로그래밍과실습(Prof.김태연)/실습 015 - new:delete/main.cpp,,7,20,Changes
2023-03-07T22:16:13.098+09:00,nozerose,KeyEvent,65535:16:1,_015___new_delete,Editor,/Users/nozerose/Desktop/2023학년도 1학기 수업/CB3500572-063 C++프로그래밍과실습(Prof.김태연)/실습 015 - new:delete/main.cpp,,7,21,Changes
2023-03-07T22:16:13.297+09:00,nozerose,KeyEvent,83:83:1,_015___new_delete,Editor,/Users/nozerose/Desktop/2023학년도 1학기 수업/CB3500572-063 C++프로그래밍과실습(Prof.김태연)/실습 015 - new:delete/main.cpp,,7,21,Changes
2023-03-07T22:16:13.389+09:00,nozerose,KeyEvent,73:73:1,_015___new_delete,Editor,/Users/nozerose/Desktop/2023학년도 1학기 수업/CB3500572-063 C++프로그래밍과실습(Prof.김태연)/실습 015 - new:delete/main.cpp,,7,22,Changes
2023-03-07T22:16:13.553+09:00,nozerose,KeyEvent,90:90:1,_015___new_delete,Editor,/Users/nozerose/Desktop/2023학년도 1학기 수업/CB3500572-063 C++프로그래밍과실습(Prof.김태연)/실습 015 - new:delete/main.cpp,,7,23,Changes
2023-03-07T22:16:13.791+09:00,nozerose,KeyEvent,69:69:1,_015___new_delete,Editor,/Users/nozerose/Desktop/2023학년도 1학기 수업/CB3500572-063 C++프로그래밍과실습(Prof.김태연)/실습 015 - new:delete/main.cpp,,7,24,Changes
2023-03-07T22:16:14.282+09:00,nozerose,KeyEvent,59:59:0,_015___new_delete,Editor,/Users/nozerose/Desktop/2023학년도 1학기 수업/CB3500572-063 C++프로그래밍과실습(Prof.김태연)/실습 015 - new:delete/main.cpp,,7,25,Changes
2023-03-07T22:16:14.526+09:00,nozerose,KeyEvent,32:32:0,_015___new_delete,Editor,/Users/nozerose/Desktop/2023학년도 1학기 수업/CB3500572-063 C++프로그래밍과실습(Prof.김태연)/실습 015 - new:delete/main.cpp,,7,26,Changes
2023-03-07T22:16:14.706+09:00,nozerose,KeyEvent,105:73:0,_015___new_delete,Editor,/Users/nozerose/Desktop/2023학년도 1학기 수업/CB3500572-063 C++프로그래밍과실습(Prof.김태연)/실습 015 - new:delete/main.cpp,,7,27,Changes
2023-03-07T22:16:15.109+09:00,nozerose,KeyEvent,65535:16:1,_015___new_delete,Editor,/Users/nozerose/Desktop/2023학년도 1학기 수업/CB3500572-063 C++프로그래밍과실습(Prof.김태연)/실습 015 - new:delete/main.cpp,,7,28,Changes
2023-03-07T22:16:15.293+09:00,nozerose,KeyEvent,43:521:1,_015___new_delete,Editor,/Users/nozerose/Desktop/2023학년도 1학기 수업/CB3500572-063 C++프로그래밍과실습(Prof.김태연)/실습 015 - new:delete/main.cpp,,7,28,Changes
2023-03-07T22:16:15.433+09:00,nozerose,KeyEvent,43:521:1,_015___new_delete,Editor,/Users/nozerose/Desktop/2023학년도 1학기 수업/CB3500572-063 C++프로그래밍과실습(Prof.김태연)/실습 015 - new:delete/main.cpp,,7,29,Changes
2023-03-07T22:16:15.885+09:00,nozerose,Action,EditorRight,_015___new_delete,Editor,/Users/nozerose/Desktop/2023학년도 1학기 수업/CB3500572-063 C++프로그래밍과실습(Prof.김태연)/실습 015 - new:delete/main.cpp,,7,30,Changes
2023-03-07T22:16:15.885+09:00,nozerose,KeyEvent,65535:39:0,_015___new_delete,Editor,/Users/nozerose/Desktop/2023학년도 1학기 수업/CB3500572-063 C++프로그래밍과실습(Prof.김태연)/실습 015 - new:delete/main.cpp,,7,31,Changes
2023-03-07T22:16:17.479+09:00,nozerose,Action,EditorEnter,_015___new_delete,Editor,/Users/nozerose/Desktop/2023학년도 1학기 수업/CB3500572-063 C++프로그래밍과실습(Prof.김태연)/실습 015 - new:delete/main.cpp,,7,31,Changes
2023-03-07T22:16:17.487+09:00,nozerose,KeyEvent,10:10:0,_015___new_delete,Editor,/Users/nozerose/Desktop/2023학년도 1학기 수업/CB3500572-063 C++프로그래밍과실습(Prof.김태연)/실습 015 - new:delete/main.cpp,,8,4,Changes
2023-03-07T22:16:19.079+09:00,nozerose,KeyEvent,97:65:0,_015___new_delete,Editor,/Users/nozerose/Desktop/2023학년도 1학기 수업/CB3500572-063 C++프로그래밍과실습(Prof.김태연)/실습 015 - new:delete/main.cpp,,8,4,Changes
2023-03-07T22:16:19.383+09:00,nozerose,KeyEvent,114:82:0,_015___new_delete,Editor,/Users/nozerose/Desktop/2023학년도 1학기 수업/CB3500572-063 C++프로그래밍과실습(Prof.김태연)/실습 015 - new:delete/main.cpp,,8,5,Changes
2023-03-07T22:16:19.543+09:00,nozerose,KeyEvent,114:82:0,_015___new_delete,Editor,/Users/nozerose/Desktop/2023학년도 1학기 수업/CB3500572-063 C++프로그래밍과실습(Prof.김태연)/실습 015 - new:delete/main.cpp,,8,6,Changes
2023-03-07T22:16:19.801+09:00,nozerose,KeyEvent,91:91:0,_015___new_delete,Editor,/Users/nozerose/Desktop/2023학년도 1학기 수업/CB3500572-063 C++프로그래밍과실습(Prof.김태연)/실습 015 - new:delete/main.cpp,,8,7,Changes
2023-03-07T22:16:20.875+09:00,nozerose,KeyEvent,105:73:0,_015___new_delete,Editor,/Users/nozerose/Desktop/2023학년도 1학기 수업/CB3500572-063 C++프로그래밍과실습(Prof.김태연)/실습 015 - new:delete/main.cpp,,8,8,Changes
2023-03-07T22:16:22.711+09:00,nozerose,Action,EditorRight,_015___new_delete,Editor,/Users/nozerose/Desktop/2023학년도 1학기 수업/CB3500572-063 C++프로그래밍과실습(Prof.김태연)/실습 015 - new:delete/main.cpp,,8,9,Changes
2023-03-07T22:16:22.717+09:00,nozerose,KeyEvent,65535:39:0,_015___new_delete,Editor,/Users/nozerose/Desktop/2023학년도 1학기 수업/CB3500572-063 C++프로그래밍과실습(Prof.김태연)/실습 015 - new:delete/main.cpp,,8,10,Changes
2023-03-07T22:16:25.615+09:00,nozerose,Action,EditorLeft,_015___new_delete,Editor,/Users/nozerose/Desktop/2023학년도 1학기 수업/CB3500572-063 C++프로그래밍과실습(Prof.김태연)/실습 015 - new:delete/main.cpp,,8,10,Changes
2023-03-07T22:16:25.617+09:00,nozerose,KeyEvent,65535:37:0,_015___new_delete,Editor,/Users/nozerose/Desktop/2023학년도 1학기 수업/CB3500572-063 C++프로그래밍과실습(Prof.김태연)/실습 015 - new:delete/main.cpp,,8,9,Changes
2023-03-07T22:16:25.782+09:00,nozerose,Action,EditorLeft,_015___new_delete,Editor,/Users/nozerose/Desktop/2023학년도 1학기 수업/CB3500572-063 C++프로그래밍과실습(Prof.김태연)/실습 015 - new:delete/main.cpp,,8,9,Changes
2023-03-07T22:16:25.785+09:00,nozerose,KeyEvent,65535:37:0,_015___new_delete,Editor,/Users/nozerose/Desktop/2023학년도 1학기 수업/CB3500572-063 C++프로그래밍과실습(Prof.김태연)/실습 015 - new:delete/main.cpp,,8,8,Changes
2023-03-07T22:16:25.934+09:00,nozerose,Action,EditorLeft,_015___new_delete,Editor,/Users/nozerose/Desktop/2023학년도 1학기 수업/CB3500572-063 C++프로그래밍과실습(Prof.김태연)/실습 015 - new:delete/main.cpp,,8,8,Changes
2023-03-07T22:16:25.936+09:00,nozerose,KeyEvent,65535:37:0,_015___new_delete,Editor,/Users/nozerose/Desktop/2023학년도 1학기 수업/CB3500572-063 C++프로그래밍과실습(Prof.김태연)/실습 015 - new:delete/main.cpp,,8,7,Changes
2023-03-07T22:16:26.090+09:00,nozerose,Action,EditorLeft,_015___new_delete,Editor,/Users/nozerose/Desktop/2023학년도 1학기 수업/CB3500572-063 C++프로그래밍과실습(Prof.김태연)/실습 015 - new:delete/main.cpp,,8,7,Changes
2023-03-07T22:16:26.091+09:00,nozerose,KeyEvent,65535:37:0,_015___new_delete,Editor,/Users/nozerose/Desktop/2023학년도 1학기 수업/CB3500572-063 C++프로그래밍과실습(Prof.김태연)/실습 015 - new:delete/main.cpp,,8,6,Changes
2023-03-07T22:16:26.246+09:00,nozerose,Action,EditorLeft,_015___new_delete,Editor,/Users/nozerose/Desktop/2023학년도 1학기 수업/CB3500572-063 C++프로그래밍과실습(Prof.김태연)/실습 015 - new:delete/main.cpp,,8,6,Changes
2023-03-07T22:16:26.248+09:00,nozerose,KeyEvent,65535:37:0,_015___new_delete,Editor,/Users/nozerose/Desktop/2023학년도 1학기 수업/CB3500572-063 C++프로그래밍과실습(Prof.김태연)/실습 015 - new:delete/main.cpp,,8,5,Changes
2023-03-07T22:16:26.439+09:00,nozerose,Action,EditorLeft,_015___new_delete,Editor,/Users/nozerose/Desktop/2023학년도 1학기 수업/CB3500572-063 C++프로그래밍과실습(Prof.김태연)/실습 015 - new:delete/main.cpp,,8,5,Changes
2023-03-07T22:16:26.440+09:00,nozerose,KeyEvent,65535:37:0,_015___new_delete,Editor,/Users/nozerose/Desktop/2023학년도 1학기 수업/CB3500572-063 C++프로그래밍과실습(Prof.김태연)/실습 015 - new:delete/main.cpp,,8,4,Changes
2023-03-07T22:16:43.938+09:00,nozerose,Action,EditorBackSpace,_015___new_delete,Editor,/Users/nozerose/Desktop/2023학년도 1학기 수업/CB3500572-063 C++프로그래밍과실습(Prof.김태연)/실습 015 - new:delete/main.cpp,,8,10,Changes
2023-03-07T22:16:43.953+09:00,nozerose,KeyEvent,8:8:0,_015___new_delete,Editor,/Users/nozerose/Desktop/2023학년도 1학기 수업/CB3500572-063 C++프로그래밍과실습(Prof.김태연)/실습 015 - new:delete/main.cpp,,8,9,Changes
2023-03-07T22:16:44.159+09:00,nozerose,Action,EditorBackSpace,_015___new_delete,Editor,/Users/nozerose/Desktop/2023학년도 1학기 수업/CB3500572-063 C++프로그래밍과실습(Prof.김태연)/실습 015 - new:delete/main.cpp,,8,9,Changes
2023-03-07T22:16:44.161+09:00,nozerose,KeyEvent,8:8:0,_015___new_delete,Editor,/Users/nozerose/Desktop/2023학년도 1학기 수업/CB3500572-063 C++프로그래밍과실습(Prof.김태연)/실습 015 - new:delete/main.cpp,,8,8,Changes
2023-03-07T22:16:44.317+09:00,nozerose,Action,EditorBackSpace,_015___new_delete,Editor,/Users/nozerose/Desktop/2023학년도 1학기 수업/CB3500572-063 C++프로그래밍과실습(Prof.김태연)/실습 015 - new:delete/main.cpp,,8,8,Changes
2023-03-07T22:16:44.320+09:00,nozerose,KeyEvent,8:8:0,_015___new_delete,Editor,/Users/nozerose/Desktop/2023학년도 1학기 수업/CB3500572-063 C++프로그래밍과실습(Prof.김태연)/실습 015 - new:delete/main.cpp,,8,7,Changes
2023-03-07T22:16:44.479+09:00,nozerose,Action,EditorBackSpace,_015___new_delete,Editor,/Users/nozerose/Desktop/2023학년도 1학기 수업/CB3500572-063 C++프로그래밍과실습(Prof.김태연)/실습 015 - new:delete/main.cpp,,8,7,Changes
2023-03-07T22:16:44.482+09:00,nozerose,KeyEvent,8:8:0,_015___new_delete,Editor,/Users/nozerose/Desktop/2023학년도 1학기 수업/CB3500572-063 C++프로그래밍과실습(Prof.김태연)/실습 015 - new:delete/main.cpp,,8,6,Changes
2023-03-07T22:16:44.648+09:00,nozerose,Action,EditorBackSpace,_015___new_delete,Editor,/Users/nozerose/Desktop/2023학년도 1학기 수업/CB3500572-063 C++프로그래밍과실습(Prof.김태연)/실습 015 - new:delete/main.cpp,,8,6,Changes
2023-03-07T22:16:44.649+09:00,nozerose,KeyEvent,8:8:0,_015___new_delete,Editor,/Users/nozerose/Desktop/2023학년도 1학기 수업/CB3500572-063 C++프로그래밍과실습(Prof.김태연)/실습 015 - new:delete/main.cpp,,8,5,Changes
2023-03-07T22:16:44.830+09:00,nozerose,Action,EditorBackSpace,_015___new_delete,Editor,/Users/nozerose/Desktop/2023학년도 1학기 수업/CB3500572-063 C++프로그래밍과실습(Prof.김태연)/실습 015 - new:delete/main.cpp,,8,5,Changes
2023-03-07T22:16:44.831+09:00,nozerose,KeyEvent,8:8:0,_015___new_delete,Editor,/Users/nozerose/Desktop/2023학년도 1학기 수업/CB3500572-063 C++프로그래밍과실습(Prof.김태연)/실습 015 - new:delete/main.cpp,,8,4,Changes
2023-03-07T22:16:47.280+09:00,nozerose,Action,EditorBackSpace,_015___new_delete,Editor,/Users/nozerose/Desktop/2023학년도 1학기 수업/CB3500572-063 C++프로그래밍과실습(Prof.김태연)/실습 015 - new:delete/main.cpp,,7,0,Changes
2023-03-07T22:16:47.293+09:00,nozerose,KeyEvent,8:8:0,_015___new_delete,Editor,/Users/nozerose/Desktop/2023학년도 1학기 수업/CB3500572-063 C++프로그래밍과실습(Prof.김태연)/실습 015 - new:delete/main.cpp,,7,0,Changes
2023-03-07T22:16:47.659+09:00,nozerose,Action,EditorTab,_015___new_delete,Editor,/Users/nozerose/Desktop/2023학년도 1학기 수업/CB3500572-063 C++프로그래밍과실습(Prof.김태연)/실습 015 - new:delete/main.cpp,,7,0,Changes
2023-03-07T22:16:47.667+09:00,nozerose,KeyEvent,9:9:0,_015___new_delete,Editor,/Users/nozerose/Desktop/2023학년도 1학기 수업/CB3500572-063 C++프로그래밍과실습(Prof.김태연)/실습 015 - new:delete/main.cpp,,7,2,Changes
2023-03-07T22:19:39.324+09:00,nozerose,Action,EditorTab,_015___new_delete,Editor,/Users/nozerose/Desktop/2023학년도 1학기 수업/CB3500572-063 C++프로그래밍과실습(Prof.김태연)/실습 015 - new:delete/main.cpp,,7,0,Changes
2023-03-07T22:19:39.328+09:00,nozerose,KeyEvent,9:9:0,_015___new_delete,Editor,/Users/nozerose/Desktop/2023학년도 1학기 수업/CB3500572-063 C++프로그래밍과실습(Prof.김태연)/실습 015 - new:delete/main.cpp,,7,2,Changes
2023-03-07T22:19:51.920+09:00,nozerose,KeyEvent,12601:70:0,_015___new_delete,Editor,/Users/nozerose/Desktop/2023학년도 1학기 수업/CB3500572-063 C++프로그래밍과실습(Prof.김태연)/실습 015 - new:delete/main.cpp,,7,2,Changes
2023-03-07T22:19:52.484+09:00,nozerose,Action,EditorBackSpace,_015___new_delete,Editor,/Users/nozerose/Desktop/2023학년도 1학기 수업/CB3500572-063 C++프로그래밍과실습(Prof.김태연)/실습 015 - new:delete/main.cpp,,7,4,Changes
2023-03-07T22:19:52.486+09:00,nozerose,KeyEvent,8:8:0,_015___new_delete,Editor,/Users/nozerose/Desktop/2023학년도 1학기 수업/CB3500572-063 C++프로그래밍과실습(Prof.김태연)/실습 015 - new:delete/main.cpp,,7,3,Changes
2023-03-07T22:19:52.590+09:00,nozerose,Action,EditorBackSpace,_015___new_delete,Editor,/Users/nozerose/Desktop/2023학년도 1학기 수업/CB3500572-063 C++프로그래밍과실습(Prof.김태연)/실습 015 - new:delete/main.cpp,,7,3,Changes
2023-03-07T22:19:52.595+09:00,nozerose,KeyEvent,8:8:0,_015___new_delete,Editor,/Users/nozerose/Desktop/2023학년도 1학기 수업/CB3500572-063 C++프로그래밍과실습(Prof.김태연)/실습 015 - new:delete/main.cpp,,7,2,Changes
2023-03-07T22:19:52.757+09:00,nozerose,KeyEvent,65535:20:0,_015___new_delete,Editor,/Users/nozerose/Desktop/2023학년도 1학기 수업/CB3500572-063 C++프로그래밍과실습(Prof.김태연)/실습 015 - new:delete/main.cpp,,7,2,Changes
2023-03-07T22:19:52.803+09:00,nozerose,KeyEvent,65535:0:0,_015___new_delete,Editor,/Users/nozerose/Desktop/2023학년도 1학기 수업/CB3500572-063 C++프로그래밍과실습(Prof.김태연)/실습 015 - new:delete/main.cpp,,7,2,Changes
2023-03-07T22:19:52.924+09:00,nozerose,KeyEvent,102:70:0,_015___new_delete,Editor,/Users/nozerose/Desktop/2023학년도 1학기 수업/CB3500572-063 C++프로그래밍과실습(Prof.김태연)/실습 015 - new:delete/main.cpp,,7,2,Changes
2023-03-07T22:19:53.170+09:00,nozerose,KeyEvent,111:79:0,_015___new_delete,Editor,/Users/nozerose/Desktop/2023학년도 1학기 수업/CB3500572-063 C++프로그래밍과실습(Prof.김태연)/실습 015 - new:delete/main.cpp,,7,3,Changes
2023-03-07T22:19:53.397+09:00,nozerose,KeyEvent,114:82:0,_015___new_delete,Editor,/Users/nozerose/Desktop/2023학년도 1학기 수업/CB3500572-063 C++프로그래밍과실습(Prof.김태연)/실습 015 - new:delete/main.cpp,,7,4,Changes
2023-03-07T22:19:54.430+09:00,nozerose,KeyEvent,65535:16:1,_015___new_delete,Editor,/Users/nozerose/Desktop/2023학년도 1학기 수업/CB3500572-063 C++프로그래밍과실습(Prof.김태연)/실습 015 - new:delete/main.cpp,,7,5,Changes
2023-03-07T22:19:54.788+09:00,nozerose,KeyEvent,40:519:1,_015___new_delete,Editor,/Users/nozerose/Desktop/2023학년도 1학기 수업/CB3500572-063 C++프로그래밍과실습(Prof.김태연)/실습 015 - new:delete/main.cpp,,7,5,Changes
2023-03-07T22:21:13.811+09:00,nozerose,Action,EditorEnter,_015___new_delete,Editor,/Users/nozerose/Desktop/2023학년도 1학기 수업/CB3500572-063 C++프로그래밍과실습(Prof.김태연)/실습 015 - new:delete/main.cpp,,0,19,Changes
2023-03-07T22:21:13.816+09:00,nozerose,KeyEvent,10:10:0,_015___new_delete,Editor,/Users/nozerose/Desktop/2023학년도 1학기 수업/CB3500572-063 C++프로그래밍과실습(Prof.김태연)/실습 015 - new:delete/main.cpp,,1,0,Changes
2023-03-07T22:21:14.228+09:00,nozerose,KeyEvent,12629:85:0,_015___new_delete,Editor,/Users/nozerose/Desktop/2023학년도 1학기 수업/CB3500572-063 C++프로그래밍과실습(Prof.김태연)/실습 015 - new:delete/main.cpp,,1,0,Changes
2023-03-07T22:21:14.841+09:00,nozerose,Action,EditorBackSpace,_015___new_delete,Editor,/Users/nozerose/Desktop/2023학년도 1학기 수업/CB3500572-063 C++프로그래밍과실습(Prof.김태연)/실습 015 - new:delete/main.cpp,,1,3,Changes
2023-03-07T22:21:14.843+09:00,nozerose,KeyEvent,8:8:0,_015___new_delete,Editor,/Users/nozerose/Desktop/2023학년도 1학기 수업/CB3500572-063 C++프로그래밍과실습(Prof.김태연)/실습 015 - new:delete/main.cpp,,1,2,Changes
2023-03-07T22:21:14.934+09:00,nozerose,Action,EditorBackSpace,_015___new_delete,Editor,/Users/nozerose/Desktop/2023학년도 1학기 수업/CB3500572-063 C++프로그래밍과실습(Prof.김태연)/실습 015 - new:delete/main.cpp,,1,2,Changes
2023-03-07T22:21:14.942+09:00,nozerose,KeyEvent,8:8:0,_015___new_delete,Editor,/Users/nozerose/Desktop/2023학년도 1학기 수업/CB3500572-063 C++프로그래밍과실습(Prof.김태연)/실습 015 - new:delete/main.cpp,,1,1,Changes
2023-03-07T22:21:15.007+09:00,nozerose,Action,EditorBackSpace,_015___new_delete,Editor,/Users/nozerose/Desktop/2023학년도 1학기 수업/CB3500572-063 C++프로그래밍과실습(Prof.김태연)/실습 015 - new:delete/main.cpp,,1,1,Changes
2023-03-07T22:21:15.013+09:00,nozerose,KeyEvent,8:8:0,_015___new_delete,Editor,/Users/nozerose/Desktop/2023학년도 1학기 수업/CB3500572-063 C++프로그래밍과실습(Prof.김태연)/실습 015 - new:delete/main.cpp,,1,0,Changes
2023-03-07T22:21:15.442+09:00,nozerose,KeyEvent,65535:20:0,_015___new_delete,Editor,/Users/nozerose/Desktop/2023학년도 1학기 수업/CB3500572-063 C++프로그래밍과실습(Prof.김태연)/실습 015 - new:delete/main.cpp,,1,0,Changes
2023-03-07T22:21:15.578+09:00,nozerose,KeyEvent,65535:0:0,_015___new_delete,Editor,/Users/nozerose/Desktop/2023학년도 1학기 수업/CB3500572-063 C++프로그래밍과실습(Prof.김태연)/실습 015 - new:delete/main.cpp,,1,0,Changes
2023-03-07T22:21:15.699+09:00,nozerose,KeyEvent,115:83:0,_015___new_delete,Editor,/Users/nozerose/Desktop/2023학년도 1학기 수업/CB3500572-063 C++프로그래밍과실습(Prof.김태연)/실습 015 - new:delete/main.cpp,,1,0,Changes
2023-03-07T22:21:15.815+09:00,nozerose,KeyEvent,117:85:0,_015___new_delete,Editor,/Users/nozerose/Desktop/2023학년도 1학기 수업/CB3500572-063 C++프로그래밍과실습(Prof.김태연)/실습 015 - new:delete/main.cpp,,1,1,Changes
2023-03-07T22:21:16.222+09:00,nozerose,Action,EditorBackSpace,_015___new_delete,Editor,/Users/nozerose/Desktop/2023학년도 1학기 수업/CB3500572-063 C++프로그래밍과실습(Prof.김태연)/실습 015 - new:delete/main.cpp,,1,2,Changes
2023-03-07T22:21:16.233+09:00,nozerose,KeyEvent,8:8:0,_015___new_delete,Editor,/Users/nozerose/Desktop/2023학년도 1학기 수업/CB3500572-063 C++프로그래밍과실습(Prof.김태연)/실습 015 - new:delete/main.cpp,,1,1,Changes
2023-03-07T22:21:16.314+09:00,nozerose,Action,EditorBackSpace,_015___new_delete,Editor,/Users/nozerose/Desktop/2023학년도 1학기 수업/CB3500572-063 C++프로그래밍과실습(Prof.김태연)/실습 015 - new:delete/main.cpp,,1,1,Changes
2023-03-07T22:21:16.318+09:00,nozerose,KeyEvent,8:8:0,_015___new_delete,Editor,/Users/nozerose/Desktop/2023학년도 1학기 수업/CB3500572-063 C++프로그래밍과실습(Prof.김태연)/실습 015 - new:delete/main.cpp,,1,0,Changes
2023-03-07T22:21:16.575+09:00,nozerose,KeyEvent,117:85:0,_015___new_delete,Editor,/Users/nozerose/Desktop/2023학년도 1학기 수업/CB3500572-063 C++프로그래밍과실습(Prof.김태연)/실습 015 - new:delete/main.cpp,,1,0,Changes
2023-03-07T22:21:16.673+09:00,nozerose,KeyEvent,115:83:0,_015___new_delete,Editor,/Users/nozerose/Desktop/2023학년도 1학기 수업/CB3500572-063 C++프로그래밍과실습(Prof.김태연)/실습 015 - new:delete/main.cpp,,1,1,Changes
2023-03-07T22:21:16.774+09:00,nozerose,KeyEvent,105:73:0,_015___new_delete,Editor,/Users/nozerose/Desktop/2023학년도 1학기 수업/CB3500572-063 C++프로그래밍과실습(Prof.김태연)/실습 015 - new:delete/main.cpp,,1,2,Changes
2023-03-07T22:21:16.903+09:00,nozerose,KeyEvent,110:78:0,_015___new_delete,Editor,/Users/nozerose/Desktop/2023학년도 1학기 수업/CB3500572-063 C++프로그래밍과실습(Prof.김태연)/실습 015 - new:delete/main.cpp,,1,3,Changes
2023-03-07T22:21:17.023+09:00,nozerose,KeyEvent,103:71:0,_015___new_delete,Editor,/Users/nozerose/Desktop/2023학년도 1학기 수업/CB3500572-063 C++프로그래밍과실습(Prof.김태연)/실습 015 - new:delete/main.cpp,,1,4,Changes
2023-03-07T22:21:17.149+09:00,nozerose,KeyEvent,32:32:0,_015___new_delete,Editor,/Users/nozerose/Desktop/2023학년도 1학기 수업/CB3500572-063 C++프로그래밍과실습(Prof.김태연)/실습 015 - new:delete/main.cpp,,1,5,Changes
2023-03-07T22:21:17.272+09:00,nozerose,KeyEvent,110:78:0,_015___new_delete,Editor,/Users/nozerose/Desktop/2023학년도 1학기 수업/CB3500572-063 C++프로그래밍과실습(Prof.김태연)/실습 015 - new:delete/main.cpp,,1,6,Changes
2023-03-07T22:21:17.375+09:00,nozerose,KeyEvent,97:65:0,_015___new_delete,Editor,/Users/nozerose/Desktop/2023학년도 1학기 수업/CB3500572-063 C++프로그래밍과실습(Prof.김태연)/실습 015 - new:delete/main.cpp,,1,7,Changes
2023-03-07T22:21:17.532+09:00,nozerose,KeyEvent,109:77:0,_015___new_delete,Editor,/Users/nozerose/Desktop/2023학년도 1학기 수업/CB3500572-063 C++프로그래밍과실습(Prof.김태연)/실습 015 - new:delete/main.cpp,,1,8,Changes
2023-03-07T22:21:17.682+09:00,nozerose,KeyEvent,101:69:0,_015___new_delete,Editor,/Users/nozerose/Desktop/2023학년도 1학기 수업/CB3500572-063 C++프로그래밍과실습(Prof.김태연)/실습 015 - new:delete/main.cpp,,1,9,Changes
2023-03-07T22:21:17.889+09:00,nozerose,KeyEvent,115:83:0,_015___new_delete,Editor,/Users/nozerose/Desktop/2023학년도 1학기 수업/CB3500572-063 C++프로그래밍과실습(Prof.김태연)/실습 015 - new:delete/main.cpp,,1,10,Changes
2023-03-07T22:21:18.093+09:00,nozerose,KeyEvent,112:80:0,_015___new_delete,Editor,/Users/nozerose/Desktop/2023학년도 1학기 수업/CB3500572-063 C++프로그래밍과실습(Prof.김태연)/실습 015 - new:delete/main.cpp,,1,11,Changes
2023-03-07T22:21:18.160+09:00,nozerose,KeyEvent,97:65:0,_015___new_delete,Editor,/Users/nozerose/Desktop/2023학년도 1학기 수업/CB3500572-063 C++프로그래밍과실습(Prof.김태연)/실습 015 - new:delete/main.cpp,,1,12,Changes
2023-03-07T22:21:18.292+09:00,nozerose,KeyEvent,99:67:0,_015___new_delete,Editor,/Users/nozerose/Desktop/2023학년도 1학기 수업/CB3500572-063 C++프로그래밍과실습(Prof.김태연)/실습 015 - new:delete/main.cpp,,1,13,Changes
2023-03-07T22:21:18.529+09:00,nozerose,KeyEvent,101:69:0,_015___new_delete,Editor,/Users/nozerose/Desktop/2023학년도 1학기 수업/CB3500572-063 C++프로그래밍과실습(Prof.김태연)/실습 015 - new:delete/main.cpp,,1,14,Changes
2023-03-07T22:21:18.845+09:00,nozerose,KeyEvent,32:32:0,_015___new_delete,Editor,/Users/nozerose/Desktop/2023학년도 1학기 수업/CB3500572-063 C++프로그래밍과실습(Prof.김태연)/실습 015 - new:delete/main.cpp,,1,15,Changes
2023-03-07T22:21:19.015+09:00,nozerose,KeyEvent,115:83:0,_015___new_delete,Editor,/Users/nozerose/Desktop/2023학년도 1학기 수업/CB3500572-063 C++프로그래밍과실습(Prof.김태연)/실습 015 - new:delete/main.cpp,,1,16,Changes
2023-03-07T22:21:19.228+09:00,nozerose,KeyEvent,116:84:0,_015___new_delete,Editor,/Users/nozerose/Desktop/2023학년도 1학기 수업/CB3500572-063 C++프로그래밍과실습(Prof.김태연)/실습 015 - new:delete/main.cpp,,1,17,Changes
2023-03-07T22:21:19.434+09:00,nozerose,KeyEvent,100:68:0,_015___new_delete,Editor,/Users/nozerose/Desktop/2023학년도 1학기 수업/CB3500572-063 C++프로그래밍과실습(Prof.김태연)/실습 015 - new:delete/main.cpp,,1,18,Changes
2023-03-07T22:21:19.526+09:00,nozerose,KeyEvent,59:59:0,_015___new_delete,Editor,/Users/nozerose/Desktop/2023학년도 1학기 수업/CB3500572-063 C++프로그래밍과실습(Prof.김태연)/실습 015 - new:delete/main.cpp,,1,19,Changes
2023-03-07T22:21:26.331+09:00,nozerose,KeyEvent,105:73:0,_015___new_delete,Editor,/Users/nozerose/Desktop/2023학년도 1학기 수업/CB3500572-063 C++프로그래밍과실습(Prof.김태연)/실습 015 - new:delete/main.cpp,,8,6,Changes
2023-03-07T22:21:26.538+09:00,nozerose,KeyEvent,110:78:0,_015___new_delete,Editor,/Users/nozerose/Desktop/2023학년도 1학기 수업/CB3500572-063 C++프로그래밍과실습(Prof.김태연)/실습 015 - new:delete/main.cpp,,8,7,Changes
2023-03-07T22:21:26.671+09:00,nozerose,KeyEvent,116:84:0,_015___new_delete,Editor,/Users/nozerose/Desktop/2023학년도 1학기 수업/CB3500572-063 C++프로그래밍과실습(Prof.김태연)/실습 015 - new:delete/main.cpp,,8,8,Changes
2023-03-07T22:21:27.023+09:00,nozerose,KeyEvent,32:32:0,_015___new_delete,Editor,/Users/nozerose/Desktop/2023학년도 1학기 수업/CB3500572-063 C++프로그래밍과실습(Prof.김태연)/실습 015 - new:delete/main.cpp,,8,9,Changes
2023-03-07T22:21:27.244+09:00,nozerose,KeyEvent,105:73:0,_015___new_delete,Editor,/Users/nozerose/Desktop/2023학년도 1학기 수업/CB3500572-063 C++프로그래밍과실습(Prof.김태연)/실습 015 - new:delete/main.cpp,,8,10,Changes
2023-03-07T22:21:27.566+09:00,nozerose,KeyEvent,32:32:0,_015___new_delete,Editor,/Users/nozerose/Desktop/2023학년도 1학기 수업/CB3500572-063 C++프로그래밍과실습(Prof.김태연)/실습 015 - new:delete/main.cpp,,8,11,Changes
2023-03-07T22:21:28.066+09:00,nozerose,KeyEvent,61:61:0,_015___new_delete,Editor,/Users/nozerose/Desktop/2023학년도 1학기 수업/CB3500572-063 C++프로그래밍과실습(Prof.김태연)/실습 015 - new:delete/main.cpp,,8,12,Changes
2023-03-07T22:21:28.229+09:00,nozerose,KeyEvent,32:32:0,_015___new_delete,Editor,/Users/nozerose/Desktop/2023학년도 1학기 수업/CB3500572-063 C++프로그래밍과실습(Prof.김태연)/실습 015 - new:delete/main.cpp,,8,13,Changes
2023-03-07T22:21:28.368+09:00,nozerose,KeyEvent,48:48:0,_015___new_delete,Editor,/Users/nozerose/Desktop/2023학년도 1학기 수업/CB3500572-063 C++프로그래밍과실습(Prof.김태연)/실습 015 - new:delete/main.cpp,,8,14,Changes
2023-03-07T22:21:28.618+09:00,nozerose,KeyEvent,59:59:0,_015___new_delete,Editor,/Users/nozerose/Desktop/2023학년도 1학기 수업/CB3500572-063 C++프로그래밍과실습(Prof.김태연)/실습 015 - new:delete/main.cpp,,8,15,Changes
2023-03-07T22:21:28.824+09:00,nozerose,KeyEvent,32:32:0,_015___new_delete,Editor,/Users/nozerose/Desktop/2023학년도 1학기 수업/CB3500572-063 C++프로그래밍과실습(Prof.김태연)/실습 015 - new:delete/main.cpp,,8,16,Changes
2023-03-07T22:21:29.404+09:00,nozerose,KeyEvent,105:73:0,_015___new_delete,Editor,/Users/nozerose/Desktop/2023학년도 1학기 수업/CB3500572-063 C++프로그래밍과실습(Prof.김태연)/실습 015 - new:delete/main.cpp,,8,17,Changes
2023-03-07T22:21:29.647+09:00,nozerose,KeyEvent,32:32:0,_015___new_delete,Editor,/Users/nozerose/Desktop/2023학년도 1학기 수업/CB3500572-063 C++프로그래밍과실습(Prof.김태연)/실습 015 - new:delete/main.cpp,,8,18,Changes
2023-03-07T22:21:29.855+09:00,nozerose,KeyEvent,65535:16:1,_015___new_delete,Editor,/Users/nozerose/Desktop/2023학년도 1학기 수업/CB3500572-063 C++프로그래밍과실습(Prof.김태연)/실습 015 - new:delete/main.cpp,,8,19,Changes
2023-03-07T22:21:30.121+09:00,nozerose,KeyEvent,60:153:1,_015___new_delete,Editor,/Users/nozerose/Desktop/2023학년도 1학기 수업/CB3500572-063 C++프로그래밍과실습(Prof.김태연)/실습 015 - new:delete/main.cpp,,8,19,Changes
2023-03-07T22:21:30.332+09:00,nozerose,KeyEvent,32:32:0,_015___new_delete,Editor,/Users/nozerose/Desktop/2023학년도 1학기 수업/CB3500572-063 C++프로그래밍과실습(Prof.김태연)/실습 015 - new:delete/main.cpp,,8,20,Changes
2023-03-07T22:21:31.363+09:00,nozerose,KeyEvent,65535:16:1,_015___new_delete,Editor,/Users/nozerose/Desktop/2023학년도 1학기 수업/CB3500572-063 C++프로그래밍과실습(Prof.김태연)/실습 015 - new:delete/main.cpp,,8,21,Changes
2023-03-07T22:21:31.554+09:00,nozerose,KeyEvent,83:83:1,_015___new_delete,Editor,/Users/nozerose/Desktop/2023학년도 1학기 수업/CB3500572-063 C++프로그래밍과실습(Prof.김태연)/실습 015 - new:delete/main.cpp,,8,21,Changes
2023-03-07T22:21:31.685+09:00,nozerose,KeyEvent,73:73:1,_015___new_delete,Editor,/Users/nozerose/Desktop/2023학년도 1학기 수업/CB3500572-063 C++프로그래밍과실습(Prof.김태연)/실습 015 - new:delete/main.cpp,,8,22,Changes
2023-03-07T22:21:31.879+09:00,nozerose,KeyEvent,90:90:1,_015___new_delete,Editor,/Users/nozerose/Desktop/2023학년도 1학기 수업/CB3500572-063 C++프로그래밍과실습(Prof.김태연)/실습 015 - new:delete/main.cpp,,8,23,Changes
2023-03-07T22:21:32.194+09:00,nozerose,KeyEvent,69:69:1,_015___new_delete,Editor,/Users/nozerose/Desktop/2023학년도 1학기 수업/CB3500572-063 C++프로그래밍과실습(Prof.김태연)/실습 015 - new:delete/main.cpp,,8,24,Changes
2023-03-07T22:21:32.882+09:00,nozerose,KeyEvent,59:59:0,_015___new_delete,Editor,/Users/nozerose/Desktop/2023학년도 1학기 수업/CB3500572-063 C++프로그래밍과실습(Prof.김태연)/실습 015 - new:delete/main.cpp,,8,25,Changes
2023-03-07T22:21:33.172+09:00,nozerose,KeyEvent,32:32:0,_015___new_delete,Editor,/Users/nozerose/Desktop/2023학년도 1학기 수업/CB3500572-063 C++프로그래밍과실습(Prof.김태연)/실습 015 - new:delete/main.cpp,,8,26,Changes
2023-03-07T22:21:33.720+09:00,nozerose,KeyEvent,65535:16:1,_015___new_delete,Editor,/Users/nozerose/Desktop/2023학년도 1학기 수업/CB3500572-063 C++프로그래밍과실습(Prof.김태연)/실습 015 - new:delete/main.cpp,,8,27,Changes
2023-03-07T22:21:33.901+09:00,nozerose,KeyEvent,43:521:1,_015___new_delete,Editor,/Users/nozerose/Desktop/2023학년도 1학기 수업/CB3500572-063 C++프로그래밍과실습(Prof.김태연)/실습 015 - new:delete/main.cpp,,8,27,Changes
2023-03-07T22:21:34.019+09:00,nozerose,KeyEvent,43:521:1,_015___new_delete,Editor,/Users/nozerose/Desktop/2023학년도 1학기 수업/CB3500572-063 C++프로그래밍과실습(Prof.김태연)/실습 015 - new:delete/main.cpp,,8,28,Changes
2023-03-07T22:21:34.440+09:00,nozerose,KeyEvent,105:73:0,_015___new_delete,Editor,/Users/nozerose/Desktop/2023학년도 1학기 수업/CB3500572-063 C++프로그래밍과실습(Prof.김태연)/실습 015 - new:delete/main.cpp,,8,29,Changes
2023-03-07T22:21:35.663+09:00,nozerose,Action,EditorRight,_015___new_delete,Editor,/Users/nozerose/Desktop/2023학년도 1학기 수업/CB3500572-063 C++프로그래밍과실습(Prof.김태연)/실습 015 - new:delete/main.cpp,,8,30,Changes
2023-03-07T22:21:35.668+09:00,nozerose,KeyEvent,65535:39:0,_015___new_delete,Editor,/Users/nozerose/Desktop/2023학년도 1학기 수업/CB3500572-063 C++프로그래밍과실습(Prof.김태연)/실습 015 - new:delete/main.cpp,,8,31,Changes
2023-03-07T22:21:36.615+09:00,nozerose,Action,EditorEnter,_015___new_delete,Editor,/Users/nozerose/Desktop/2023학년도 1학기 수업/CB3500572-063 C++프로그래밍과실습(Prof.김태연)/실습 015 - new:delete/main.cpp,,8,31,Changes
2023-03-07T22:21:36.621+09:00,nozerose,KeyEvent,10:10:0,_015___new_delete,Editor,/Users/nozerose/Desktop/2023학년도 1학기 수업/CB3500572-063 C++프로그래밍과실습(Prof.김태연)/실습 015 - new:delete/main.cpp,,9,4,Changes
2023-03-07T22:21:54.997+09:00,nozerose,KeyEvent,97:65:0,_015___new_delete,Editor,/Users/nozerose/Desktop/2023학년도 1학기 수업/CB3500572-063 C++프로그래밍과실습(Prof.김태연)/실습 015 - new:delete/main.cpp,,9,4,Changes
2023-03-07T22:21:57.139+09:00,nozerose,KeyEvent,114:82:0,_015___new_delete,Editor,/Users/nozerose/Desktop/2023학년도 1학기 수업/CB3500572-063 C++프로그래밍과실습(Prof.김태연)/실습 015 - new:delete/main.cpp,,9,5,Changes
2023-03-07T22:21:57.336+09:00,nozerose,KeyEvent,114:82:0,_015___new_delete,Editor,/Users/nozerose/Desktop/2023학년도 1학기 수업/CB3500572-063 C++프로그래밍과실습(Prof.김태연)/실습 015 - new:delete/main.cpp,,9,6,Changes
2023-03-07T22:21:58.292+09:00,nozerose,KeyEvent,91:91:0,_015___new_delete,Editor,/Users/nozerose/Desktop/2023학년도 1학기 수업/CB3500572-063 C++프로그래밍과실습(Prof.김태연)/실습 015 - new:delete/main.cpp,,9,7,Changes
2023-03-07T22:21:58.761+09:00,nozerose,KeyEvent,105:73:0,_015___new_delete,Editor,/Users/nozerose/Desktop/2023학년도 1학기 수업/CB3500572-063 C++프로그래밍과실습(Prof.김태연)/실습 015 - new:delete/main.cpp,,9,8,Changes
2023-03-07T22:21:59.771+09:00,nozerose,Action,EditorRight,_015___new_delete,Editor,/Users/nozerose/Desktop/2023학년도 1학기 수업/CB3500572-063 C++프로그래밍과실습(Prof.김태연)/실습 015 - new:delete/main.cpp,,9,9,Changes
2023-03-07T22:21:59.777+09:00,nozerose,KeyEvent,65535:39:0,_015___new_delete,Editor,/Users/nozerose/Desktop/2023학년도 1학기 수업/CB3500572-063 C++프로그래밍과실습(Prof.김태연)/실습 015 - new:delete/main.cpp,,9,10,Changes
2023-03-07T22:22:02.558+09:00,nozerose,KeyEvent,32:32:0,_015___new_delete,Editor,/Users/nozerose/Desktop/2023학년도 1학기 수업/CB3500572-063 C++프로그래밍과실습(Prof.김태연)/실습 015 - new:delete/main.cpp,,9,10,Changes
2023-03-07T22:22:03.399+09:00,nozerose,KeyEvent,65535:16:1,_015___new_delete,Editor,/Users/nozerose/Desktop/2023학년도 1학기 수업/CB3500572-063 C++프로그래밍과실습(Prof.김태연)/실습 015 - new:delete/main.cpp,,9,11,Changes
2023-03-07T22:22:03.563+09:00,nozerose,KeyEvent,60:153:1,_015___new_delete,Editor,/Users/nozerose/Desktop/2023학년도 1학기 수업/CB3500572-063 C++프로그래밍과실습(Prof.김태연)/실습 015 - new:delete/main.cpp,,9,11,Changes
2023-03-07T22:22:03.694+09:00,nozerose,KeyEvent,60:153:1,_015___new_delete,Editor,/Users/nozerose/Desktop/2023학년도 1학기 수업/CB3500572-063 C++프로그래밍과실습(Prof.김태연)/실습 015 - new:delete/main.cpp,,9,12,Changes
2023-03-07T22:22:05.640+09:00,nozerose,Action,EditorBackSpace,_015___new_delete,Editor,/Users/nozerose/Desktop/2023학년도 1학기 수업/CB3500572-063 C++프로그래밍과실습(Prof.김태연)/실습 015 - new:delete/main.cpp,,9,13,Changes
2023-03-07T22:22:05.645+09:00,nozerose,KeyEvent,8:8:0,_015___new_delete,Editor,/Users/nozerose/Desktop/2023학년도 1학기 수업/CB3500572-063 C++프로그래밍과실습(Prof.김태연)/실습 015 - new:delete/main.cpp,,9,12,Changes
2023-03-07T22:22:05.826+09:00,nozerose,Action,EditorBackSpace,_015___new_delete,Editor,/Users/nozerose/Desktop/2023학년도 1학기 수업/CB3500572-063 C++프로그래밍과실습(Prof.김태연)/실습 015 - new:delete/main.cpp,,9,12,Changes
2023-03-07T22:22:05.836+09:00,nozerose,KeyEvent,8:8:0,_015___new_delete,Editor,/Users/nozerose/Desktop/2023학년도 1학기 수업/CB3500572-063 C++프로그래밍과실습(Prof.김태연)/실습 015 - new:delete/main.cpp,,9,11,Changes
2023-03-07T22:22:07.007+09:00,nozerose,Action,EditorBackSpace,_015___new_delete,Editor,/Users/nozerose/Desktop/2023학년도 1학기 수업/CB3500572-063 C++프로그래밍과실습(Prof.김태연)/실습 015 - new:delete/main.cpp,,9,11,Changes
2023-03-07T22:22:07.012+09:00,nozerose,KeyEvent,8:8:0,_015___new_delete,Editor,/Users/nozerose/Desktop/2023학년도 1학기 수업/CB3500572-063 C++프로그래밍과실습(Prof.김태연)/실습 015 - new:delete/main.cpp,,9,10,Changes
2023-03-07T22:22:07.777+09:00,nozerose,Action,EditorLeft,_015___new_delete,Editor,/Users/nozerose/Desktop/2023학년도 1학기 수업/CB3500572-063 C++프로그래밍과실습(Prof.김태연)/실습 015 - new:delete/main.cpp,,9,10,Changes
2023-03-07T22:22:07.779+09:00,nozerose,KeyEvent,65535:37:0,_015___new_delete,Editor,/Users/nozerose/Desktop/2023학년도 1학기 수업/CB3500572-063 C++프로그래밍과실습(Prof.김태연)/실습 015 - new:delete/main.cpp,,9,9,Changes
2023-03-07T22:22:07.962+09:00,nozerose,Action,EditorLeft,_015___new_delete,Editor,/Users/nozerose/Desktop/2023학년도 1학기 수업/CB3500572-063 C++프로그래밍과실습(Prof.김태연)/실습 015 - new:delete/main.cpp,,9,9,Changes
2023-03-07T22:22:07.964+09:00,nozerose,KeyEvent,65535:37:0,_015___new_delete,Editor,/Users/nozerose/Desktop/2023학년도 1학기 수업/CB3500572-063 C++프로그래밍과실습(Prof.김태연)/실습 015 - new:delete/main.cpp,,9,8,Changes
2023-03-07T22:22:08.142+09:00,nozerose,Action,EditorLeft,_015___new_delete,Editor,/Users/nozerose/Desktop/2023학년도 1학기 수업/CB3500572-063 C++프로그래밍과실습(Prof.김태연)/실습 015 - new:delete/main.cpp,,9,8,Changes
2023-03-07T22:22:08.145+09:00,nozerose,KeyEvent,65535:37:0,_015___new_delete,Editor,/Users/nozerose/Desktop/2023학년도 1학기 수업/CB3500572-063 C++프로그래밍과실습(Prof.김태연)/실습 015 - new:delete/main.cpp,,9,7,Changes
2023-03-07T22:22:08.314+09:00,nozerose,Action,EditorLeft,_015___new_delete,Editor,/Users/nozerose/Desktop/2023학년도 1학기 수업/CB3500572-063 C++프로그래밍과실습(Prof.김태연)/실습 015 - new:delete/main.cpp,,9,7,Changes
2023-03-07T22:22:08.316+09:00,nozerose,KeyEvent,65535:37:0,_015___new_delete,Editor,/Users/nozerose/Desktop/2023학년도 1학기 수업/CB3500572-063 C++프로그래밍과실습(Prof.김태연)/실습 015 - new:delete/main.cpp,,9,6,Changes
2023-03-07T22:22:08.498+09:00,nozerose,Action,EditorLeft,_015___new_delete,Editor,/Users/nozerose/Desktop/2023학년도 1학기 수업/CB3500572-063 C++프로그래밍과실습(Prof.김태연)/실습 015 - new:delete/main.cpp,,9,6,Changes
2023-03-07T22:22:08.501+09:00,nozerose,KeyEvent,65535:37:0,_015___new_delete,Editor,/Users/nozerose/Desktop/2023학년도 1학기 수업/CB3500572-063 C++프로그래밍과실습(Prof.김태연)/실습 015 - new:delete/main.cpp,,9,5,Changes
2023-03-07T22:22:08.754+09:00,nozerose,Action,EditorLeft,_015___new_delete,Editor,/Users/nozerose/Desktop/2023학년도 1학기 수업/CB3500572-063 C++프로그래밍과실습(Prof.김태연)/실습 015 - new:delete/main.cpp,,9,5,Changes
2023-03-07T22:22:08.756+09:00,nozerose,KeyEvent,65535:37:0,_015___new_delete,Editor,/Users/nozerose/Desktop/2023학년도 1학기 수업/CB3500572-063 C++프로그래밍과실습(Prof.김태연)/실습 015 - new:delete/main.cpp,,9,4,Changes
2023-03-07T22:22:09.334+09:00,nozerose,KeyEvent,99:67:0,_015___new_delete,Editor,/Users/nozerose/Desktop/2023학년도 1학기 수업/CB3500572-063 C++프로그래밍과실습(Prof.김태연)/실습 015 - new:delete/main.cpp,,9,4,Changes
2023-03-07T22:22:09.574+09:00,nozerose,KeyEvent,105:73:0,_015___new_delete,Editor,/Users/nozerose/Desktop/2023학년도 1학기 수업/CB3500572-063 C++프로그래밍과실습(Prof.김태연)/실습 015 - new:delete/main.cpp,,9,5,Changes
2023-03-07T22:22:10.306+09:00,nozerose,KeyEvent,110:78:0,_015___new_delete,Editor,/Users/nozerose/Desktop/2023학년도 1학기 수업/CB3500572-063 C++프로그래밍과실습(Prof.김태연)/실습 015 - new:delete/main.cpp,,9,6,Changes
2023-03-07T22:22:10.535+09:00,nozerose,KeyEvent,32:32:0,_015___new_delete,Editor,/Users/nozerose/Desktop/2023학년도 1학기 수업/CB3500572-063 C++프로그래밍과실습(Prof.김태연)/실습 015 - new:delete/main.cpp,,9,7,Changes
2023-03-07T22:22:10.681+09:00,nozerose,KeyEvent,65535:16:1,_015___new_delete,Editor,/Users/nozerose/Desktop/2023학년도 1학기 수업/CB3500572-063 C++프로그래밍과실습(Prof.김태연)/실습 015 - new:delete/main.cpp,,9,8,Changes
2023-03-07T22:22:10.764+09:00,nozerose,KeyEvent,62:46:1,_015___new_delete,Editor,/Users/nozerose/Desktop/2023학년도 1학기 수업/CB3500572-063 C++프로그래밍과실습(Prof.김태연)/실습 015 - new:delete/main.cpp,,9,8,Changes
2023-03-07T22:22:10.906+09:00,nozerose,KeyEvent,62:46:1,_015___new_delete,Editor,/Users/nozerose/Desktop/2023학년도 1학기 수업/CB3500572-063 C++프로그래밍과실습(Prof.김태연)/실습 015 - new:delete/main.cpp,,9,9,Changes
2023-03-07T22:22:11.072+09:00,nozerose,KeyEvent,32:32:1,_015___new_delete,Editor,/Users/nozerose/Desktop/2023학년도 1학기 수업/CB3500572-063 C++프로그래밍과실습(Prof.김태연)/실습 015 - new:delete/main.cpp,,9,10,Changes
2023-03-07T22:22:12.087+09:00,nozerose,Action,EditorRight,_015___new_delete,Editor,/Users/nozerose/Desktop/2023학년도 1학기 수업/CB3500572-063 C++프로그래밍과실습(Prof.김태연)/실습 015 - new:delete/main.cpp,,9,11,Changes
2023-03-07T22:22:12.088+09:00,nozerose,KeyEvent,65535:39:0,_015___new_delete,Editor,/Users/nozerose/Desktop/2023학년도 1학기 수업/CB3500572-063 C++프로그래밍과실습(Prof.김태연)/실습 015 - new:delete/main.cpp,,9,12,Changes
2023-03-07T22:22:12.255+09:00,nozerose,Action,EditorRight,_015___new_delete,Editor,/Users/nozerose/Desktop/2023학년도 1학기 수업/CB3500572-063 C++프로그래밍과실습(Prof.김태연)/실습 015 - new:delete/main.cpp,,9,12,Changes
2023-03-07T22:22:12.258+09:00,nozerose,KeyEvent,65535:39:0,_015___new_delete,Editor,/Users/nozerose/Desktop/2023학년도 1학기 수업/CB3500572-063 C++프로그래밍과실습(Prof.김태연)/실습 015 - new:delete/main.cpp,,9,13,Changes
2023-03-07T22:22:12.438+09:00,nozerose,Action,EditorRight,_015___new_delete,Editor,/Users/nozerose/Desktop/2023학년도 1학기 수업/CB3500572-063 C++프로그래밍과실습(Prof.김태연)/실습 015 - new:delete/main.cpp,,9,13,Changes
2023-03-07T22:22:12.441+09:00,nozerose,KeyEvent,65535:39:0,_015___new_delete,Editor,/Users/nozerose/Desktop/2023학년도 1학기 수업/CB3500572-063 C++프로그래밍과실습(Prof.김태연)/실습 015 - new:delete/main.cpp,,9,14,Changes
2023-03-07T22:22:12.589+09:00,nozerose,Action,EditorRight,_015___new_delete,Editor,/Users/nozerose/Desktop/2023학년도 1학기 수업/CB3500572-063 C++프로그래밍과실습(Prof.김태연)/실습 015 - new:delete/main.cpp,,9,14,Changes
2023-03-07T22:22:12.591+09:00,nozerose,KeyEvent,65535:39:0,_015___new_delete,Editor,/Users/nozerose/Desktop/2023학년도 1학기 수업/CB3500572-063 C++프로그래밍과실습(Prof.김태연)/실습 015 - new:delete/main.cpp,,9,15,Changes
2023-03-07T22:22:12.765+09:00,nozerose,Action,EditorRight,_015___new_delete,Editor,/Users/nozerose/Desktop/2023학년도 1학기 수업/CB3500572-063 C++프로그래밍과실습(Prof.김태연)/실습 015 - new:delete/main.cpp,,9,15,Changes
2023-03-07T22:22:12.767+09:00,nozerose,KeyEvent,65535:39:0,_015___new_delete,Editor,/Users/nozerose/Desktop/2023학년도 1학기 수업/CB3500572-063 C++프로그래밍과실습(Prof.김태연)/실습 015 - new:delete/main.cpp,,9,16,Changes
2023-03-07T22:22:13.802+09:00,nozerose,Action,EditorRight,_015___new_delete,Editor,/Users/nozerose/Desktop/2023학년도 1학기 수업/CB3500572-063 C++프로그래밍과실습(Prof.김태연)/실습 015 - new:delete/main.cpp,,9,16,Changes
2023-03-07T22:22:13.803+09:00,nozerose,KeyEvent,65535:39:0,_015___new_delete,Editor,/Users/nozerose/Desktop/2023학년도 1학기 수업/CB3500572-063 C++프로그래밍과실습(Prof.김태연)/실습 015 - new:delete/main.cpp,,9,17,Changes
2023-03-07T22:22:14.458+09:00,nozerose,KeyEvent,59:59:0,_015___new_delete,Editor,/Users/nozerose/Desktop/2023학년도 1학기 수업/CB3500572-063 C++프로그래밍과실습(Prof.김태연)/실습 015 - new:delete/main.cpp,,9,17,Changes
2023-03-07T22:22:14.997+09:00,nozerose,Action,EditorEnter,_015___new_delete,Editor,/Users/nozerose/Desktop/2023학년도 1학기 수업/CB3500572-063 C++프로그래밍과실습(Prof.김태연)/실습 015 - new:delete/main.cpp,,9,18,Changes
2023-03-07T22:22:14.999+09:00,nozerose,KeyEvent,10:10:0,_015___new_delete,Editor,/Users/nozerose/Desktop/2023학년도 1학기 수업/CB3500572-063 C++프로그래밍과실습(Prof.김태연)/실습 015 - new:delete/main.cpp,,10,2,Changes
2023-03-07T22:22:16.299+09:00,nozerose,Action,EditorEnter,_015___new_delete,Editor,/Users/nozerose/Desktop/2023학년도 1학기 수업/CB3500572-063 C++프로그래밍과실습(Prof.김태연)/실습 015 - new:delete/main.cpp,,10,2,Changes
2023-03-07T22:22:16.305+09:00,nozerose,KeyEvent,10:10:0,_015___new_delete,Editor,/Users/nozerose/Desktop/2023학년도 1학기 수업/CB3500572-063 C++프로그래밍과실습(Prof.김태연)/실습 015 - new:delete/main.cpp,,11,2,Changes
2023-03-07T22:22:18.725+09:00,nozerose,KeyEvent,99:67:0,_015___new_delete,Editor,/Users/nozerose/Desktop/2023학년도 1학기 수업/CB3500572-063 C++프로그래밍과실습(Prof.김태연)/실습 015 - new:delete/main.cpp,,11,2,Changes
2023-03-07T22:22:18.993+09:00,nozerose,KeyEvent,111:79:0,_015___new_delete,Editor,/Users/nozerose/Desktop/2023학년도 1학기 수업/CB3500572-063 C++프로그래밍과실습(Prof.김태연)/실습 015 - new:delete/main.cpp,,11,3,Changes
2023-03-07T22:22:19.278+09:00,nozerose,KeyEvent,117:85:0,_015___new_delete,Editor,/Users/nozerose/Desktop/2023학년도 1학기 수업/CB3500572-063 C++프로그래밍과실습(Prof.김태연)/실습 015 - new:delete/main.cpp,,11,4,Changes
2023-03-07T22:22:19.574+09:00,nozerose,KeyEvent,116:84:0,_015___new_delete,Editor,/Users/nozerose/Desktop/2023학년도 1학기 수업/CB3500572-063 C++프로그래밍과실습(Prof.김태연)/실습 015 - new:delete/main.cpp,,11,5,Changes
2023-03-07T22:22:19.884+09:00,nozerose,KeyEvent,32:32:0,_015___new_delete,Editor,/Users/nozerose/Desktop/2023학년도 1학기 수업/CB3500572-063 C++프로그래밍과실습(Prof.김태연)/실습 015 - new:delete/main.cpp,,11,6,Changes
2023-03-07T22:22:20.149+09:00,nozerose,KeyEvent,65535:16:1,_015___new_delete,Editor,/Users/nozerose/Desktop/2023학년도 1학기 수업/CB3500572-063 C++프로그래밍과실습(Prof.김태연)/실습 015 - new:delete/main.cpp,,11,7,Changes
2023-03-07T22:22:20.494+09:00,nozerose,KeyEvent,60:153:1,_015___new_delete,Editor,/Users/nozerose/Desktop/2023학년도 1학기 수업/CB3500572-063 C++프로그래밍과실습(Prof.김태연)/실습 015 - new:delete/main.cpp,,11,7,Changes
2023-03-07T22:22:20.694+09:00,nozerose,KeyEvent,60:153:1,_015___new_delete,Editor,/Users/nozerose/Desktop/2023학년도 1학기 수업/CB3500572-063 C++프로그래밍과실습(Prof.김태연)/실습 015 - new:delete/main.cpp,,11,8,Changes
2023-03-07T22:22:20.947+09:00,nozerose,KeyEvent,32:32:0,_015___new_delete,Editor,/Users/nozerose/Desktop/2023학년도 1학기 수업/CB3500572-063 C++프로그래밍과실습(Prof.김태연)/실습 015 - new:delete/main.cpp,,11,9,Changes
2023-03-07T22:22:21.196+09:00,nozerose,KeyEvent,97:65:0,_015___new_delete,Editor,/Users/nozerose/Desktop/2023학년도 1학기 수업/CB3500572-063 C++프로그래밍과실습(Prof.김태연)/실습 015 - new:delete/main.cpp,,11,10,Changes
2023-03-07T22:22:21.639+09:00,nozerose,KeyEvent,114:82:0,_015___new_delete,Editor,/Users/nozerose/Desktop/2023학년도 1학기 수업/CB3500572-063 C++프로그래밍과실습(Prof.김태연)/실습 015 - new:delete/main.cpp,,11,11,Changes
2023-03-07T22:22:21.778+09:00,nozerose,KeyEvent,114:82:0,_015___new_delete,Editor,/Users/nozerose/Desktop/2023학년도 1학기 수업/CB3500572-063 C++프로그래밍과실습(Prof.김태연)/실습 015 - new:delete/main.cpp,,11,12,Changes
2023-03-07T22:22:22.132+09:00,nozerose,KeyEvent,91:91:0,_015___new_delete,Editor,/Users/nozerose/Desktop/2023학년도 1학기 수업/CB3500572-063 C++프로그래밍과실습(Prof.김태연)/실습 015 - new:delete/main.cpp,,11,13,Changes
2023-03-07T22:22:22.705+09:00,nozerose,KeyEvent,49:49:0,_015___new_delete,Editor,/Users/nozerose/Desktop/2023학년도 1학기 수업/CB3500572-063 C++프로그래밍과실습(Prof.김태연)/실습 015 - new:delete/main.cpp,,11,14,Changes
2023-03-07T22:22:23.276+09:00,nozerose,Action,EditorRight,_015___new_delete,Editor,/Users/nozerose/Desktop/2023학년도 1학기 수업/CB3500572-063 C++프로그래밍과실습(Prof.김태연)/실습 015 - new:delete/main.cpp,,11,15,Changes
2023-03-07T22:22:23.282+09:00,nozerose,KeyEvent,65535:39:0,_015___new_delete,Editor,/Users/nozerose/Desktop/2023학년도 1학기 수업/CB3500572-063 C++프로그래밍과실습(Prof.김태연)/실습 015 - new:delete/main.cpp,,11,16,Changes
2023-03-07T22:22:23.654+09:00,nozerose,KeyEvent,59:59:0,_015___new_delete,Editor,/Users/nozerose/Desktop/2023학년도 1학기 수업/CB3500572-063 C++프로그래밍과실습(Prof.김태연)/실습 015 - new:delete/main.cpp,,11,16,Changes
2023-03-07T22:22:23.875+09:00,nozerose,Action,EditorEnter,_015___new_delete,Editor,/Users/nozerose/Desktop/2023학년도 1학기 수업/CB3500572-063 C++프로그래밍과실습(Prof.김태연)/실습 015 - new:delete/main.cpp,,11,17,Changes
2023-03-07T22:22:23.883+09:00,nozerose,KeyEvent,10:10:0,_015___new_delete,Editor,/Users/nozerose/Desktop/2023학년도 1학기 수업/CB3500572-063 C++프로그래밍과실습(Prof.김태연)/실습 015 - new:delete/main.cpp,,12,2,Changes
2023-03-07T22:22:25.271+09:00,nozerose,KeyEvent,100:68:0,_015___new_delete,Editor,/Users/nozerose/Desktop/2023학년도 1학기 수업/CB3500572-063 C++프로그래밍과실습(Prof.김태연)/실습 015 - new:delete/main.cpp,,12,2,Changes
2023-03-07T22:22:25.489+09:00,nozerose,KeyEvent,101:69:0,_015___new_delete,Editor,/Users/nozerose/Desktop/2023학년도 1학기 수업/CB3500572-063 C++프로그래밍과실습(Prof.김태연)/실습 015 - new:delete/main.cpp,,12,3,Changes
2023-03-07T22:22:25.710+09:00,nozerose,KeyEvent,108:76:0,_015___new_delete,Editor,/Users/nozerose/Desktop/2023학년도 1학기 수업/CB3500572-063 C++프로그래밍과실습(Prof.김태연)/실습 015 - new:delete/main.cpp,,12,4,Changes
2023-03-07T22:22:25.877+09:00,nozerose,KeyEvent,101:69:0,_015___new_delete,Editor,/Users/nozerose/Desktop/2023학년도 1학기 수업/CB3500572-063 C++프로그래밍과실습(Prof.김태연)/실습 015 - new:delete/main.cpp,,12,5,Changes
2023-03-07T22:22:26.170+09:00,nozerose,KeyEvent,116:84:0,_015___new_delete,Editor,/Users/nozerose/Desktop/2023학년도 1학기 수업/CB3500572-063 C++프로그래밍과실습(Prof.김태연)/실습 015 - new:delete/main.cpp,,12,6,Changes
2023-03-07T22:22:26.458+09:00,nozerose,KeyEvent,101:69:0,_015___new_delete,Editor,/Users/nozerose/Desktop/2023학년도 1학기 수업/CB3500572-063 C++프로그래밍과실습(Prof.김태연)/실습 015 - new:delete/main.cpp,,12,7,Changes
2023-03-07T22:22:26.629+09:00,nozerose,KeyEvent,32:32:0,_015___new_delete,Editor,/Users/nozerose/Desktop/2023학년도 1학기 수업/CB3500572-063 C++프로그래밍과실습(Prof.김태연)/실습 015 - new:delete/main.cpp,,12,8,Changes
2023-03-07T22:22:26.921+09:00,nozerose,KeyEvent,91:91:0,_015___new_delete,Editor,/Users/nozerose/Desktop/2023학년도 1학기 수업/CB3500572-063 C++프로그래밍과실습(Prof.김태연)/실습 015 - new:delete/main.cpp,,12,9,Changes
2023-03-07T22:22:27.040+09:00,nozerose,KeyEvent,93:93:0,_015___new_delete,Editor,/Users/nozerose/Desktop/2023학년도 1학기 수업/CB3500572-063 C++프로그래밍과실습(Prof.김태연)/실습 015 - new:delete/main.cpp,,12,10,Changes
2023-03-07T22:22:27.908+09:00,nozerose,KeyEvent,32:32:0,_015___new_delete,Editor,/Users/nozerose/Desktop/2023학년도 1학기 수업/CB3500572-063 C++프로그래밍과실습(Prof.김태연)/실습 015 - new:delete/main.cpp,,12,11,Changes
2023-03-07T22:22:28.152+09:00,nozerose,KeyEvent,97:65:0,_015___new_delete,Editor,/Users/nozerose/Desktop/2023학년도 1학기 수업/CB3500572-063 C++프로그래밍과실습(Prof.김태연)/실습 015 - new:delete/main.cpp,,12,12,Changes
2023-03-07T22:22:28.377+09:00,nozerose,KeyEvent,114:82:0,_015___new_delete,Editor,/Users/nozerose/Desktop/2023학년도 1학기 수업/CB3500572-063 C++프로그래밍과실습(Prof.김태연)/실습 015 - new:delete/main.cpp,,12,13,Changes
2023-03-07T22:22:28.516+09:00,nozerose,KeyEvent,114:82:0,_015___new_delete,Editor,/Users/nozerose/Desktop/2023학년도 1학기 수업/CB3500572-063 C++프로그래밍과실습(Prof.김태연)/실습 015 - new:delete/main.cpp,,12,14,Changes
2023-03-07T22:22:28.608+09:00,nozerose,KeyEvent,59:59:0,_015___new_delete,Editor,/Users/nozerose/Desktop/2023학년도 1학기 수업/CB3500572-063 C++프로그래밍과실습(Prof.김태연)/실습 015 - new:delete/main.cpp,,12,15,Changes
2023-03-07T22:22:31.234+09:00,nozerose,Action,Run,_015___new_delete,Editor,/Users/nozerose/Desktop/2023학년도 1학기 수업/CB3500572-063 C++프로그래밍과실습(Prof.김태연)/실습 015 - new:delete/main.cpp,,12,16,Changes
2023-03-07T22:22:31.900+09:00,nozerose,Execution,"Run:'CMake Application: _015___new_delete':""/Users/nozerose/Desktop/2023학년도 1학기 수업/CB3500572-063 C++프로그래밍과실습(Prof.김태연)/실습 015 - new:delete/cmake-build-debug/_015___new_delete""",_015___new_delete,Editor,/Users/nozerose/Desktop/2023학년도 1학기 수업/CB3500572-063 C++프로그래밍과실습(Prof.김태연)/실습 015 - new:delete/main.cpp,,12,16,Changes
2023-03-07T22:22:39.184+09:00,nozerose,KeyEvent,53:53:0,_015___new_delete,Editor,/Users/nozerose/Desktop/2023학년도 1학기 수업/CB3500572-063 C++프로그래밍과실습(Prof.김태연)/실습 015 - new:delete/main.cpp,,12,16,Changes
2023-03-07T22:22:39.588+09:00,nozerose,KeyEvent,10:10:0,_015___new_delete,Editor,/Users/nozerose/Desktop/2023학년도 1학기 수업/CB3500572-063 C++프로그래밍과실습(Prof.김태연)/실습 015 - new:delete/main.cpp,,12,16,Changes
2023-03-07T22:22:40.788+09:00,nozerose,KeyEvent,49:49:0,_015___new_delete,Editor,/Users/nozerose/Desktop/2023학년도 1학기 수업/CB3500572-063 C++프로그래밍과실습(Prof.김태연)/실습 015 - new:delete/main.cpp,,12,16,Changes
2023-03-07T22:22:41.128+09:00,nozerose,KeyEvent,32:32:0,_015___new_delete,Editor,/Users/nozerose/Desktop/2023학년도 1학기 수업/CB3500572-063 C++프로그래밍과실습(Prof.김태연)/실습 015 - new:delete/main.cpp,,12,16,Changes
2023-03-07T22:22:41.485+09:00,nozerose,KeyEvent,52:52:0,_015___new_delete,Editor,/Users/nozerose/Desktop/2023학년도 1학기 수업/CB3500572-063 C++프로그래밍과실습(Prof.김태연)/실습 015 - new:delete/main.cpp,,12,16,Changes
2023-03-07T22:22:41.706+09:00,nozerose,KeyEvent,32:32:0,_015___new_delete,Editor,/Users/nozerose/Desktop/2023학년도 1학기 수업/CB3500572-063 C++프로그래밍과실습(Prof.김태연)/실습 015 - new:delete/main.cpp,,12,16,Changes
2023-03-07T22:22:41.954+09:00,nozerose,KeyEvent,50:50:0,_015___new_delete,Editor,/Users/nozerose/Desktop/2023학년도 1학기 수업/CB3500572-063 C++프로그래밍과실습(Prof.김태연)/실습 015 - new:delete/main.cpp,,12,16,Changes
2023-03-07T22:22:42.248+09:00,nozerose,KeyEvent,32:32:0,_015___new_delete,Editor,/Users/nozerose/Desktop/2023학년도 1학기 수업/CB3500572-063 C++프로그래밍과실습(Prof.김태연)/실습 015 - new:delete/main.cpp,,12,16,Changes
2023-03-07T22:22:42.447+09:00,nozerose,KeyEvent,51:51:0,_015___new_delete,Editor,/Users/nozerose/Desktop/2023학년도 1학기 수업/CB3500572-063 C++프로그래밍과실습(Prof.김태연)/실습 015 - new:delete/main.cpp,,12,16,Changes
2023-03-07T22:22:42.659+09:00,nozerose,KeyEvent,32:32:0,_015___new_delete,Editor,/Users/nozerose/Desktop/2023학년도 1학기 수업/CB3500572-063 C++프로그래밍과실습(Prof.김태연)/실습 015 - new:delete/main.cpp,,12,16,Changes
2023-03-07T22:22:42.922+09:00,nozerose,KeyEvent,49:49:0,_015___new_delete,Editor,/Users/nozerose/Desktop/2023학년도 1학기 수업/CB3500572-063 C++프로그래밍과실습(Prof.김태연)/실습 015 - new:delete/main.cpp,,12,16,Changes
2023-03-07T22:22:43.181+09:00,nozerose,KeyEvent,10:10:0,_015___new_delete,Editor,/Users/nozerose/Desktop/2023학년도 1학기 수업/CB3500572-063 C++프로그래밍과실습(Prof.김태연)/실습 015 - new:delete/main.cpp,,12,16,Changes
2023-03-07T22:22:56.898+09:00,nozerose,Action,EditorBackSpace,_015___new_delete,Editor,/Users/nozerose/Desktop/2023학년도 1학기 수업/CB3500572-063 C++프로그래밍과실습(Prof.김태연)/실습 015 - new:delete/main.cpp,,11,15,Changes
2023-03-07T22:22:56.903+09:00,nozerose,KeyEvent,8:8:0,_015___new_delete,Editor,/Users/nozerose/Desktop/2023학년도 1학기 수업/CB3500572-063 C++프로그래밍과실습(Prof.김태연)/실습 015 - new:delete/main.cpp,,11,14,Changes
2023-03-07T22:23:14.797+09:00,nozerose,Action,EditorEnter,_015___new_delete,Editor,/Users/nozerose/Desktop/2023학년도 1학기 수업/CB3500572-063 C++프로그래밍과실습(Prof.김태연)/실습 015 - new:delete/main.cpp,,9,18,Changes
2023-03-07T22:23:14.803+09:00,nozerose,KeyEvent,10:10:0,_015___new_delete,Editor,/Users/nozerose/Desktop/2023학년도 1학기 수업/CB3500572-063 C++프로그래밍과실습(Prof.김태연)/실습 015 - new:delete/main.cpp,,10,2,Changes
2023-03-07T22:23:15.860+09:00,nozerose,Action,EditorEnter,_015___new_delete,Editor,/Users/nozerose/Desktop/2023학년도 1학기 수업/CB3500572-063 C++프로그래밍과실습(Prof.김태연)/실습 015 - new:delete/main.cpp,,10,2,Changes
2023-03-07T22:23:15.862+09:00,nozerose,KeyEvent,10:10:0,_015___new_delete,Editor,/Users/nozerose/Desktop/2023학년도 1학기 수업/CB3500572-063 C++프로그래밍과실습(Prof.김태연)/실습 015 - new:delete/main.cpp,,11,2,Changes
2023-03-07T22:23:16.190+09:00,nozerose,KeyEvent,105:73:0,_015___new_delete,Editor,/Users/nozerose/Desktop/2023학년도 1학기 수업/CB3500572-063 C++프로그래밍과실습(Prof.김태연)/실습 015 - new:delete/main.cpp,,11,2,Changes
2023-03-07T22:23:16.388+09:00,nozerose,KeyEvent,110:78:0,_015___new_delete,Editor,/Users/nozerose/Desktop/2023학년도 1학기 수업/CB3500572-063 C++프로그래밍과실습(Prof.김태연)/실습 015 - new:delete/main.cpp,,11,3,Changes
2023-03-07T22:23:16.557+09:00,nozerose,KeyEvent,116:84:0,_015___new_delete,Editor,/Users/nozerose/Desktop/2023학년도 1학기 수업/CB3500572-063 C++프로그래밍과실습(Prof.김태연)/실습 015 - new:delete/main.cpp,,11,4,Changes
2023-03-07T22:23:16.761+09:00,nozerose,KeyEvent,32:32:0,_015___new_delete,Editor,/Users/nozerose/Desktop/2023학년도 1학기 수업/CB3500572-063 C++프로그래밍과실습(Prof.김태연)/실습 015 - new:delete/main.cpp,,11,5,Changes
2023-03-07T22:23:17.056+09:00,nozerose,KeyEvent,116:84:0,_015___new_delete,Editor,/Users/nozerose/Desktop/2023학년도 1학기 수업/CB3500572-063 C++프로그래밍과실습(Prof.김태연)/실습 015 - new:delete/main.cpp,,11,6,Changes
2023-03-07T22:23:17.197+09:00,nozerose,KeyEvent,101:69:0,_015___new_delete,Editor,/Users/nozerose/Desktop/2023학년도 1학기 수업/CB3500572-063 C++프로그래밍과실습(Prof.김태연)/실습 015 - new:delete/main.cpp,,11,7,Changes
2023-03-07T22:23:17.269+09:00,nozerose,KeyEvent,109:77:0,_015___new_delete,Editor,/Users/nozerose/Desktop/2023학년도 1학기 수업/CB3500572-063 C++프로그래밍과실습(Prof.김태연)/실습 015 - new:delete/main.cpp,,11,8,Changes
2023-03-07T22:23:17.499+09:00,nozerose,KeyEvent,112:80:0,_015___new_delete,Editor,/Users/nozerose/Desktop/2023학년도 1학기 수업/CB3500572-063 C++프로그래밍과실습(Prof.김태연)/실습 015 - new:delete/main.cpp,,11,9,Changes
2023-03-07T22:23:18.006+09:00,nozerose,KeyEvent,59:59:0,_015___new_delete,Editor,/Users/nozerose/Desktop/2023학년도 1학기 수업/CB3500572-063 C++프로그래밍과실습(Prof.김태연)/실습 015 - new:delete/main.cpp,,11,10,Changes
2023-03-07T22:23:18.250+09:00,nozerose,Action,EditorEnter,_015___new_delete,Editor,/Users/nozerose/Desktop/2023학년도 1학기 수업/CB3500572-063 C++프로그래밍과실습(Prof.김태연)/실습 015 - new:delete/main.cpp,,11,11,Changes
2023-03-07T22:23:18.256+09:00,nozerose,KeyEvent,10:10:0,_015___new_delete,Editor,/Users/nozerose/Desktop/2023학년도 1학기 수업/CB3500572-063 C++프로그래밍과실습(Prof.김태연)/실습 015 - new:delete/main.cpp,,12,2,Changes
2023-03-07T22:23:18.642+09:00,nozerose,KeyEvent,99:67:0,_015___new_delete,Editor,/Users/nozerose/Desktop/2023학년도 1학기 수업/CB3500572-063 C++프로그래밍과실습(Prof.김태연)/실습 015 - new:delete/main.cpp,,12,2,Changes
2023-03-07T22:23:19.019+09:00,nozerose,KeyEvent,105:73:0,_015___new_delete,Editor,/Users/nozerose/Desktop/2023학년도 1학기 수업/CB3500572-063 C++프로그래밍과실습(Prof.김태연)/실습 015 - new:delete/main.cpp,,12,3,Changes
2023-03-07T22:23:19.166+09:00,nozerose,KeyEvent,110:78:0,_015___new_delete,Editor,/Users/nozerose/Desktop/2023학년도 1학기 수업/CB3500572-063 C++프로그래밍과실습(Prof.김태연)/실습 015 - new:delete/main.cpp,,12,4,Changes
2023-03-07T22:23:19.418+09:00,nozerose,KeyEvent,32:32:0,_015___new_delete,Editor,/Users/nozerose/Desktop/2023학년도 1학기 수업/CB3500572-063 C++프로그래밍과실습(Prof.김태연)/실습 015 - new:delete/main.cpp,,12,5,Changes
2023-03-07T22:23:19.598+09:00,nozerose,KeyEvent,65535:16:1,_015___new_delete,Editor,/Users/nozerose/Desktop/2023학년도 1학기 수업/CB3500572-063 C++프로그래밍과실습(Prof.김태연)/실습 015 - new:delete/main.cpp,,12,6,Changes
2023-03-07T22:23:19.792+09:00,nozerose,KeyEvent,62:46:1,_015___new_delete,Editor,/Users/nozerose/Desktop/2023학년도 1학기 수업/CB3500572-063 C++프로그래밍과실습(Prof.김태연)/실습 015 - new:delete/main.cpp,,12,6,Changes
2023-03-07T22:23:19.943+09:00,nozerose,KeyEvent,62:46:1,_015___new_delete,Editor,/Users/nozerose/Desktop/2023학년도 1학기 수업/CB3500572-063 C++프로그래밍과실습(Prof.김태연)/실습 015 - new:delete/main.cpp,,12,7,Changes
2023-03-07T22:23:20.184+09:00,nozerose,KeyEvent,32:32:0,_015___new_delete,Editor,/Users/nozerose/Desktop/2023학년도 1학기 수업/CB3500572-063 C++프로그래밍과실습(Prof.김태연)/실습 015 - new:delete/main.cpp,,12,8,Changes
2023-03-07T22:23:20.416+09:00,nozerose,KeyEvent,116:84:0,_015___new_delete,Editor,/Users/nozerose/Desktop/2023학년도 1학기 수업/CB3500572-063 C++프로그래밍과실습(Prof.김태연)/실습 015 - new:delete/main.cpp,,12,9,Changes
2023-03-07T22:23:20.619+09:00,nozerose,KeyEvent,101:69:0,_015___new_delete,Editor,/Users/nozerose/Desktop/2023학년도 1학기 수업/CB3500572-063 C++프로그래밍과실습(Prof.김태연)/실습 015 - new:delete/main.cpp,,12,10,Changes
2023-03-07T22:23:20.687+09:00,nozerose,KeyEvent,109:77:0,_015___new_delete,Editor,/Users/nozerose/Desktop/2023학년도 1학기 수업/CB3500572-063 C++프로그래밍과실습(Prof.김태연)/실습 015 - new:delete/main.cpp,,12,11,Changes
2023-03-07T22:23:20.922+09:00,nozerose,KeyEvent,112:80:0,_015___new_delete,Editor,/Users/nozerose/Desktop/2023학년도 1학기 수업/CB3500572-063 C++프로그래밍과실습(Prof.김태연)/실습 015 - new:delete/main.cpp,,12,12,Changes
2023-03-07T22:23:21.537+09:00,nozerose,KeyEvent,59:59:0,_015___new_delete,Editor,/Users/nozerose/Desktop/2023학년도 1학기 수업/CB3500572-063 C++프로그래밍과실습(Prof.김태연)/실습 015 - new:delete/main.cpp,,12,13,Changes
2023-03-07T22:23:23.250+09:00,nozerose,KeyEvent,116:84:0,_015___new_delete,Editor,/Users/nozerose/Desktop/2023학년도 1학기 수업/CB3500572-063 C++프로그래밍과실습(Prof.김태연)/실습 015 - new:delete/main.cpp,,14,14,Changes
2023-03-07T22:23:23.486+09:00,nozerose,KeyEvent,101:69:0,_015___new_delete,Editor,/Users/nozerose/Desktop/2023학년도 1학기 수업/CB3500572-063 C++프로그래밍과실습(Prof.김태연)/실습 015 - new:delete/main.cpp,,14,15,Changes
2023-03-07T22:23:23.594+09:00,nozerose,KeyEvent,109:77:0,_015___new_delete,Editor,/Users/nozerose/Desktop/2023학년도 1학기 수업/CB3500572-063 C++프로그래밍과실습(Prof.김태연)/실습 015 - new:delete/main.cpp,,14,16,Changes
2023-03-07T22:23:23.852+09:00,nozerose,KeyEvent,112:80:0,_015___new_delete,Editor,/Users/nozerose/Desktop/2023학년도 1학기 수업/CB3500572-063 C++프로그래밍과실습(Prof.김태연)/실습 015 - new:delete/main.cpp,,14,17,Changes
2023-03-07T22:23:27.137+09:00,nozerose,Action,Run,_015___new_delete,Editor,/Users/nozerose/Desktop/2023학년도 1학기 수업/CB3500572-063 C++프로그래밍과실습(Prof.김태연)/실습 015 - new:delete/main.cpp,,15,16,Changes
2023-03-07T22:23:27.678+09:00,nozerose,Execution,"Run:'CMake Application: _015___new_delete':""/Users/nozerose/Desktop/2023학년도 1학기 수업/CB3500572-063 C++프로그래밍과실습(Prof.김태연)/실습 015 - new:delete/cmake-build-debug/_015___new_delete""",_015___new_delete,Editor,/Users/nozerose/Desktop/2023학년도 1학기 수업/CB3500572-063 C++프로그래밍과실습(Prof.김태연)/실습 015 - new:delete/main.cpp,,15,16,Changes
2023-03-07T22:23:29.217+09:00,nozerose,KeyEvent,53:53:0,_015___new_delete,Editor,/Users/nozerose/Desktop/2023학년도 1학기 수업/CB3500572-063 C++프로그래밍과실습(Prof.김태연)/실습 015 - new:delete/main.cpp,,15,16,Changes
2023-03-07T22:23:29.452+09:00,nozerose,KeyEvent,10:10:0,_015___new_delete,Editor,/Users/nozerose/Desktop/2023학년도 1학기 수업/CB3500572-063 C++프로그래밍과실습(Prof.김태연)/실습 015 - new:delete/main.cpp,,15,16,Changes
2023-03-07T22:23:30.001+09:00,nozerose,KeyEvent,49:49:0,_015___new_delete,Editor,/Users/nozerose/Desktop/2023학년도 1학기 수업/CB3500572-063 C++프로그래밍과실습(Prof.김태연)/실습 015 - new:delete/main.cpp,,15,16,Changes
2023-03-07T22:23:30.217+09:00,nozerose,KeyEvent,32:32:0,_015___new_delete,Editor,/Users/nozerose/Desktop/2023학년도 1학기 수업/CB3500572-063 C++프로그래밍과실습(Prof.김태연)/실습 015 - new:delete/main.cpp,,15,16,Changes
2023-03-07T22:23:30.454+09:00,nozerose,KeyEvent,52:52:0,_015___new_delete,Editor,/Users/nozerose/Desktop/2023학년도 1학기 수업/CB3500572-063 C++프로그래밍과실습(Prof.김태연)/실습 015 - new:delete/main.cpp,,15,16,Changes
2023-03-07T22:23:30.656+09:00,nozerose,KeyEvent,32:32:0,_015___new_delete,Editor,/Users/nozerose/Desktop/2023학년도 1학기 수업/CB3500572-063 C++프로그래밍과실습(Prof.김태연)/실습 015 - new:delete/main.cpp,,15,16,Changes
2023-03-07T22:23:30.903+09:00,nozerose,KeyEvent,50:50:0,_015___new_delete,Editor,/Users/nozerose/Desktop/2023학년도 1학기 수업/CB3500572-063 C++프로그래밍과실습(Prof.김태연)/실습 015 - new:delete/main.cpp,,15,16,Changes
2023-03-07T22:23:31.090+09:00,nozerose,KeyEvent,32:32:0,_015___new_delete,Editor,/Users/nozerose/Desktop/2023학년도 1학기 수업/CB3500572-063 C++프로그래밍과실습(Prof.김태연)/실습 015 - new:delete/main.cpp,,15,16,Changes
2023-03-07T22:23:31.239+09:00,nozerose,KeyEvent,51:51:0,_015___new_delete,Editor,/Users/nozerose/Desktop/2023학년도 1학기 수업/CB3500572-063 C++프로그래밍과실습(Prof.김태연)/실습 015 - new:delete/main.cpp,,15,16,Changes
2023-03-07T22:23:31.439+09:00,nozerose,KeyEvent,32:32:0,_015___new_delete,Editor,/Users/nozerose/Desktop/2023학년도 1학기 수업/CB3500572-063 C++프로그래밍과실습(Prof.김태연)/실습 015 - new:delete/main.cpp,,15,16,Changes
2023-03-07T22:23:31.631+09:00,nozerose,KeyEvent,49:49:0,_015___new_delete,Editor,/Users/nozerose/Desktop/2023학년도 1학기 수업/CB3500572-063 C++프로그래밍과실습(Prof.김태연)/실습 015 - new:delete/main.cpp,,15,16,Changes
2023-03-07T22:23:31.850+09:00,nozerose,KeyEvent,10:10:0,_015___new_delete,Editor,/Users/nozerose/Desktop/2023학년도 1학기 수업/CB3500572-063 C++프로그래밍과실습(Prof.김태연)/실습 015 - new:delete/main.cpp,,15,16,Changes
2023-03-07T22:23:32.548+09:00,nozerose,KeyEvent,49:49:0,_015___new_delete,Editor,/Users/nozerose/Desktop/2023학년도 1학기 수업/CB3500572-063 C++프로그래밍과실습(Prof.김태연)/실습 015 - new:delete/main.cpp,,15,16,Changes
2023-03-07T22:23:32.794+09:00,nozerose,KeyEvent,10:10:0,_015___new_delete,Editor,/Users/nozerose/Desktop/2023학년도 1학기 수업/CB3500572-063 C++프로그래밍과실습(Prof.김태연)/실습 015 - new:delete/main.cpp,,15,16,Changes
2023-03-07T22:23:42.706+09:00,nozerose,Action,Run,_015___new_delete,Editor,/Users/nozerose/Desktop/2023학년도 1학기 수업/CB3500572-063 C++프로그래밍과실습(Prof.김태연)/실습 015 - new:delete/main.cpp,,15,16,Changes
2023-03-07T22:23:42.974+09:00,nozerose,Execution,"Run:'CMake Application: _015___new_delete':""/Users/nozerose/Desktop/2023학년도 1학기 수업/CB3500572-063 C++프로그래밍과실습(Prof.김태연)/실습 015 - new:delete/cmake-build-debug/_015___new_delete""",_015___new_delete,Editor,/Users/nozerose/Desktop/2023학년도 1학기 수업/CB3500572-063 C++프로그래밍과실습(Prof.김태연)/실습 015 - new:delete/main.cpp,,15,16,Changes
2023-03-07T22:23:44.031+09:00,nozerose,KeyEvent,50:50:0,_015___new_delete,Editor,/Users/nozerose/Desktop/2023학년도 1학기 수업/CB3500572-063 C++프로그래밍과실습(Prof.김태연)/실습 015 - new:delete/main.cpp,,15,16,Changes
2023-03-07T22:23:45.105+09:00,nozerose,Action,EditorBackSpace,_015___new_delete,Editor,/Users/nozerose/Desktop/2023학년도 1학기 수업/CB3500572-063 C++프로그래밍과실습(Prof.김태연)/실습 015 - new:delete/main.cpp,,15,17,Changes
2023-03-07T22:23:45.116+09:00,nozerose,KeyEvent,8:8:0,_015___new_delete,Editor,/Users/nozerose/Desktop/2023학년도 1학기 수업/CB3500572-063 C++프로그래밍과실습(Prof.김태연)/실습 015 - new:delete/main.cpp,,15,16,Changes
2023-03-07T22:23:46.306+09:00,nozerose,KeyEvent,51:51:0,_015___new_delete,Editor,/Users/nozerose/Desktop/2023학년도 1학기 수업/CB3500572-063 C++프로그래밍과실습(Prof.김태연)/실습 015 - new:delete/main.cpp,,15,16,Changes
2023-03-07T22:23:46.793+09:00,nozerose,KeyEvent,10:10:0,_015___new_delete,Editor,/Users/nozerose/Desktop/2023학년도 1학기 수업/CB3500572-063 C++프로그래밍과실습(Prof.김태연)/실습 015 - new:delete/main.cpp,,15,16,Changes
2023-03-07T22:23:47.177+09:00,nozerose,KeyEvent,50:50:0,_015___new_delete,Editor,/Users/nozerose/Desktop/2023학년도 1학기 수업/CB3500572-063 C++프로그래밍과실습(Prof.김태연)/실습 015 - new:delete/main.cpp,,15,16,Changes
2023-03-07T22:23:47.372+09:00,nozerose,KeyEvent,32:32:0,_015___new_delete,Editor,/Users/nozerose/Desktop/2023학년도 1학기 수업/CB3500572-063 C++프로그래밍과실습(Prof.김태연)/실습 015 - new:delete/main.cpp,,15,16,Changes
2023-03-07T22:23:47.539+09:00,nozerose,KeyEvent,49:49:0,_015___new_delete,Editor,/Users/nozerose/Desktop/2023학년도 1학기 수업/CB3500572-063 C++프로그래밍과실습(Prof.김태연)/실습 015 - new:delete/main.cpp,,15,16,Changes
2023-03-07T22:23:47.774+09:00,nozerose,KeyEvent,32:32:0,_015___new_delete,Editor,/Users/nozerose/Desktop/2023학년도 1학기 수업/CB3500572-063 C++프로그래밍과실습(Prof.김태연)/실습 015 - new:delete/main.cpp,,15,16,Changes
2023-03-07T22:23:47.991+09:00,nozerose,KeyEvent,49:49:0,_015___new_delete,Editor,/Users/nozerose/Desktop/2023학년도 1학기 수업/CB3500572-063 C++프로그래밍과실습(Prof.김태연)/실습 015 - new:delete/main.cpp,,15,16,Changes
2023-03-07T22:23:48.230+09:00,nozerose,KeyEvent,32:32:0,_015___new_delete,Editor,/Users/nozerose/Desktop/2023학년도 1학기 수업/CB3500572-063 C++프로그래밍과실습(Prof.김태연)/실습 015 - new:delete/main.cpp,,15,16,Changes
2023-03-07T22:23:48.912+09:00,nozerose,KeyEvent,8:8:0,_015___new_delete,Editor,/Users/nozerose/Desktop/2023학년도 1학기 수업/CB3500572-063 C++프로그래밍과실습(Prof.김태연)/실습 015 - new:delete/main.cpp,,15,16,Changes
2023-03-07T22:23:49.164+09:00,nozerose,KeyEvent,10:10:0,_015___new_delete,Editor,/Users/nozerose/Desktop/2023학년도 1학기 수업/CB3500572-063 C++프로그래밍과실습(Prof.김태연)/실습 015 - new:delete/main.cpp,,15,16,Changes
2023-03-07T22:23:49.769+09:00,nozerose,KeyEvent,50:50:0,_015___new_delete,Editor,/Users/nozerose/Desktop/2023학년도 1학기 수업/CB3500572-063 C++프로그래밍과실습(Prof.김태연)/실습 015 - new:delete/main.cpp,,15,16,Changes
2023-03-07T22:23:49.994+09:00,nozerose,KeyEvent,10:10:0,_015___new_delete,Editor,/Users/nozerose/Desktop/2023학년도 1학기 수업/CB3500572-063 C++프로그래밍과실습(Prof.김태연)/실습 015 - new:delete/main.cpp,,15,16,Changes
2023-03-07T22:23:59.246+09:00,nozerose,Action,EditorBackSpace,_015___new_delete,Editor,/Users/nozerose/Desktop/2023학년도 1학기 수업/CB3500572-063 C++프로그래밍과실습(Prof.김태연)/실습 015 - new:delete/main.cpp,,14,18,Changes
2023-03-07T22:23:59.251+09:00,nozerose,KeyEvent,8:8:0,_015___new_delete,Editor,/Users/nozerose/Desktop/2023학년도 1학기 수업/CB3500572-063 C++프로그래밍과실습(Prof.김태연)/실습 015 - new:delete/main.cpp,,14,17,Changes
2023-03-07T22:23:59.518+09:00,nozerose,Action,EditorBackSpace,_015___new_delete,Editor,/Users/nozerose/Desktop/2023학년도 1학기 수업/CB3500572-063 C++프로그래밍과실습(Prof.김태연)/실습 015 - new:delete/main.cpp,,14,17,Changes
2023-03-07T22:23:59.522+09:00,nozerose,KeyEvent,8:8:0,_015___new_delete,Editor,/Users/nozerose/Desktop/2023학년도 1학기 수업/CB3500572-063 C++프로그래밍과실습(Prof.김태연)/실습 015 - new:delete/main.cpp,,14,16,Changes
2023-03-07T22:24:00.675+09:00,nozerose,KeyEvent,109:77:0,_015___new_delete,Editor,/Users/nozerose/Desktop/2023학년도 1학기 수업/CB3500572-063 C++프로그래밍과실습(Prof.김태연)/실습 015 - new:delete/main.cpp,,14,16,Changes
2023-03-07T22:24:00.824+09:00,nozerose,KeyEvent,112:80:0,_015___new_delete,Editor,/Users/nozerose/Desktop/2023학년도 1학기 수업/CB3500572-063 C++프로그래밍과실습(Prof.김태연)/실습 015 - new:delete/main.cpp,,14,17,Changes
2023-03-07T22:24:02.318+09:00,nozerose,Action,Run,_015___new_delete,Editor,/Users/nozerose/Desktop/2023학년도 1학기 수업/CB3500572-063 C++프로그래밍과실습(Prof.김태연)/실습 015 - new:delete/main.cpp,,14,18,Changes
2023-03-07T22:24:02.654+09:00,nozerose,Execution,"Run:'CMake Application: _015___new_delete':""/Users/nozerose/Desktop/2023학년도 1학기 수업/CB3500572-063 C++프로그래밍과실습(Prof.김태연)/실습 015 - new:delete/cmake-build-debug/_015___new_delete""",_015___new_delete,Editor,/Users/nozerose/Desktop/2023학년도 1학기 수업/CB3500572-063 C++프로그래밍과실습(Prof.김태연)/실습 015 - new:delete/main.cpp,,14,18,Changes
2023-03-07T22:24:05.375+09:00,nozerose,KeyEvent,54:54:0,_015___new_delete,Editor,/Users/nozerose/Desktop/2023학년도 1학기 수업/CB3500572-063 C++프로그래밍과실습(Prof.김태연)/실습 015 - new:delete/main.cpp,,14,18,Changes
2023-03-07T22:24:05.634+09:00,nozerose,KeyEvent,10:10:0,_015___new_delete,Editor,/Users/nozerose/Desktop/2023학년도 1학기 수업/CB3500572-063 C++프로그래밍과실습(Prof.김태연)/실습 015 - new:delete/main.cpp,,14,18,Changes
2023-03-07T22:24:07.085+09:00,nozerose,KeyEvent,53:53:0,_015___new_delete,Editor,/Users/nozerose/Desktop/2023학년도 1학기 수업/CB3500572-063 C++프로그래밍과실습(Prof.김태연)/실습 015 - new:delete/main.cpp,,14,18,Changes
2023-03-07T22:24:07.259+09:00,nozerose,KeyEvent,32:32:0,_015___new_delete,Editor,/Users/nozerose/Desktop/2023학년도 1학기 수업/CB3500572-063 C++프로그래밍과실습(Prof.김태연)/실습 015 - new:delete/main.cpp,,14,18,Changes
2023-03-07T22:24:07.505+09:00,nozerose,KeyEvent,52:52:0,_015___new_delete,Editor,/Users/nozerose/Desktop/2023학년도 1학기 수업/CB3500572-063 C++프로그래밍과실습(Prof.김태연)/실습 015 - new:delete/main.cpp,,14,18,Changes
2023-03-07T22:24:07.809+09:00,nozerose,KeyEvent,32:32:0,_015___new_delete,Editor,/Users/nozerose/Desktop/2023학년도 1학기 수업/CB3500572-063 C++프로그래밍과실습(Prof.김태연)/실습 015 - new:delete/main.cpp,,14,18,Changes
2023-03-07T22:24:08.361+09:00,nozerose,KeyEvent,50:50:0,_015___new_delete,Editor,/Users/nozerose/Desktop/2023학년도 1학기 수업/CB3500572-063 C++프로그래밍과실습(Prof.김태연)/실습 015 - new:delete/main.cpp,,14,18,Changes
2023-03-07T22:24:08.609+09:00,nozerose,KeyEvent,32:32:0,_015___new_delete,Editor,/Users/nozerose/Desktop/2023학년도 1학기 수업/CB3500572-063 C++프로그래밍과실습(Prof.김태연)/실습 015 - new:delete/main.cpp,,14,18,Changes
2023-03-07T22:24:08.844+09:00,nozerose,KeyEvent,53:53:0,_015___new_delete,Editor,/Users/nozerose/Desktop/2023학년도 1학기 수업/CB3500572-063 C++프로그래밍과실습(Prof.김태연)/실습 015 - new:delete/main.cpp,,14,18,Changes
2023-03-07T22:24:09.135+09:00,nozerose,KeyEvent,32:32:0,_015___new_delete,Editor,/Users/nozerose/Desktop/2023학년도 1학기 수업/CB3500572-063 C++프로그래밍과실습(Prof.김태연)/실습 015 - new:delete/main.cpp,,14,18,Changes
2023-03-07T22:24:09.424+09:00,nozerose,KeyEvent,52:52:0,_015___new_delete,Editor,/Users/nozerose/Desktop/2023학년도 1학기 수업/CB3500572-063 C++프로그래밍과실습(Prof.김태연)/실습 015 - new:delete/main.cpp,,14,18,Changes
2023-03-07T22:24:09.614+09:00,nozerose,KeyEvent,32:32:0,_015___new_delete,Editor,/Users/nozerose/Desktop/2023학년도 1학기 수업/CB3500572-063 C++프로그래밍과실습(Prof.김태연)/실습 015 - new:delete/main.cpp,,14,18,Changes
2023-03-07T22:24:09.775+09:00,nozerose,KeyEvent,48:48:0,_015___new_delete,Editor,/Users/nozerose/Desktop/2023학년도 1학기 수업/CB3500572-063 C++프로그래밍과실습(Prof.김태연)/실습 015 - new:delete/main.cpp,,14,18,Changes
2023-03-07T22:24:10.376+09:00,nozerose,KeyEvent,10:10:0,_015___new_delete,Editor,/Users/nozerose/Desktop/2023학년도 1학기 수업/CB3500572-063 C++프로그래밍과실습(Prof.김태연)/실습 015 - new:delete/main.cpp,,14,18,Changes
2023-03-07T22:24:11.011+09:00,nozerose,KeyEvent,53:53:0,_015___new_delete,Editor,/Users/nozerose/Desktop/2023학년도 1학기 수업/CB3500572-063 C++프로그래밍과실습(Prof.김태연)/실습 015 - new:delete/main.cpp,,14,18,Changes
2023-03-07T22:24:11.437+09:00,nozerose,KeyEvent,10:10:0,_015___new_delete,Editor,/Users/nozerose/Desktop/2023학년도 1학기 수업/CB3500572-063 C++프로그래밍과실습(Prof.김태연)/실습 015 - new:delete/main.cpp,,14,18,Changes
2023-03-07T22:25:35.305+09:00,nozerose,KeyEvent,65535:16:1,_015___new_delete,Editor,/Users/nozerose/Desktop/2023학년도 1학기 수업/CB3500572-063 C++프로그래밍과실습(Prof.김태연)/실습 015 - new:delete/main.cpp,,9,11,Changes
2023-03-07T22:25:35.623+09:00,nozerose,KeyEvent,42:151:1,_015___new_delete,Editor,/Users/nozerose/Desktop/2023학년도 1학기 수업/CB3500572-063 C++프로그래밍과실습(Prof.김태연)/실습 015 - new:delete/main.cpp,,9,11,Changes
2023-03-07T22:25:39.705+09:00,nozerose,Action,EditorBackSpace,_015___new_delete,Editor,/Users/nozerose/Desktop/2023학년도 1학기 수업/CB3500572-063 C++프로그래밍과실습(Prof.김태연)/실습 015 - new:delete/main.cpp,,9,12,Changes
2023-03-07T22:25:39.710+09:00,nozerose,KeyEvent,8:8:0,_015___new_delete,Editor,/Users/nozerose/Desktop/2023학년도 1학기 수업/CB3500572-063 C++프로그래밍과실습(Prof.김태연)/실습 015 - new:delete/main.cpp,,9,11,Changes
2023-03-07T22:25:57.247+09:00,nozerose,Action,EditorBackSpace,_015___new_delete,Editor,/Users/nozerose/Desktop/2023학년도 1학기 수업/CB3500572-063 C++프로그래밍과실습(Prof.김태연)/실습 015 - new:delete/main.cpp,,14,18,Changes
2023-03-07T22:25:57.258+09:00,nozerose,KeyEvent,8:8:0,_015___new_delete,Editor,/Users/nozerose/Desktop/2023학년도 1학기 수업/CB3500572-063 C++프로그래밍과실습(Prof.김태연)/실습 015 - new:delete/main.cpp,,14,17,Changes
2023-03-07T22:25:57.362+09:00,nozerose,Action,EditorBackSpace,_015___new_delete,Editor,/Users/nozerose/Desktop/2023학년도 1학기 수업/CB3500572-063 C++프로그래밍과실습(Prof.김태연)/실습 015 - new:delete/main.cpp,,14,17,Changes
2023-03-07T22:25:57.364+09:00,nozerose,KeyEvent,8:8:0,_015___new_delete,Editor,/Users/nozerose/Desktop/2023학년도 1학기 수업/CB3500572-063 C++프로그래밍과실습(Prof.김태연)/실습 015 - new:delete/main.cpp,,14,16,Changes
2023-03-07T22:25:57.583+09:00,nozerose,Action,EditorBackSpace,_015___new_delete,Editor,/Users/nozerose/Desktop/2023학년도 1학기 수업/CB3500572-063 C++프로그래밍과실습(Prof.김태연)/실습 015 - new:delete/main.cpp,,14,16,Changes
2023-03-07T22:25:57.595+09:00,nozerose,KeyEvent,8:8:0,_015___new_delete,Editor,/Users/nozerose/Desktop/2023학년도 1학기 수업/CB3500572-063 C++프로그래밍과실습(Prof.김태연)/실습 015 - new:delete/main.cpp,,14,15,Changes
2023-03-07T22:25:57.996+09:00,nozerose,Action,EditorBackSpace,_015___new_delete,Editor,/Users/nozerose/Desktop/2023학년도 1학기 수업/CB3500572-063 C++프로그래밍과실습(Prof.김태연)/실습 015 - new:delete/main.cpp,,14,15,Changes
2023-03-07T22:25:57.997+09:00,nozerose,KeyEvent,8:8:0,_015___new_delete,Editor,/Users/nozerose/Desktop/2023학년도 1학기 수업/CB3500572-063 C++프로그래밍과실습(Prof.김태연)/실습 015 - new:delete/main.cpp,,14,14,Changes
2023-03-07T22:26:04.545+09:00,nozerose,KeyEvent,12609:65:0,_015___new_delete,Editor,/Users/nozerose/Desktop/2023학년도 1학기 수업/CB3500572-063 C++프로그래밍과실습(Prof.김태연)/실습 015 - new:delete/main.cpp,,14,14,Changes
2023-03-07T22:26:05.209+09:00,nozerose,Action,EditorBackSpace,_015___new_delete,Editor,/Users/nozerose/Desktop/2023학년도 1학기 수업/CB3500572-063 C++프로그래밍과실습(Prof.김태연)/실습 015 - new:delete/main.cpp,,14,16,Changes
2023-03-07T22:26:05.211+09:00,nozerose,KeyEvent,8:8:0,_015___new_delete,Editor,/Users/nozerose/Desktop/2023학년도 1학기 수업/CB3500572-063 C++프로그래밍과실습(Prof.김태연)/실습 015 - new:delete/main.cpp,,14,15,Changes
2023-03-07T22:26:05.303+09:00,nozerose,Action,EditorBackSpace,_015___new_delete,Editor,/Users/nozerose/Desktop/2023학년도 1학기 수업/CB3500572-063 C++프로그래밍과실습(Prof.김태연)/실습 015 - new:delete/main.cpp,,14,15,Changes
2023-03-07T22:26:05.311+09:00,nozerose,KeyEvent,8:8:0,_015___new_delete,Editor,/Users/nozerose/Desktop/2023학년도 1학기 수업/CB3500572-063 C++프로그래밍과실습(Prof.김태연)/실습 015 - new:delete/main.cpp,,14,14,Changes
2023-03-07T22:26:06.205+09:00,nozerose,Action,EditorBackSpace,_015___new_delete,Editor,/Users/nozerose/Desktop/2023학년도 1학기 수업/CB3500572-063 C++프로그래밍과실습(Prof.김태연)/실습 015 - new:delete/main.cpp,,14,16,Changes
2023-03-07T22:26:06.207+09:00,nozerose,KeyEvent,8:8:0,_015___new_delete,Editor,/Users/nozerose/Desktop/2023학년도 1학기 수업/CB3500572-063 C++프로그래밍과실습(Prof.김태연)/실습 015 - new:delete/main.cpp,,14,15,Changes
2023-03-07T22:26:06.299+09:00,nozerose,Action,EditorBackSpace,_015___new_delete,Editor,/Users/nozerose/Desktop/2023학년도 1학기 수업/CB3500572-063 C++프로그래밍과실습(Prof.김태연)/실습 015 - new:delete/main.cpp,,14,15,Changes
2023-03-07T22:26:06.304+09:00,nozerose,KeyEvent,8:8:0,_015___new_delete,Editor,/Users/nozerose/Desktop/2023학년도 1학기 수업/CB3500572-063 C++프로그래밍과실습(Prof.김태연)/실습 015 - new:delete/main.cpp,,14,14,Changes
2023-03-07T22:26:06.504+09:00,nozerose,KeyEvent,65535:20:0,_015___new_delete,Editor,/Users/nozerose/Desktop/2023학년도 1학기 수업/CB3500572-063 C++프로그래밍과실습(Prof.김태연)/실습 015 - new:delete/main.cpp,,14,14,Changes
2023-03-07T22:26:06.610+09:00,nozerose,KeyEvent,65535:0:0,_015___new_delete,Editor,/Users/nozerose/Desktop/2023학년도 1학기 수업/CB3500572-063 C++프로그래밍과실습(Prof.김태연)/실습 015 - new:delete/main.cpp,,14,14,Changes
2023-03-07T22:26:06.610+09:00,nozerose,KeyEvent,97:65:0,_015___new_delete,Editor,/Users/nozerose/Desktop/2023학년도 1학기 수업/CB3500572-063 C++프로그래밍과실습(Prof.김태연)/실습 015 - new:delete/main.cpp,,14,14,Changes
2023-03-07T22:26:06.943+09:00,nozerose,KeyEvent,114:82:0,_015___new_delete,Editor,/Users/nozerose/Desktop/2023학년도 1학기 수업/CB3500572-063 C++프로그래밍과실습(Prof.김태연)/실습 015 - new:delete/main.cpp,,14,15,Changes
2023-03-07T22:26:07.090+09:00,nozerose,KeyEvent,114:82:0,_015___new_delete,Editor,/Users/nozerose/Desktop/2023학년도 1학기 수업/CB3500572-063 C++프로그래밍과실습(Prof.김태연)/실습 015 - new:delete/main.cpp,,14,16,Changes
2023-03-07T22:26:07.747+09:00,nozerose,KeyEvent,91:91:0,_015___new_delete,Editor,/Users/nozerose/Desktop/2023학년도 1학기 수업/CB3500572-063 C++프로그래밍과실습(Prof.김태연)/실습 015 - new:delete/main.cpp,,14,17,Changes
2023-03-07T22:26:08.051+09:00,nozerose,KeyEvent,116:84:0,_015___new_delete,Editor,/Users/nozerose/Desktop/2023학년도 1학기 수업/CB3500572-063 C++프로그래밍과실습(Prof.김태연)/실습 015 - new:delete/main.cpp,,14,18,Changes
2023-03-07T22:26:08.212+09:00,nozerose,KeyEvent,101:69:0,_015___new_delete,Editor,/Users/nozerose/Desktop/2023학년도 1학기 수업/CB3500572-063 C++프로그래밍과실습(Prof.김태연)/실습 015 - new:delete/main.cpp,,14,19,Changes
2023-03-07T22:26:08.260+09:00,nozerose,KeyEvent,109:77:0,_015___new_delete,Editor,/Users/nozerose/Desktop/2023학년도 1학기 수업/CB3500572-063 C++프로그래밍과실습(Prof.김태연)/실습 015 - new:delete/main.cpp,,14,20,Changes
2023-03-07T22:26:08.486+09:00,nozerose,KeyEvent,112:80:0,_015___new_delete,Editor,/Users/nozerose/Desktop/2023학년도 1학기 수업/CB3500572-063 C++프로그래밍과실습(Prof.김태연)/실습 015 - new:delete/main.cpp,,14,21,Changes
2023-03-07T22:26:10.907+09:00,nozerose,Action,Run,_015___new_delete,Editor,/Users/nozerose/Desktop/2023학년도 1학기 수업/CB3500572-063 C++프로그래밍과실습(Prof.김태연)/실습 015 - new:delete/main.cpp,,12,14,Changes
2023-03-07T22:26:11.449+09:00,nozerose,Execution,"Run:'CMake Application: _015___new_delete':""/Users/nozerose/Desktop/2023학년도 1학기 수업/CB3500572-063 C++프로그래밍과실습(Prof.김태연)/실습 015 - new:delete/cmake-build-debug/_015___new_delete""",_015___new_delete,Editor,/Users/nozerose/Desktop/2023학년도 1학기 수업/CB3500572-063 C++프로그래밍과실습(Prof.김태연)/실습 015 - new:delete/main.cpp,,12,14,Changes
2023-03-07T22:26:12.556+09:00,nozerose,KeyEvent,53:53:0,_015___new_delete,Editor,/Users/nozerose/Desktop/2023학년도 1학기 수업/CB3500572-063 C++프로그래밍과실습(Prof.김태연)/실습 015 - new:delete/main.cpp,,12,14,Changes
2023-03-07T22:26:12.804+09:00,nozerose,KeyEvent,10:10:0,_015___new_delete,Editor,/Users/nozerose/Desktop/2023학년도 1학기 수업/CB3500572-063 C++프로그래밍과실습(Prof.김태연)/실습 015 - new:delete/main.cpp,,12,14,Changes
2023-03-07T22:26:13.305+09:00,nozerose,KeyEvent,49:49:0,_015___new_delete,Editor,/Users/nozerose/Desktop/2023학년도 1학기 수업/CB3500572-063 C++프로그래밍과실습(Prof.김태연)/실습 015 - new:delete/main.cpp,,12,14,Changes
2023-03-07T22:26:13.654+09:00,nozerose,KeyEvent,32:32:0,_015___new_delete,Editor,/Users/nozerose/Desktop/2023학년도 1학기 수업/CB3500572-063 C++프로그래밍과실습(Prof.김태연)/실습 015 - new:delete/main.cpp,,12,14,Changes
2023-03-07T22:26:13.873+09:00,nozerose,KeyEvent,52:52:0,_015___new_delete,Editor,/Users/nozerose/Desktop/2023학년도 1학기 수업/CB3500572-063 C++프로그래밍과실습(Prof.김태연)/실습 015 - new:delete/main.cpp,,12,14,Changes
2023-03-07T22:26:14.064+09:00,nozerose,KeyEvent,32:32:0,_015___new_delete,Editor,/Users/nozerose/Desktop/2023학년도 1학기 수업/CB3500572-063 C++프로그래밍과실습(Prof.김태연)/실습 015 - new:delete/main.cpp,,12,14,Changes
2023-03-07T22:26:14.295+09:00,nozerose,KeyEvent,50:50:0,_015___new_delete,Editor,/Users/nozerose/Desktop/2023학년도 1학기 수업/CB3500572-063 C++프로그래밍과실습(Prof.김태연)/실습 015 - new:delete/main.cpp,,12,14,Changes
2023-03-07T22:26:14.485+09:00,nozerose,KeyEvent,32:32:0,_015___new_delete,Editor,/Users/nozerose/Desktop/2023학년도 1학기 수업/CB3500572-063 C++프로그래밍과실습(Prof.김태연)/실습 015 - new:delete/main.cpp,,12,14,Changes
2023-03-07T22:26:14.744+09:00,nozerose,KeyEvent,51:51:0,_015___new_delete,Editor,/Users/nozerose/Desktop/2023학년도 1학기 수업/CB3500572-063 C++프로그래밍과실습(Prof.김태연)/실습 015 - new:delete/main.cpp,,12,14,Changes
2023-03-07T22:26:14.950+09:00,nozerose,KeyEvent,32:32:0,_015___new_delete,Editor,/Users/nozerose/Desktop/2023학년도 1학기 수업/CB3500572-063 C++프로그래밍과실습(Prof.김태연)/실습 015 - new:delete/main.cpp,,12,14,Changes
2023-03-07T22:26:15.161+09:00,nozerose,KeyEvent,49:49:0,_015___new_delete,Editor,/Users/nozerose/Desktop/2023학년도 1학기 수업/CB3500572-063 C++프로그래밍과실습(Prof.김태연)/실습 015 - new:delete/main.cpp,,12,14,Changes
2023-03-07T22:26:15.445+09:00,nozerose,KeyEvent,10:10:0,_015___new_delete,Editor,/Users/nozerose/Desktop/2023학년도 1학기 수업/CB3500572-063 C++프로그래밍과실습(Prof.김태연)/실습 015 - new:delete/main.cpp,,12,14,Changes
2023-03-07T22:26:15.738+09:00,nozerose,KeyEvent,49:49:0,_015___new_delete,Editor,/Users/nozerose/Desktop/2023학년도 1학기 수업/CB3500572-063 C++프로그래밍과실습(Prof.김태연)/실습 015 - new:delete/main.cpp,,12,14,Changes
2023-03-07T22:26:15.941+09:00,nozerose,KeyEvent,10:10:0,_015___new_delete,Editor,/Users/nozerose/Desktop/2023학년도 1학기 수업/CB3500572-063 C++프로그래밍과실습(Prof.김태연)/실습 015 - new:delete/main.cpp,,12,14,Changes
2023-03-07T22:26:18.391+09:00,nozerose,Action,Run,_015___new_delete,Editor,/Users/nozerose/Desktop/2023학년도 1학기 수업/CB3500572-063 C++프로그래밍과실습(Prof.김태연)/실습 015 - new:delete/main.cpp,,12,14,Changes
2023-03-07T22:26:18.673+09:00,nozerose,Execution,"Run:'CMake Application: _015___new_delete':""/Users/nozerose/Desktop/2023학년도 1학기 수업/CB3500572-063 C++프로그래밍과실습(Prof.김태연)/실습 015 - new:delete/cmake-build-debug/_015___new_delete""",_015___new_delete,Editor,/Users/nozerose/Desktop/2023학년도 1학기 수업/CB3500572-063 C++프로그래밍과실습(Prof.김태연)/실습 015 - new:delete/main.cpp,,12,14,Changes
2023-03-07T22:26:20.234+09:00,nozerose,KeyEvent,51:51:0,_015___new_delete,Editor,/Users/nozerose/Desktop/2023학년도 1학기 수업/CB3500572-063 C++프로그래밍과실습(Prof.김태연)/실습 015 - new:delete/main.cpp,,12,14,Changes
2023-03-07T22:26:20.757+09:00,nozerose,KeyEvent,10:10:0,_015___new_delete,Editor,/Users/nozerose/Desktop/2023학년도 1학기 수업/CB3500572-063 C++프로그래밍과실습(Prof.김태연)/실습 015 - new:delete/main.cpp,,12,14,Changes
2023-03-07T22:26:21.062+09:00,nozerose,KeyEvent,50:50:0,_015___new_delete,Editor,/Users/nozerose/Desktop/2023학년도 1학기 수업/CB3500572-063 C++프로그래밍과실습(Prof.김태연)/실습 015 - new:delete/main.cpp,,12,14,Changes
2023-03-07T22:26:21.250+09:00,nozerose,KeyEvent,32:32:0,_015___new_delete,Editor,/Users/nozerose/Desktop/2023학년도 1학기 수업/CB3500572-063 C++프로그래밍과실습(Prof.김태연)/실습 015 - new:delete/main.cpp,,12,14,Changes
2023-03-07T22:26:21.397+09:00,nozerose,KeyEvent,49:49:0,_015___new_delete,Editor,/Users/nozerose/Desktop/2023학년도 1학기 수업/CB3500572-063 C++프로그래밍과실습(Prof.김태연)/실습 015 - new:delete/main.cpp,,12,14,Changes
2023-03-07T22:26:21.569+09:00,nozerose,KeyEvent,32:32:0,_015___new_delete,Editor,/Users/nozerose/Desktop/2023학년도 1학기 수업/CB3500572-063 C++프로그래밍과실습(Prof.김태연)/실습 015 - new:delete/main.cpp,,12,14,Changes
2023-03-07T22:26:21.703+09:00,nozerose,KeyEvent,49:49:0,_015___new_delete,Editor,/Users/nozerose/Desktop/2023학년도 1학기 수업/CB3500572-063 C++프로그래밍과실습(Prof.김태연)/실습 015 - new:delete/main.cpp,,12,14,Changes
2023-03-07T22:26:21.855+09:00,nozerose,KeyEvent,10:10:0,_015___new_delete,Editor,/Users/nozerose/Desktop/2023학년도 1학기 수업/CB3500572-063 C++프로그래밍과실습(Prof.김태연)/실습 015 - new:delete/main.cpp,,12,14,Changes
2023-03-07T22:26:23.179+09:00,nozerose,KeyEvent,50:50:0,_015___new_delete,Editor,/Users/nozerose/Desktop/2023학년도 1학기 수업/CB3500572-063 C++프로그래밍과실습(Prof.김태연)/실습 015 - new:delete/main.cpp,,12,14,Changes
2023-03-07T22:26:23.429+09:00,nozerose,KeyEvent,10:10:0,_015___new_delete,Editor,/Users/nozerose/Desktop/2023학년도 1학기 수업/CB3500572-063 C++프로그래밍과실습(Prof.김태연)/실습 015 - new:delete/main.cpp,,12,14,Changes
2023-03-07T22:26:25.399+09:00,nozerose,Action,Run,_015___new_delete,Editor,/Users/nozerose/Desktop/2023학년도 1학기 수업/CB3500572-063 C++프로그래밍과실습(Prof.김태연)/실습 015 - new:delete/main.cpp,,12,14,Changes
2023-03-07T22:26:25.665+09:00,nozerose,Execution,"Run:'CMake Application: _015___new_delete':""/Users/nozerose/Desktop/2023학년도 1학기 수업/CB3500572-063 C++프로그래밍과실습(Prof.김태연)/실습 015 - new:delete/cmake-build-debug/_015___new_delete""",_015___new_delete,Editor,/Users/nozerose/Desktop/2023학년도 1학기 수업/CB3500572-063 C++프로그래밍과실습(Prof.김태연)/실습 015 - new:delete/main.cpp,,12,14,Changes
2023-03-07T22:26:27.097+09:00,nozerose,KeyEvent,54:54:0,_015___new_delete,Editor,/Users/nozerose/Desktop/2023학년도 1학기 수업/CB3500572-063 C++프로그래밍과실습(Prof.김태연)/실습 015 - new:delete/main.cpp,,12,14,Changes
2023-03-07T22:26:27.480+09:00,nozerose,KeyEvent,10:10:0,_015___new_delete,Editor,/Users/nozerose/Desktop/2023학년도 1학기 수업/CB3500572-063 C++프로그래밍과실습(Prof.김태연)/실습 015 - new:delete/main.cpp,,12,14,Changes
2023-03-07T22:26:28.572+09:00,nozerose,KeyEvent,53:53:0,_015___new_delete,Editor,/Users/nozerose/Desktop/2023학년도 1학기 수업/CB3500572-063 C++프로그래밍과실습(Prof.김태연)/실습 015 - new:delete/main.cpp,,12,14,Changes
2023-03-07T22:26:28.808+09:00,nozerose,KeyEvent,32:32:0,_015___new_delete,Editor,/Users/nozerose/Desktop/2023학년도 1학기 수업/CB3500572-063 C++프로그래밍과실습(Prof.김태연)/실습 015 - new:delete/main.cpp,,12,14,Changes
2023-03-07T22:26:29.028+09:00,nozerose,KeyEvent,52:52:0,_015___new_delete,Editor,/Users/nozerose/Desktop/2023학년도 1학기 수업/CB3500572-063 C++프로그래밍과실습(Prof.김태연)/실습 015 - new:delete/main.cpp,,12,14,Changes
2023-03-07T22:26:29.284+09:00,nozerose,KeyEvent,32:32:0,_015___new_delete,Editor,/Users/nozerose/Desktop/2023학년도 1학기 수업/CB3500572-063 C++프로그래밍과실습(Prof.김태연)/실습 015 - new:delete/main.cpp,,12,14,Changes
2023-03-07T22:26:29.648+09:00,nozerose,KeyEvent,50:50:0,_015___new_delete,Editor,/Users/nozerose/Desktop/2023학년도 1학기 수업/CB3500572-063 C++프로그래밍과실습(Prof.김태연)/실습 015 - new:delete/main.cpp,,12,14,Changes
2023-03-07T22:26:29.848+09:00,nozerose,KeyEvent,32:32:0,_015___new_delete,Editor,/Users/nozerose/Desktop/2023학년도 1학기 수업/CB3500572-063 C++프로그래밍과실습(Prof.김태연)/실습 015 - new:delete/main.cpp,,12,14,Changes
2023-03-07T22:26:30.020+09:00,nozerose,KeyEvent,53:53:0,_015___new_delete,Editor,/Users/nozerose/Desktop/2023학년도 1학기 수업/CB3500572-063 C++프로그래밍과실습(Prof.김태연)/실습 015 - new:delete/main.cpp,,12,14,Changes
2023-03-07T22:26:30.211+09:00,nozerose,KeyEvent,32:32:0,_015___new_delete,Editor,/Users/nozerose/Desktop/2023학년도 1학기 수업/CB3500572-063 C++프로그래밍과실습(Prof.김태연)/실습 015 - new:delete/main.cpp,,12,14,Changes
2023-03-07T22:26:30.405+09:00,nozerose,KeyEvent,51:51:0,_015___new_delete,Editor,/Users/nozerose/Desktop/2023학년도 1학기 수업/CB3500572-063 C++프로그래밍과실습(Prof.김태연)/실습 015 - new:delete/main.cpp,,12,14,Changes
2023-03-07T22:26:30.589+09:00,nozerose,KeyEvent,32:32:0,_015___new_delete,Editor,/Users/nozerose/Desktop/2023학년도 1학기 수업/CB3500572-063 C++프로그래밍과실습(Prof.김태연)/실습 015 - new:delete/main.cpp,,12,14,Changes
2023-03-07T22:26:30.745+09:00,nozerose,KeyEvent,48:48:0,_015___new_delete,Editor,/Users/nozerose/Desktop/2023학년도 1학기 수업/CB3500572-063 C++프로그래밍과실습(Prof.김태연)/실습 015 - new:delete/main.cpp,,12,14,Changes
2023-03-07T22:26:31.018+09:00,nozerose,KeyEvent,10:10:0,_015___new_delete,Editor,/Users/nozerose/Desktop/2023학년도 1학기 수업/CB3500572-063 C++프로그래밍과실습(Prof.김태연)/실습 015 - new:delete/main.cpp,,12,14,Changes
2023-03-07T22:26:33.211+09:00,nozerose,KeyEvent,53:53:0,_015___new_delete,Editor,/Users/nozerose/Desktop/2023학년도 1학기 수업/CB3500572-063 C++프로그래밍과실습(Prof.김태연)/실습 015 - new:delete/main.cpp,,12,14,Changes
2023-03-07T22:26:33.351+09:00,nozerose,KeyEvent,10:10:0,_015___new_delete,Editor,/Users/nozerose/Desktop/2023학년도 1학기 수업/CB3500572-063 C++프로그래밍과실습(Prof.김태연)/실습 015 - new:delete/main.cpp,,12,14,Changes
2023-03-07T22:26:39.699+09:00,nozerose,Action,Start/Stop Activity Tracking,,,,,-1,-1,
