2023-03-09T22:43:26.345+09:00,nozerose,Action,EditorBackSpace,_024_____std_array,Editor,/Users/nozerose/Desktop/2023학년도 1학기 수업/CB3500572-063 C++프로그래밍과실습(Prof.김태연)/실습 024(선택) - std_array/array.cpp,,0,0,Changes
2023-03-09T22:43:26.349+09:00,nozerose,KeyEvent,8:8:0,_024_____std_array,Editor,/Users/nozerose/Desktop/2023학년도 1학기 수업/CB3500572-063 C++프로그래밍과실습(Prof.김태연)/실습 024(선택) - std_array/array.cpp,,0,0,Changes
2023-03-09T22:43:26.728+09:00,nozerose,KeyEvent,65535:16:1,_024_____std_array,Editor,/Users/nozerose/Desktop/2023학년도 1학기 수업/CB3500572-063 C++프로그래밍과실습(Prof.김태연)/실습 024(선택) - std_array/array.cpp,,0,0,Changes
2023-03-09T22:43:26.829+09:00,nozerose,KeyEvent,35:520:1,_024_____std_array,Editor,/Users/nozerose/Desktop/2023학년도 1학기 수업/CB3500572-063 C++프로그래밍과실습(Prof.김태연)/실습 024(선택) - std_array/array.cpp,,0,0,Changes
2023-03-09T22:43:27.154+09:00,nozerose,KeyEvent,105:73:0,_024_____std_array,Editor,/Users/nozerose/Desktop/2023학년도 1학기 수업/CB3500572-063 C++프로그래밍과실습(Prof.김태연)/실습 024(선택) - std_array/array.cpp,,0,1,Changes
2023-03-09T22:43:27.324+09:00,nozerose,KeyEvent,110:78:0,_024_____std_array,Editor,/Users/nozerose/Desktop/2023학년도 1학기 수업/CB3500572-063 C++프로그래밍과실습(Prof.김태연)/실습 024(선택) - std_array/array.cpp,,0,2,Changes
2023-03-09T22:43:27.493+09:00,nozerose,KeyEvent,99:67:0,_024_____std_array,Editor,/Users/nozerose/Desktop/2023학년도 1학기 수업/CB3500572-063 C++프로그래밍과실습(Prof.김태연)/실습 024(선택) - std_array/array.cpp,,0,3,Changes
2023-03-09T22:43:27.563+09:00,nozerose,KeyEvent,108:76:0,_024_____std_array,Editor,/Users/nozerose/Desktop/2023학년도 1학기 수업/CB3500572-063 C++프로그래밍과실습(Prof.김태연)/실습 024(선택) - std_array/array.cpp,,0,4,Changes
2023-03-09T22:43:27.780+09:00,nozerose,KeyEvent,117:85:0,_024_____std_array,Editor,/Users/nozerose/Desktop/2023학년도 1학기 수업/CB3500572-063 C++프로그래밍과실습(Prof.김태연)/실습 024(선택) - std_array/array.cpp,,0,5,Changes
2023-03-09T22:43:27.851+09:00,nozerose,KeyEvent,100:68:0,_024_____std_array,Editor,/Users/nozerose/Desktop/2023학년도 1학기 수업/CB3500572-063 C++프로그래밍과실습(Prof.김태연)/실습 024(선택) - std_array/array.cpp,,0,6,Changes
2023-03-09T22:43:28.018+09:00,nozerose,KeyEvent,101:69:0,_024_____std_array,Editor,/Users/nozerose/Desktop/2023학년도 1학기 수업/CB3500572-063 C++프로그래밍과실습(Prof.김태연)/실습 024(선택) - std_array/array.cpp,,0,7,Changes
2023-03-09T22:43:28.232+09:00,nozerose,KeyEvent,32:32:0,_024_____std_array,Editor,/Users/nozerose/Desktop/2023학년도 1학기 수업/CB3500572-063 C++프로그래밍과실습(Prof.김태연)/실습 024(선택) - std_array/array.cpp,,0,8,Changes
2023-03-09T22:43:28.539+09:00,nozerose,KeyEvent,65535:16:1,_024_____std_array,Editor,/Users/nozerose/Desktop/2023학년도 1학기 수업/CB3500572-063 C++프로그래밍과실습(Prof.김태연)/실습 024(선택) - std_array/array.cpp,,0,9,Changes
2023-03-09T22:43:28.686+09:00,nozerose,KeyEvent,60:153:1,_024_____std_array,Editor,/Users/nozerose/Desktop/2023학년도 1학기 수업/CB3500572-063 C++프로그래밍과실습(Prof.김태연)/실습 024(선택) - std_array/array.cpp,,0,9,Changes
2023-03-09T22:43:29.352+09:00,nozerose,KeyEvent,115:83:0,_024_____std_array,Editor,/Users/nozerose/Desktop/2023학년도 1학기 수업/CB3500572-063 C++프로그래밍과실습(Prof.김태연)/실습 024(선택) - std_array/array.cpp,,0,10,Changes
2023-03-09T22:43:29.732+09:00,nozerose,Action,EditorBackSpace,_024_____std_array,Editor,/Users/nozerose/Desktop/2023학년도 1학기 수업/CB3500572-063 C++프로그래밍과실습(Prof.김태연)/실습 024(선택) - std_array/array.cpp,,0,11,Changes
2023-03-09T22:43:29.740+09:00,nozerose,KeyEvent,8:8:0,_024_____std_array,Editor,/Users/nozerose/Desktop/2023학년도 1학기 수업/CB3500572-063 C++프로그래밍과실습(Prof.김태연)/실습 024(선택) - std_array/array.cpp,,0,10,Changes
2023-03-09T22:43:29.958+09:00,nozerose,KeyEvent,105:73:0,_024_____std_array,Editor,/Users/nozerose/Desktop/2023학년도 1학기 수업/CB3500572-063 C++프로그래밍과실습(Prof.김태연)/실습 024(선택) - std_array/array.cpp,,0,10,Changes
2023-03-09T22:43:30.113+09:00,nozerose,KeyEvent,111:79:0,_024_____std_array,Editor,/Users/nozerose/Desktop/2023학년도 1학기 수업/CB3500572-063 C++프로그래밍과실습(Prof.김태연)/실습 024(선택) - std_array/array.cpp,,0,11,Changes
2023-03-09T22:43:30.275+09:00,nozerose,KeyEvent,115:83:0,_024_____std_array,Editor,/Users/nozerose/Desktop/2023학년도 1학기 수업/CB3500572-063 C++프로그래밍과실습(Prof.김태연)/실습 024(선택) - std_array/array.cpp,,0,12,Changes
2023-03-09T22:43:30.516+09:00,nozerose,KeyEvent,116:84:0,_024_____std_array,Editor,/Users/nozerose/Desktop/2023학년도 1학기 수업/CB3500572-063 C++프로그래밍과실습(Prof.김태연)/실습 024(선택) - std_array/array.cpp,,0,13,Changes
2023-03-09T22:43:30.706+09:00,nozerose,KeyEvent,114:82:0,_024_____std_array,Editor,/Users/nozerose/Desktop/2023학년도 1학기 수업/CB3500572-063 C++프로그래밍과실습(Prof.김태연)/실습 024(선택) - std_array/array.cpp,,0,14,Changes
2023-03-09T22:43:30.786+09:00,nozerose,KeyEvent,101:69:0,_024_____std_array,Editor,/Users/nozerose/Desktop/2023학년도 1학기 수업/CB3500572-063 C++프로그래밍과실습(Prof.김태연)/실습 024(선택) - std_array/array.cpp,,0,15,Changes
2023-03-09T22:43:30.916+09:00,nozerose,KeyEvent,97:65:0,_024_____std_array,Editor,/Users/nozerose/Desktop/2023학년도 1학기 수업/CB3500572-063 C++프로그래밍과실습(Prof.김태연)/실습 024(선택) - std_array/array.cpp,,0,16,Changes
2023-03-09T22:43:31.061+09:00,nozerose,KeyEvent,109:77:0,_024_____std_array,Editor,/Users/nozerose/Desktop/2023학년도 1학기 수업/CB3500572-063 C++프로그래밍과실습(Prof.김태연)/실습 024(선택) - std_array/array.cpp,,0,17,Changes
2023-03-09T22:43:31.448+09:00,nozerose,KeyEvent,65535:16:1,_024_____std_array,Editor,/Users/nozerose/Desktop/2023학년도 1학기 수업/CB3500572-063 C++프로그래밍과실습(Prof.김태연)/실습 024(선택) - std_array/array.cpp,,0,18,Changes
2023-03-09T22:43:31.627+09:00,nozerose,KeyEvent,62:46:1,_024_____std_array,Editor,/Users/nozerose/Desktop/2023학년도 1학기 수업/CB3500572-063 C++프로그래밍과실습(Prof.김태연)/실습 024(선택) - std_array/array.cpp,,0,18,Changes
2023-03-09T22:43:31.939+09:00,nozerose,Action,EditorEnter,_024_____std_array,Editor,/Users/nozerose/Desktop/2023학년도 1학기 수업/CB3500572-063 C++프로그래밍과실습(Prof.김태연)/실습 024(선택) - std_array/array.cpp,,0,19,Changes
2023-03-09T22:43:31.953+09:00,nozerose,KeyEvent,10:10:0,_024_____std_array,Editor,/Users/nozerose/Desktop/2023학년도 1학기 수업/CB3500572-063 C++프로그래밍과실습(Prof.김태연)/실습 024(선택) - std_array/array.cpp,,1,0,Changes
2023-03-09T22:43:32.830+09:00,nozerose,KeyEvent,117:85:0,_024_____std_array,Editor,/Users/nozerose/Desktop/2023학년도 1학기 수업/CB3500572-063 C++프로그래밍과실습(Prof.김태연)/실습 024(선택) - std_array/array.cpp,,1,0,Changes
2023-03-09T22:43:32.959+09:00,nozerose,KeyEvent,115:83:0,_024_____std_array,Editor,/Users/nozerose/Desktop/2023학년도 1학기 수업/CB3500572-063 C++프로그래밍과실습(Prof.김태연)/실습 024(선택) - std_array/array.cpp,,1,1,Changes
2023-03-09T22:43:33.019+09:00,nozerose,KeyEvent,105:73:0,_024_____std_array,Editor,/Users/nozerose/Desktop/2023학년도 1학기 수업/CB3500572-063 C++프로그래밍과실습(Prof.김태연)/실습 024(선택) - std_array/array.cpp,,1,2,Changes
2023-03-09T22:43:33.164+09:00,nozerose,KeyEvent,110:78:0,_024_____std_array,Editor,/Users/nozerose/Desktop/2023학년도 1학기 수업/CB3500572-063 C++프로그래밍과실습(Prof.김태연)/실습 024(선택) - std_array/array.cpp,,1,3,Changes
2023-03-09T22:43:33.300+09:00,nozerose,KeyEvent,103:71:0,_024_____std_array,Editor,/Users/nozerose/Desktop/2023학년도 1학기 수업/CB3500572-063 C++프로그래밍과실습(Prof.김태연)/실습 024(선택) - std_array/array.cpp,,1,4,Changes
2023-03-09T22:43:33.582+09:00,nozerose,KeyEvent,32:32:0,_024_____std_array,Editor,/Users/nozerose/Desktop/2023학년도 1학기 수업/CB3500572-063 C++프로그래밍과실습(Prof.김태연)/실습 024(선택) - std_array/array.cpp,,1,5,Changes
2023-03-09T22:43:33.762+09:00,nozerose,KeyEvent,110:78:0,_024_____std_array,Editor,/Users/nozerose/Desktop/2023학년도 1학기 수업/CB3500572-063 C++프로그래밍과실습(Prof.김태연)/실습 024(선택) - std_array/array.cpp,,1,6,Changes
2023-03-09T22:43:33.883+09:00,nozerose,KeyEvent,97:65:0,_024_____std_array,Editor,/Users/nozerose/Desktop/2023학년도 1학기 수업/CB3500572-063 C++프로그래밍과실습(Prof.김태연)/실습 024(선택) - std_array/array.cpp,,1,7,Changes
2023-03-09T22:43:33.978+09:00,nozerose,KeyEvent,109:77:0,_024_____std_array,Editor,/Users/nozerose/Desktop/2023학년도 1학기 수업/CB3500572-063 C++프로그래밍과실습(Prof.김태연)/실습 024(선택) - std_array/array.cpp,,1,8,Changes
2023-03-09T22:43:34.121+09:00,nozerose,KeyEvent,101:69:0,_024_____std_array,Editor,/Users/nozerose/Desktop/2023학년도 1학기 수업/CB3500572-063 C++프로그래밍과실습(Prof.김태연)/실습 024(선택) - std_array/array.cpp,,1,9,Changes
2023-03-09T22:43:34.305+09:00,nozerose,KeyEvent,115:83:0,_024_____std_array,Editor,/Users/nozerose/Desktop/2023학년도 1학기 수업/CB3500572-063 C++프로그래밍과실습(Prof.김태연)/실습 024(선택) - std_array/array.cpp,,1,10,Changes
2023-03-09T22:43:34.655+09:00,nozerose,KeyEvent,112:80:0,_024_____std_array,Editor,/Users/nozerose/Desktop/2023학년도 1학기 수업/CB3500572-063 C++프로그래밍과실습(Prof.김태연)/실습 024(선택) - std_array/array.cpp,,1,11,Changes
2023-03-09T22:43:34.787+09:00,nozerose,KeyEvent,97:65:0,_024_____std_array,Editor,/Users/nozerose/Desktop/2023학년도 1학기 수업/CB3500572-063 C++프로그래밍과실습(Prof.김태연)/실습 024(선택) - std_array/array.cpp,,1,12,Changes
2023-03-09T22:43:34.952+09:00,nozerose,KeyEvent,99:67:0,_024_____std_array,Editor,/Users/nozerose/Desktop/2023학년도 1학기 수업/CB3500572-063 C++프로그래밍과실습(Prof.김태연)/실습 024(선택) - std_array/array.cpp,,1,13,Changes
2023-03-09T22:43:35.123+09:00,nozerose,KeyEvent,101:69:0,_024_____std_array,Editor,/Users/nozerose/Desktop/2023학년도 1학기 수업/CB3500572-063 C++프로그래밍과실습(Prof.김태연)/실습 024(선택) - std_array/array.cpp,,1,14,Changes
2023-03-09T22:43:35.300+09:00,nozerose,KeyEvent,32:32:0,_024_____std_array,Editor,/Users/nozerose/Desktop/2023학년도 1학기 수업/CB3500572-063 C++프로그래밍과실습(Prof.김태연)/실습 024(선택) - std_array/array.cpp,,1,15,Changes
2023-03-09T22:43:35.459+09:00,nozerose,KeyEvent,115:83:0,_024_____std_array,Editor,/Users/nozerose/Desktop/2023학년도 1학기 수업/CB3500572-063 C++프로그래밍과실습(Prof.김태연)/실습 024(선택) - std_array/array.cpp,,1,16,Changes
2023-03-09T22:43:35.658+09:00,nozerose,KeyEvent,116:84:0,_024_____std_array,Editor,/Users/nozerose/Desktop/2023학년도 1학기 수업/CB3500572-063 C++프로그래밍과실습(Prof.김태연)/실습 024(선택) - std_array/array.cpp,,1,17,Changes
2023-03-09T22:43:35.846+09:00,nozerose,KeyEvent,100:68:0,_024_____std_array,Editor,/Users/nozerose/Desktop/2023학년도 1학기 수업/CB3500572-063 C++프로그래밍과실습(Prof.김태연)/실습 024(선택) - std_array/array.cpp,,1,18,Changes
2023-03-09T22:43:35.938+09:00,nozerose,KeyEvent,59:59:0,_024_____std_array,Editor,/Users/nozerose/Desktop/2023학년도 1학기 수업/CB3500572-063 C++프로그래밍과실습(Prof.김태연)/실습 024(선택) - std_array/array.cpp,,1,19,Changes
2023-03-09T22:43:36.262+09:00,nozerose,Action,EditorEnter,_024_____std_array,Editor,/Users/nozerose/Desktop/2023학년도 1학기 수업/CB3500572-063 C++프로그래밍과실습(Prof.김태연)/실습 024(선택) - std_array/array.cpp,,1,20,Changes
2023-03-09T22:43:36.274+09:00,nozerose,KeyEvent,10:10:0,_024_____std_array,Editor,/Users/nozerose/Desktop/2023학년도 1학기 수업/CB3500572-063 C++프로그래밍과실습(Prof.김태연)/실습 024(선택) - std_array/array.cpp,,2,0,Changes
2023-03-09T22:43:36.414+09:00,nozerose,Action,EditorEnter,_024_____std_array,Editor,/Users/nozerose/Desktop/2023학년도 1학기 수업/CB3500572-063 C++프로그래밍과실습(Prof.김태연)/실습 024(선택) - std_array/array.cpp,,2,0,Changes
2023-03-09T22:43:36.416+09:00,nozerose,KeyEvent,10:10:0,_024_____std_array,Editor,/Users/nozerose/Desktop/2023학년도 1학기 수업/CB3500572-063 C++프로그래밍과실습(Prof.김태연)/실습 024(선택) - std_array/array.cpp,,3,0,Changes
2023-03-09T22:43:36.963+09:00,nozerose,KeyEvent,105:73:0,_024_____std_array,Editor,/Users/nozerose/Desktop/2023학년도 1학기 수업/CB3500572-063 C++프로그래밍과실습(Prof.김태연)/실습 024(선택) - std_array/array.cpp,,3,0,Changes
2023-03-09T22:43:37.108+09:00,nozerose,KeyEvent,110:78:0,_024_____std_array,Editor,/Users/nozerose/Desktop/2023학년도 1학기 수업/CB3500572-063 C++프로그래밍과실습(Prof.김태연)/실습 024(선택) - std_array/array.cpp,,3,1,Changes
2023-03-09T22:43:37.236+09:00,nozerose,KeyEvent,116:84:0,_024_____std_array,Editor,/Users/nozerose/Desktop/2023학년도 1학기 수업/CB3500572-063 C++프로그래밍과실습(Prof.김태연)/실습 024(선택) - std_array/array.cpp,,3,2,Changes
2023-03-09T22:43:37.337+09:00,nozerose,KeyEvent,32:32:0,_024_____std_array,Editor,/Users/nozerose/Desktop/2023학년도 1학기 수업/CB3500572-063 C++프로그래밍과실습(Prof.김태연)/실습 024(선택) - std_array/array.cpp,,3,3,Changes
2023-03-09T22:43:37.428+09:00,nozerose,KeyEvent,109:77:0,_024_____std_array,Editor,/Users/nozerose/Desktop/2023학년도 1학기 수업/CB3500572-063 C++프로그래밍과실습(Prof.김태연)/실습 024(선택) - std_array/array.cpp,,3,4,Changes
2023-03-09T22:43:37.563+09:00,nozerose,KeyEvent,97:65:0,_024_____std_array,Editor,/Users/nozerose/Desktop/2023학년도 1학기 수업/CB3500572-063 C++프로그래밍과실습(Prof.김태연)/실습 024(선택) - std_array/array.cpp,,3,5,Changes
2023-03-09T22:43:37.657+09:00,nozerose,KeyEvent,105:73:0,_024_____std_array,Editor,/Users/nozerose/Desktop/2023학년도 1학기 수업/CB3500572-063 C++프로그래밍과실습(Prof.김태연)/실습 024(선택) - std_array/array.cpp,,3,6,Changes
2023-03-09T22:43:37.738+09:00,nozerose,KeyEvent,110:78:0,_024_____std_array,Editor,/Users/nozerose/Desktop/2023학년도 1학기 수업/CB3500572-063 C++프로그래밍과실습(Prof.김태연)/실습 024(선택) - std_array/array.cpp,,3,7,Changes
2023-03-09T22:43:37.877+09:00,nozerose,Action,EditorChooseLookupItem,_024_____std_array,Editor,/Users/nozerose/Desktop/2023학년도 1학기 수업/CB3500572-063 C++프로그래밍과실습(Prof.김태연)/실습 024(선택) - std_array/array.cpp,,3,8,Changes
2023-03-09T22:43:37.883+09:00,nozerose,KeyEvent,10:10:0,_024_____std_array,Editor,/Users/nozerose/Desktop/2023학년도 1학기 수업/CB3500572-063 C++프로그래밍과실습(Prof.김태연)/실습 024(선택) - std_array/array.cpp,,3,8,Changes
2023-03-09T22:43:38.295+09:00,nozerose,KeyEvent,65535:16:1,_024_____std_array,Editor,/Users/nozerose/Desktop/2023학년도 1학기 수업/CB3500572-063 C++프로그래밍과실습(Prof.김태연)/실습 024(선택) - std_array/array.cpp,,3,8,Changes
2023-03-09T22:43:39.238+09:00,nozerose,KeyEvent,65535:16:1,_024_____std_array,Editor,/Users/nozerose/Desktop/2023학년도 1학기 수업/CB3500572-063 C++프로그래밍과실습(Prof.김태연)/실습 024(선택) - std_array/array.cpp,,3,8,Changes
2023-03-09T22:43:39.606+09:00,nozerose,KeyEvent,40:519:1,_024_____std_array,Editor,/Users/nozerose/Desktop/2023학년도 1학기 수업/CB3500572-063 C++프로그래밍과실습(Prof.김태연)/실습 024(선택) - std_array/array.cpp,,3,8,Changes
2023-03-09T22:43:39.780+09:00,nozerose,KeyEvent,41:522:1,_024_____std_array,Editor,/Users/nozerose/Desktop/2023학년도 1학기 수업/CB3500572-063 C++프로그래밍과실습(Prof.김태연)/실습 024(선택) - std_array/array.cpp,,3,9,Changes
2023-03-09T22:43:40.127+09:00,nozerose,Action,EditorEnter,_024_____std_array,Editor,/Users/nozerose/Desktop/2023학년도 1학기 수업/CB3500572-063 C++프로그래밍과실습(Prof.김태연)/실습 024(선택) - std_array/array.cpp,,3,10,Changes
2023-03-09T22:43:40.141+09:00,nozerose,KeyEvent,10:10:0,_024_____std_array,Editor,/Users/nozerose/Desktop/2023학년도 1학기 수업/CB3500572-063 C++프로그래밍과실습(Prof.김태연)/실습 024(선택) - std_array/array.cpp,,4,0,Changes
2023-03-09T22:43:40.486+09:00,nozerose,KeyEvent,65535:16:1,_024_____std_array,Editor,/Users/nozerose/Desktop/2023학년도 1학기 수업/CB3500572-063 C++프로그래밍과실습(Prof.김태연)/실습 024(선택) - std_array/array.cpp,,4,0,Changes
2023-03-09T22:43:40.715+09:00,nozerose,KeyEvent,123:91:1,_024_____std_array,Editor,/Users/nozerose/Desktop/2023학년도 1학기 수업/CB3500572-063 C++프로그래밍과실습(Prof.김태연)/실습 024(선택) - std_array/array.cpp,,4,0,Changes
2023-03-09T22:43:40.914+09:00,nozerose,Action,EditorEnter,_024_____std_array,Editor,/Users/nozerose/Desktop/2023학년도 1학기 수업/CB3500572-063 C++프로그래밍과실습(Prof.김태연)/실습 024(선택) - std_array/array.cpp,,4,1,Changes
2023-03-09T22:43:40.922+09:00,nozerose,KeyEvent,10:10:0,_024_____std_array,Editor,/Users/nozerose/Desktop/2023학년도 1학기 수업/CB3500572-063 C++프로그래밍과실습(Prof.김태연)/실습 024(선택) - std_array/array.cpp,,5,2,Changes
2023-03-09T22:44:01.536+09:00,nozerose,KeyEvent,97:65:0,_024_____std_array,Editor,/Users/nozerose/Desktop/2023학년도 1학기 수업/CB3500572-063 C++프로그래밍과실습(Prof.김태연)/실습 024(선택) - std_array/array.cpp,,5,2,Changes
2023-03-09T22:44:01.829+09:00,nozerose,KeyEvent,114:82:0,_024_____std_array,Editor,/Users/nozerose/Desktop/2023학년도 1학기 수업/CB3500572-063 C++프로그래밍과실습(Prof.김태연)/실습 024(선택) - std_array/array.cpp,,5,3,Changes
2023-03-09T22:44:02.008+09:00,nozerose,KeyEvent,114:82:0,_024_____std_array,Editor,/Users/nozerose/Desktop/2023학년도 1학기 수업/CB3500572-063 C++프로그래밍과실습(Prof.김태연)/실습 024(선택) - std_array/array.cpp,,5,4,Changes
2023-03-09T22:44:02.249+09:00,nozerose,KeyEvent,97:65:0,_024_____std_array,Editor,/Users/nozerose/Desktop/2023학년도 1학기 수업/CB3500572-063 C++프로그래밍과실습(Prof.김태연)/실습 024(선택) - std_array/array.cpp,,5,5,Changes
2023-03-09T22:44:02.581+09:00,nozerose,KeyEvent,121:89:0,_024_____std_array,Editor,/Users/nozerose/Desktop/2023학년도 1학기 수업/CB3500572-063 C++프로그래밍과실습(Prof.김태연)/실습 024(선택) - std_array/array.cpp,,5,6,Changes
2023-03-09T22:44:03.685+09:00,nozerose,KeyEvent,65535:16:1,_024_____std_array,Editor,/Users/nozerose/Desktop/2023학년도 1학기 수업/CB3500572-063 C++프로그래밍과실습(Prof.김태연)/실습 024(선택) - std_array/array.cpp,,5,7,Changes
2023-03-09T22:44:03.911+09:00,nozerose,KeyEvent,60:153:1,_024_____std_array,Editor,/Users/nozerose/Desktop/2023학년도 1학기 수업/CB3500572-063 C++프로그래밍과실습(Prof.김태연)/실습 024(선택) - std_array/array.cpp,,5,7,Changes
2023-03-09T22:44:04.317+09:00,nozerose,KeyEvent,105:73:0,_024_____std_array,Editor,/Users/nozerose/Desktop/2023학년도 1학기 수업/CB3500572-063 C++프로그래밍과실습(Prof.김태연)/실습 024(선택) - std_array/array.cpp,,5,8,Changes
2023-03-09T22:44:04.510+09:00,nozerose,KeyEvent,110:78:0,_024_____std_array,Editor,/Users/nozerose/Desktop/2023학년도 1학기 수업/CB3500572-063 C++프로그래밍과실습(Prof.김태연)/실습 024(선택) - std_array/array.cpp,,5,9,Changes
2023-03-09T22:44:04.705+09:00,nozerose,KeyEvent,116:84:0,_024_____std_array,Editor,/Users/nozerose/Desktop/2023학년도 1학기 수업/CB3500572-063 C++프로그래밍과실습(Prof.김태연)/실습 024(선택) - std_array/array.cpp,,5,10,Changes
2023-03-09T22:44:04.895+09:00,nozerose,KeyEvent,44:44:0,_024_____std_array,Editor,/Users/nozerose/Desktop/2023학년도 1학기 수업/CB3500572-063 C++프로그래밍과실습(Prof.김태연)/실습 024(선택) - std_array/array.cpp,,5,11,Changes
2023-03-09T22:44:05.104+09:00,nozerose,KeyEvent,32:32:0,_024_____std_array,Editor,/Users/nozerose/Desktop/2023학년도 1학기 수업/CB3500572-063 C++프로그래밍과실습(Prof.김태연)/실습 024(선택) - std_array/array.cpp,,5,12,Changes
2023-03-09T22:44:05.400+09:00,nozerose,KeyEvent,49:49:0,_024_____std_array,Editor,/Users/nozerose/Desktop/2023학년도 1학기 수업/CB3500572-063 C++프로그래밍과실습(Prof.김태연)/실습 024(선택) - std_array/array.cpp,,5,13,Changes
2023-03-09T22:44:05.667+09:00,nozerose,KeyEvent,48:48:0,_024_____std_array,Editor,/Users/nozerose/Desktop/2023학년도 1학기 수업/CB3500572-063 C++프로그래밍과실습(Prof.김태연)/실습 024(선택) - std_array/array.cpp,,5,14,Changes
2023-03-09T22:44:06.075+09:00,nozerose,KeyEvent,65535:16:1,_024_____std_array,Editor,/Users/nozerose/Desktop/2023학년도 1학기 수업/CB3500572-063 C++프로그래밍과실습(Prof.김태연)/실습 024(선택) - std_array/array.cpp,,5,15,Changes
2023-03-09T22:44:06.603+09:00,nozerose,KeyEvent,62:46:1,_024_____std_array,Editor,/Users/nozerose/Desktop/2023학년도 1학기 수업/CB3500572-063 C++프로그래밍과실습(Prof.김태연)/실습 024(선택) - std_array/array.cpp,,5,15,Changes
2023-03-09T22:44:07.176+09:00,nozerose,KeyEvent,32:32:0,_024_____std_array,Editor,/Users/nozerose/Desktop/2023학년도 1학기 수업/CB3500572-063 C++프로그래밍과실습(Prof.김태연)/실습 024(선택) - std_array/array.cpp,,5,16,Changes
2023-03-09T22:44:09.521+09:00,nozerose,KeyEvent,97:65:0,_024_____std_array,Editor,/Users/nozerose/Desktop/2023학년도 1학기 수업/CB3500572-063 C++프로그래밍과실습(Prof.김태연)/실습 024(선택) - std_array/array.cpp,,5,17,Changes
2023-03-09T22:44:10.412+09:00,nozerose,KeyEvent,114:82:0,_024_____std_array,Editor,/Users/nozerose/Desktop/2023학년도 1학기 수업/CB3500572-063 C++프로그래밍과실습(Prof.김태연)/실습 024(선택) - std_array/array.cpp,,5,18,Changes
2023-03-09T22:44:10.574+09:00,nozerose,KeyEvent,114:82:0,_024_____std_array,Editor,/Users/nozerose/Desktop/2023학년도 1학기 수업/CB3500572-063 C++프로그래밍과실습(Prof.김태연)/실습 024(선택) - std_array/array.cpp,,5,19,Changes
2023-03-09T22:44:11.263+09:00,nozerose,KeyEvent,59:59:0,_024_____std_array,Editor,/Users/nozerose/Desktop/2023학년도 1학기 수업/CB3500572-063 C++프로그래밍과실습(Prof.김태연)/실습 024(선택) - std_array/array.cpp,,5,20,Changes
2023-03-09T22:44:12.586+09:00,nozerose,Action,EditorEnter,_024_____std_array,Editor,/Users/nozerose/Desktop/2023학년도 1학기 수업/CB3500572-063 C++프로그래밍과실습(Prof.김태연)/실습 024(선택) - std_array/array.cpp,,5,21,Changes
2023-03-09T22:44:12.588+09:00,nozerose,KeyEvent,10:10:0,_024_____std_array,Editor,/Users/nozerose/Desktop/2023학년도 1학기 수업/CB3500572-063 C++프로그래밍과실습(Prof.김태연)/실습 024(선택) - std_array/array.cpp,,6,2,Changes
2023-03-09T22:44:13.532+09:00,nozerose,Action,EditorEnter,_024_____std_array,Editor,/Users/nozerose/Desktop/2023학년도 1학기 수업/CB3500572-063 C++프로그래밍과실습(Prof.김태연)/실습 024(선택) - std_array/array.cpp,,6,2,Changes
2023-03-09T22:44:13.537+09:00,nozerose,KeyEvent,10:10:0,_024_____std_array,Editor,/Users/nozerose/Desktop/2023학년도 1학기 수업/CB3500572-063 C++프로그래밍과실습(Prof.김태연)/실습 024(선택) - std_array/array.cpp,,7,2,Changes
2023-03-09T22:44:18.135+09:00,nozerose,KeyEvent,102:70:0,_024_____std_array,Editor,/Users/nozerose/Desktop/2023학년도 1학기 수업/CB3500572-063 C++프로그래밍과실습(Prof.김태연)/실습 024(선택) - std_array/array.cpp,,7,2,Changes
2023-03-09T22:44:18.345+09:00,nozerose,KeyEvent,111:79:0,_024_____std_array,Editor,/Users/nozerose/Desktop/2023학년도 1학기 수업/CB3500572-063 C++프로그래밍과실습(Prof.김태연)/실습 024(선택) - std_array/array.cpp,,7,3,Changes
2023-03-09T22:44:18.554+09:00,nozerose,KeyEvent,114:82:0,_024_____std_array,Editor,/Users/nozerose/Desktop/2023학년도 1학기 수업/CB3500572-063 C++프로그래밍과실습(Prof.김태연)/실습 024(선택) - std_array/array.cpp,,7,4,Changes
2023-03-09T22:44:19.875+09:00,nozerose,KeyEvent,32:32:0,_024_____std_array,Editor,/Users/nozerose/Desktop/2023학년도 1학기 수업/CB3500572-063 C++프로그래밍과실습(Prof.김태연)/실습 024(선택) - std_array/array.cpp,,7,5,Changes
2023-03-09T22:44:20.034+09:00,nozerose,KeyEvent,65535:16:1,_024_____std_array,Editor,/Users/nozerose/Desktop/2023학년도 1학기 수업/CB3500572-063 C++프로그래밍과실습(Prof.김태연)/실습 024(선택) - std_array/array.cpp,,7,6,Changes
2023-03-09T22:44:20.269+09:00,nozerose,KeyEvent,40:519:1,_024_____std_array,Editor,/Users/nozerose/Desktop/2023학년도 1학기 수업/CB3500572-063 C++프로그래밍과실습(Prof.김태연)/실습 024(선택) - std_array/array.cpp,,7,6,Changes
2023-03-09T22:44:20.978+09:00,nozerose,KeyEvent,97:65:0,_024_____std_array,Editor,/Users/nozerose/Desktop/2023학년도 1학기 수업/CB3500572-063 C++프로그래밍과실습(Prof.김태연)/실습 024(선택) - std_array/array.cpp,,7,7,Changes
2023-03-09T22:44:21.133+09:00,nozerose,KeyEvent,117:85:0,_024_____std_array,Editor,/Users/nozerose/Desktop/2023학년도 1학기 수업/CB3500572-063 C++프로그래밍과실습(Prof.김태연)/실습 024(선택) - std_array/array.cpp,,7,8,Changes
2023-03-09T22:44:21.335+09:00,nozerose,KeyEvent,116:84:0,_024_____std_array,Editor,/Users/nozerose/Desktop/2023학년도 1학기 수업/CB3500572-063 C++프로그래밍과실습(Prof.김태연)/실습 024(선택) - std_array/array.cpp,,7,9,Changes
2023-03-09T22:44:21.365+09:00,nozerose,KeyEvent,111:79:0,_024_____std_array,Editor,/Users/nozerose/Desktop/2023학년도 1학기 수업/CB3500572-063 C++프로그래밍과실습(Prof.김태연)/실습 024(선택) - std_array/array.cpp,,7,10,Changes
2023-03-09T22:44:21.532+09:00,nozerose,KeyEvent,32:32:0,_024_____std_array,Editor,/Users/nozerose/Desktop/2023학년도 1학기 수업/CB3500572-063 C++프로그래밍과실습(Prof.김태연)/실습 024(선택) - std_array/array.cpp,,7,11,Changes
2023-03-09T22:44:23.150+09:00,nozerose,KeyEvent,65535:16:1,_024_____std_array,Editor,/Users/nozerose/Desktop/2023학년도 1학기 수업/CB3500572-063 C++프로그래밍과실습(Prof.김태연)/실습 024(선택) - std_array/array.cpp,,7,12,Changes
2023-03-09T22:44:23.616+09:00,nozerose,KeyEvent,38:150:1,_024_____std_array,Editor,/Users/nozerose/Desktop/2023학년도 1학기 수업/CB3500572-063 C++프로그래밍과실습(Prof.김태연)/실습 024(선택) - std_array/array.cpp,,7,12,Changes
2023-03-09T22:44:26.794+09:00,nozerose,Action,EditorEnter,_024_____std_array,Editor,/Users/nozerose/Desktop/2023학년도 1학기 수업/CB3500572-063 C++프로그래밍과실습(Prof.김태연)/실습 024(선택) - std_array/array.cpp,,7,13,Changes
2023-03-09T22:44:26.798+09:00,nozerose,KeyEvent,10:10:0,_024_____std_array,Editor,/Users/nozerose/Desktop/2023학년도 1학기 수업/CB3500572-063 C++프로그래밍과실습(Prof.김태연)/실습 024(선택) - std_array/array.cpp,,8,2,Changes
2023-03-09T22:44:27.553+09:00,nozerose,Action,EditorBackSpace,_024_____std_array,Editor,/Users/nozerose/Desktop/2023학년도 1학기 수업/CB3500572-063 C++프로그래밍과실습(Prof.김태연)/실습 024(선택) - std_array/array.cpp,,8,2,Changes
2023-03-09T22:44:27.560+09:00,nozerose,KeyEvent,8:8:0,_024_____std_array,Editor,/Users/nozerose/Desktop/2023학년도 1학기 수업/CB3500572-063 C++프로그래밍과실습(Prof.김태연)/실습 024(선택) - std_array/array.cpp,,7,13,Changes
2023-03-09T22:44:27.921+09:00,nozerose,Action,EditorBackSpace,_024_____std_array,Editor,/Users/nozerose/Desktop/2023학년도 1학기 수업/CB3500572-063 C++프로그래밍과실습(Prof.김태연)/실습 024(선택) - std_array/array.cpp,,7,13,Changes
2023-03-09T22:44:27.933+09:00,nozerose,KeyEvent,8:8:0,_024_____std_array,Editor,/Users/nozerose/Desktop/2023학년도 1학기 수업/CB3500572-063 C++프로그래밍과실습(Prof.김태연)/실습 024(선택) - std_array/array.cpp,,7,12,Changes
2023-03-09T22:44:28.742+09:00,nozerose,KeyEvent,65535:16:1,_024_____std_array,Editor,/Users/nozerose/Desktop/2023학년도 1학기 수업/CB3500572-063 C++프로그래밍과실습(Prof.김태연)/실습 024(선택) - std_array/array.cpp,,7,12,Changes
2023-03-09T22:44:29.443+09:00,nozerose,KeyEvent,38:150:1,_024_____std_array,Editor,/Users/nozerose/Desktop/2023학년도 1학기 수업/CB3500572-063 C++프로그래밍과실습(Prof.김태연)/실습 024(선택) - std_array/array.cpp,,7,12,Changes
2023-03-09T22:44:30.478+09:00,nozerose,KeyEvent,105:73:0,_024_____std_array,Editor,/Users/nozerose/Desktop/2023학년도 1학기 수업/CB3500572-063 C++프로그래밍과실습(Prof.김태연)/실습 024(선택) - std_array/array.cpp,,7,13,Changes
2023-03-09T22:44:30.825+09:00,nozerose,KeyEvent,116:84:0,_024_____std_array,Editor,/Users/nozerose/Desktop/2023학년도 1학기 수업/CB3500572-063 C++프로그래밍과실습(Prof.김태연)/실습 024(선택) - std_array/array.cpp,,7,14,Changes
2023-03-09T22:44:31.054+09:00,nozerose,KeyEvent,101:69:0,_024_____std_array,Editor,/Users/nozerose/Desktop/2023학년도 1학기 수업/CB3500572-063 C++프로그래밍과실습(Prof.김태연)/실습 024(선택) - std_array/array.cpp,,7,15,Changes
2023-03-09T22:44:31.131+09:00,nozerose,KeyEvent,114:82:0,_024_____std_array,Editor,/Users/nozerose/Desktop/2023학년도 1학기 수업/CB3500572-063 C++프로그래밍과실습(Prof.김태연)/실습 024(선택) - std_array/array.cpp,,7,16,Changes
2023-03-09T22:44:32.434+09:00,nozerose,KeyEvent,32:32:0,_024_____std_array,Editor,/Users/nozerose/Desktop/2023학년도 1학기 수업/CB3500572-063 C++프로그래밍과실습(Prof.김태연)/실습 024(선택) - std_array/array.cpp,,7,17,Changes
2023-03-09T22:44:32.576+09:00,nozerose,KeyEvent,65535:16:1,_024_____std_array,Editor,/Users/nozerose/Desktop/2023학년도 1학기 수업/CB3500572-063 C++프로그래밍과실습(Prof.김태연)/실습 024(선택) - std_array/array.cpp,,7,18,Changes
2023-03-09T22:44:32.823+09:00,nozerose,KeyEvent,58:513:1,_024_____std_array,Editor,/Users/nozerose/Desktop/2023학년도 1학기 수업/CB3500572-063 C++프로그래밍과실습(Prof.김태연)/실습 024(선택) - std_array/array.cpp,,7,18,Changes
2023-03-09T22:44:33.042+09:00,nozerose,KeyEvent,32:32:0,_024_____std_array,Editor,/Users/nozerose/Desktop/2023학년도 1학기 수업/CB3500572-063 C++프로그래밍과실습(Prof.김태연)/실습 024(선택) - std_array/array.cpp,,7,19,Changes
2023-03-09T22:44:33.678+09:00,nozerose,KeyEvent,97:65:0,_024_____std_array,Editor,/Users/nozerose/Desktop/2023학년도 1학기 수업/CB3500572-063 C++프로그래밍과실습(Prof.김태연)/실습 024(선택) - std_array/array.cpp,,7,20,Changes
2023-03-09T22:44:33.981+09:00,nozerose,KeyEvent,114:82:0,_024_____std_array,Editor,/Users/nozerose/Desktop/2023학년도 1학기 수업/CB3500572-063 C++프로그래밍과실습(Prof.김태연)/실습 024(선택) - std_array/array.cpp,,7,21,Changes
2023-03-09T22:44:34.118+09:00,nozerose,KeyEvent,114:82:0,_024_____std_array,Editor,/Users/nozerose/Desktop/2023학년도 1학기 수업/CB3500572-063 C++프로그래밍과실습(Prof.김태연)/실습 024(선택) - std_array/array.cpp,,7,22,Changes
2023-03-09T22:44:34.650+09:00,nozerose,Action,EditorRight,_024_____std_array,Editor,/Users/nozerose/Desktop/2023학년도 1학기 수업/CB3500572-063 C++프로그래밍과실습(Prof.김태연)/실습 024(선택) - std_array/array.cpp,,7,23,Changes
2023-03-09T22:44:34.656+09:00,nozerose,KeyEvent,65535:39:0,_024_____std_array,Editor,/Users/nozerose/Desktop/2023학년도 1학기 수업/CB3500572-063 C++프로그래밍과실습(Prof.김태연)/실습 024(선택) - std_array/array.cpp,,7,24,Changes
2023-03-09T22:44:34.954+09:00,nozerose,Action,EditorEnter,_024_____std_array,Editor,/Users/nozerose/Desktop/2023학년도 1학기 수업/CB3500572-063 C++프로그래밍과실습(Prof.김태연)/실습 024(선택) - std_array/array.cpp,,7,24,Changes
2023-03-09T22:44:34.968+09:00,nozerose,KeyEvent,10:10:0,_024_____std_array,Editor,/Users/nozerose/Desktop/2023학년도 1학기 수업/CB3500572-063 C++프로그래밍과실습(Prof.김태연)/실습 024(선택) - std_array/array.cpp,,8,4,Changes
2023-03-09T22:44:35.630+09:00,nozerose,KeyEvent,99:67:0,_024_____std_array,Editor,/Users/nozerose/Desktop/2023학년도 1학기 수업/CB3500572-063 C++프로그래밍과실습(Prof.김태연)/실습 024(선택) - std_array/array.cpp,,8,4,Changes
2023-03-09T22:44:35.765+09:00,nozerose,KeyEvent,105:73:0,_024_____std_array,Editor,/Users/nozerose/Desktop/2023학년도 1학기 수업/CB3500572-063 C++프로그래밍과실습(Prof.김태연)/실습 024(선택) - std_array/array.cpp,,8,5,Changes
2023-03-09T22:44:35.886+09:00,nozerose,KeyEvent,110:78:0,_024_____std_array,Editor,/Users/nozerose/Desktop/2023학년도 1학기 수업/CB3500572-063 C++프로그래밍과실습(Prof.김태연)/실습 024(선택) - std_array/array.cpp,,8,6,Changes
2023-03-09T22:44:36.083+09:00,nozerose,KeyEvent,32:32:0,_024_____std_array,Editor,/Users/nozerose/Desktop/2023학년도 1학기 수업/CB3500572-063 C++프로그래밍과실습(Prof.김태연)/실습 024(선택) - std_array/array.cpp,,8,7,Changes
2023-03-09T22:44:36.322+09:00,nozerose,KeyEvent,65535:16:1,_024_____std_array,Editor,/Users/nozerose/Desktop/2023학년도 1학기 수업/CB3500572-063 C++프로그래밍과실습(Prof.김태연)/실습 024(선택) - std_array/array.cpp,,8,8,Changes
2023-03-09T22:44:36.547+09:00,nozerose,KeyEvent,62:46:1,_024_____std_array,Editor,/Users/nozerose/Desktop/2023학년도 1학기 수업/CB3500572-063 C++프로그래밍과실습(Prof.김태연)/실습 024(선택) - std_array/array.cpp,,8,8,Changes
2023-03-09T22:44:36.678+09:00,nozerose,KeyEvent,62:46:1,_024_____std_array,Editor,/Users/nozerose/Desktop/2023학년도 1학기 수업/CB3500572-063 C++프로그래밍과실습(Prof.김태연)/실습 024(선택) - std_array/array.cpp,,8,9,Changes
2023-03-09T22:44:36.907+09:00,nozerose,KeyEvent,32:32:0,_024_____std_array,Editor,/Users/nozerose/Desktop/2023학년도 1학기 수업/CB3500572-063 C++프로그래밍과실습(Prof.김태연)/실습 024(선택) - std_array/array.cpp,,8,10,Changes
2023-03-09T22:44:37.287+09:00,nozerose,KeyEvent,105:73:0,_024_____std_array,Editor,/Users/nozerose/Desktop/2023학년도 1학기 수업/CB3500572-063 C++프로그래밍과실습(Prof.김태연)/실습 024(선택) - std_array/array.cpp,,8,11,Changes
2023-03-09T22:44:37.512+09:00,nozerose,KeyEvent,116:84:0,_024_____std_array,Editor,/Users/nozerose/Desktop/2023학년도 1학기 수업/CB3500572-063 C++프로그래밍과실습(Prof.김태연)/실습 024(선택) - std_array/array.cpp,,8,12,Changes
2023-03-09T22:44:37.707+09:00,nozerose,KeyEvent,101:69:0,_024_____std_array,Editor,/Users/nozerose/Desktop/2023학년도 1학기 수업/CB3500572-063 C++프로그래밍과실습(Prof.김태연)/실습 024(선택) - std_array/array.cpp,,8,13,Changes
2023-03-09T22:44:37.830+09:00,nozerose,KeyEvent,114:82:0,_024_____std_array,Editor,/Users/nozerose/Desktop/2023학년도 1학기 수업/CB3500572-063 C++프로그래밍과실습(Prof.김태연)/실습 024(선택) - std_array/array.cpp,,8,14,Changes
2023-03-09T22:44:38.441+09:00,nozerose,KeyEvent,59:59:0,_024_____std_array,Editor,/Users/nozerose/Desktop/2023학년도 1학기 수업/CB3500572-063 C++프로그래밍과실습(Prof.김태연)/실습 024(선택) - std_array/array.cpp,,8,15,Changes
2023-03-09T22:44:38.984+09:00,nozerose,Action,EditorEnter,_024_____std_array,Editor,/Users/nozerose/Desktop/2023학년도 1학기 수업/CB3500572-063 C++프로그래밍과실습(Prof.김태연)/실습 024(선택) - std_array/array.cpp,,8,16,Changes
2023-03-09T22:44:38.986+09:00,nozerose,KeyEvent,10:10:0,_024_____std_array,Editor,/Users/nozerose/Desktop/2023학년도 1학기 수업/CB3500572-063 C++프로그래밍과실습(Prof.김태연)/실습 024(선택) - std_array/array.cpp,,9,2,Changes
2023-03-09T22:44:39.555+09:00,nozerose,Action,EditorEnter,_024_____std_array,Editor,/Users/nozerose/Desktop/2023학년도 1학기 수업/CB3500572-063 C++프로그래밍과실습(Prof.김태연)/실습 024(선택) - std_array/array.cpp,,9,2,Changes
2023-03-09T22:44:39.558+09:00,nozerose,KeyEvent,10:10:0,_024_____std_array,Editor,/Users/nozerose/Desktop/2023학년도 1학기 수업/CB3500572-063 C++프로그래밍과실습(Prof.김태연)/실습 024(선택) - std_array/array.cpp,,10,2,Changes
2023-03-09T22:44:42.351+09:00,nozerose,KeyEvent,99:67:0,_024_____std_array,Editor,/Users/nozerose/Desktop/2023학년도 1학기 수업/CB3500572-063 C++프로그래밍과실습(Prof.김태연)/실습 024(선택) - std_array/array.cpp,,10,2,Changes
2023-03-09T22:44:42.460+09:00,nozerose,KeyEvent,111:79:0,_024_____std_array,Editor,/Users/nozerose/Desktop/2023학년도 1학기 수업/CB3500572-063 C++프로그래밍과실습(Prof.김태연)/실습 024(선택) - std_array/array.cpp,,10,3,Changes
2023-03-09T22:44:42.660+09:00,nozerose,KeyEvent,117:85:0,_024_____std_array,Editor,/Users/nozerose/Desktop/2023학년도 1학기 수업/CB3500572-063 C++프로그래밍과실습(Prof.김태연)/실습 024(선택) - std_array/array.cpp,,10,4,Changes
2023-03-09T22:44:42.840+09:00,nozerose,KeyEvent,116:84:0,_024_____std_array,Editor,/Users/nozerose/Desktop/2023학년도 1학기 수업/CB3500572-063 C++프로그래밍과실습(Prof.김태연)/실습 024(선택) - std_array/array.cpp,,10,5,Changes
2023-03-09T22:44:43.076+09:00,nozerose,KeyEvent,32:32:0,_024_____std_array,Editor,/Users/nozerose/Desktop/2023학년도 1학기 수업/CB3500572-063 C++프로그래밍과실습(Prof.김태연)/실습 024(선택) - std_array/array.cpp,,10,6,Changes
2023-03-09T22:44:43.282+09:00,nozerose,KeyEvent,65535:16:1,_024_____std_array,Editor,/Users/nozerose/Desktop/2023학년도 1학기 수업/CB3500572-063 C++프로그래밍과실습(Prof.김태연)/실습 024(선택) - std_array/array.cpp,,10,7,Changes
2023-03-09T22:44:43.481+09:00,nozerose,KeyEvent,60:153:1,_024_____std_array,Editor,/Users/nozerose/Desktop/2023학년도 1학기 수업/CB3500572-063 C++프로그래밍과실습(Prof.김태연)/실습 024(선택) - std_array/array.cpp,,10,7,Changes
2023-03-09T22:44:43.624+09:00,nozerose,KeyEvent,60:153:1,_024_____std_array,Editor,/Users/nozerose/Desktop/2023학년도 1학기 수업/CB3500572-063 C++프로그래밍과실습(Prof.김태연)/실습 024(선택) - std_array/array.cpp,,10,8,Changes
2023-03-09T22:44:43.830+09:00,nozerose,KeyEvent,32:32:0,_024_____std_array,Editor,/Users/nozerose/Desktop/2023학년도 1학기 수업/CB3500572-063 C++프로그래밍과실습(Prof.김태연)/실습 024(선택) - std_array/array.cpp,,10,9,Changes
2023-03-09T22:44:46.048+09:00,nozerose,KeyEvent,97:65:0,_024_____std_array,Editor,/Users/nozerose/Desktop/2023학년도 1학기 수업/CB3500572-063 C++프로그래밍과실습(Prof.김태연)/실습 024(선택) - std_array/array.cpp,,10,10,Changes
2023-03-09T22:44:46.406+09:00,nozerose,KeyEvent,114:82:0,_024_____std_array,Editor,/Users/nozerose/Desktop/2023학년도 1학기 수업/CB3500572-063 C++프로그래밍과실습(Prof.김태연)/실습 024(선택) - std_array/array.cpp,,10,11,Changes
2023-03-09T22:44:46.541+09:00,nozerose,KeyEvent,114:82:0,_024_____std_array,Editor,/Users/nozerose/Desktop/2023학년도 1학기 수업/CB3500572-063 C++프로그래밍과실습(Prof.김태연)/실습 024(선택) - std_array/array.cpp,,10,12,Changes
2023-03-09T22:44:47.712+09:00,nozerose,KeyEvent,59:59:0,_024_____std_array,Editor,/Users/nozerose/Desktop/2023학년도 1학기 수업/CB3500572-063 C++프로그래밍과실습(Prof.김태연)/실습 024(선택) - std_array/array.cpp,,10,13,Changes
2023-03-09T22:45:28.117+09:00,nozerose,Action,EditorEnter,_024_____std_array,Editor,/Users/nozerose/Desktop/2023학년도 1학기 수업/CB3500572-063 C++프로그래밍과실습(Prof.김태연)/실습 024(선택) - std_array/array.cpp,,0,19,Changes
2023-03-09T22:45:28.124+09:00,nozerose,KeyEvent,10:10:0,_024_____std_array,Editor,/Users/nozerose/Desktop/2023학년도 1학기 수업/CB3500572-063 C++프로그래밍과실습(Prof.김태연)/실습 024(선택) - std_array/array.cpp,,1,0,Changes
2023-03-09T22:45:28.354+09:00,nozerose,KeyEvent,65535:16:1,_024_____std_array,Editor,/Users/nozerose/Desktop/2023학년도 1학기 수업/CB3500572-063 C++프로그래밍과실습(Prof.김태연)/실습 024(선택) - std_array/array.cpp,,1,0,Changes
2023-03-09T22:45:28.433+09:00,nozerose,KeyEvent,35:520:1,_024_____std_array,Editor,/Users/nozerose/Desktop/2023학년도 1학기 수업/CB3500572-063 C++프로그래밍과실습(Prof.김태연)/실습 024(선택) - std_array/array.cpp,,1,0,Changes
2023-03-09T22:45:28.747+09:00,nozerose,KeyEvent,12625:73:0,_024_____std_array,Editor,/Users/nozerose/Desktop/2023학년도 1학기 수업/CB3500572-063 C++프로그래밍과실습(Prof.김태연)/실습 024(선택) - std_array/array.cpp,,1,1,Changes
2023-03-09T22:45:29.520+09:00,nozerose,Action,EditorBackSpace,_024_____std_array,Editor,/Users/nozerose/Desktop/2023학년도 1학기 수업/CB3500572-063 C++프로그래밍과실습(Prof.김태연)/실습 024(선택) - std_array/array.cpp,,1,3,Changes
2023-03-09T22:45:29.523+09:00,nozerose,KeyEvent,8:8:0,_024_____std_array,Editor,/Users/nozerose/Desktop/2023학년도 1학기 수업/CB3500572-063 C++프로그래밍과실습(Prof.김태연)/실습 024(선택) - std_array/array.cpp,,1,2,Changes
2023-03-09T22:45:29.665+09:00,nozerose,Action,EditorBackSpace,_024_____std_array,Editor,/Users/nozerose/Desktop/2023학년도 1학기 수업/CB3500572-063 C++프로그래밍과실습(Prof.김태연)/실습 024(선택) - std_array/array.cpp,,1,2,Changes
2023-03-09T22:45:29.667+09:00,nozerose,KeyEvent,8:8:0,_024_____std_array,Editor,/Users/nozerose/Desktop/2023학년도 1학기 수업/CB3500572-063 C++프로그래밍과실습(Prof.김태연)/실습 024(선택) - std_array/array.cpp,,1,1,Changes
2023-03-09T22:45:29.904+09:00,nozerose,KeyEvent,65535:20:0,_024_____std_array,Editor,/Users/nozerose/Desktop/2023학년도 1학기 수업/CB3500572-063 C++프로그래밍과실습(Prof.김태연)/실습 024(선택) - std_array/array.cpp,,1,1,Changes
2023-03-09T22:45:29.929+09:00,nozerose,KeyEvent,65535:0:0,_024_____std_array,Editor,/Users/nozerose/Desktop/2023학년도 1학기 수업/CB3500572-063 C++프로그래밍과실습(Prof.김태연)/실습 024(선택) - std_array/array.cpp,,1,1,Changes
2023-03-09T22:45:29.945+09:00,nozerose,KeyEvent,105:73:0,_024_____std_array,Editor,/Users/nozerose/Desktop/2023학년도 1학기 수업/CB3500572-063 C++프로그래밍과실습(Prof.김태연)/실습 024(선택) - std_array/array.cpp,,1,1,Changes
2023-03-09T22:45:30.080+09:00,nozerose,KeyEvent,110:78:0,_024_____std_array,Editor,/Users/nozerose/Desktop/2023학년도 1학기 수업/CB3500572-063 C++프로그래밍과실습(Prof.김태연)/실습 024(선택) - std_array/array.cpp,,1,2,Changes
2023-03-09T22:45:30.224+09:00,nozerose,KeyEvent,108:76:0,_024_____std_array,Editor,/Users/nozerose/Desktop/2023학년도 1학기 수업/CB3500572-063 C++프로그래밍과실습(Prof.김태연)/실습 024(선택) - std_array/array.cpp,,1,3,Changes
2023-03-09T22:45:30.382+09:00,nozerose,KeyEvent,99:67:0,_024_____std_array,Editor,/Users/nozerose/Desktop/2023학년도 1학기 수업/CB3500572-063 C++프로그래밍과실습(Prof.김태연)/실습 024(선택) - std_array/array.cpp,,1,4,Changes
2023-03-09T22:45:30.731+09:00,nozerose,Action,EditorBackSpace,_024_____std_array,Editor,/Users/nozerose/Desktop/2023학년도 1학기 수업/CB3500572-063 C++프로그래밍과실습(Prof.김태연)/실습 024(선택) - std_array/array.cpp,,1,5,Changes
2023-03-09T22:45:30.743+09:00,nozerose,KeyEvent,8:8:0,_024_____std_array,Editor,/Users/nozerose/Desktop/2023학년도 1학기 수업/CB3500572-063 C++프로그래밍과실습(Prof.김태연)/실습 024(선택) - std_array/array.cpp,,1,4,Changes
2023-03-09T22:45:30.859+09:00,nozerose,Action,EditorBackSpace,_024_____std_array,Editor,/Users/nozerose/Desktop/2023학년도 1학기 수업/CB3500572-063 C++프로그래밍과실습(Prof.김태연)/실습 024(선택) - std_array/array.cpp,,1,4,Changes
2023-03-09T22:45:30.860+09:00,nozerose,KeyEvent,8:8:0,_024_____std_array,Editor,/Users/nozerose/Desktop/2023학년도 1학기 수업/CB3500572-063 C++프로그래밍과실습(Prof.김태연)/실습 024(선택) - std_array/array.cpp,,1,3,Changes
2023-03-09T22:45:30.992+09:00,nozerose,KeyEvent,99:67:0,_024_____std_array,Editor,/Users/nozerose/Desktop/2023학년도 1학기 수업/CB3500572-063 C++프로그래밍과실습(Prof.김태연)/실습 024(선택) - std_array/array.cpp,,1,3,Changes
2023-03-09T22:45:31.100+09:00,nozerose,KeyEvent,108:76:0,_024_____std_array,Editor,/Users/nozerose/Desktop/2023학년도 1학기 수업/CB3500572-063 C++프로그래밍과실습(Prof.김태연)/실습 024(선택) - std_array/array.cpp,,1,4,Changes
2023-03-09T22:45:31.312+09:00,nozerose,KeyEvent,117:85:0,_024_____std_array,Editor,/Users/nozerose/Desktop/2023학년도 1학기 수업/CB3500572-063 C++프로그래밍과실습(Prof.김태연)/실습 024(선택) - std_array/array.cpp,,1,5,Changes
2023-03-09T22:45:31.388+09:00,nozerose,KeyEvent,100:68:0,_024_____std_array,Editor,/Users/nozerose/Desktop/2023학년도 1학기 수업/CB3500572-063 C++프로그래밍과실습(Prof.김태연)/실습 024(선택) - std_array/array.cpp,,1,6,Changes
2023-03-09T22:45:31.544+09:00,nozerose,KeyEvent,101:69:0,_024_____std_array,Editor,/Users/nozerose/Desktop/2023학년도 1학기 수업/CB3500572-063 C++프로그래밍과실습(Prof.김태연)/실습 024(선택) - std_array/array.cpp,,1,7,Changes
2023-03-09T22:45:31.778+09:00,nozerose,KeyEvent,32:32:0,_024_____std_array,Editor,/Users/nozerose/Desktop/2023학년도 1학기 수업/CB3500572-063 C++프로그래밍과실습(Prof.김태연)/실습 024(선택) - std_array/array.cpp,,1,8,Changes
2023-03-09T22:45:32.193+09:00,nozerose,KeyEvent,65535:16:1,_024_____std_array,Editor,/Users/nozerose/Desktop/2023학년도 1학기 수업/CB3500572-063 C++프로그래밍과실습(Prof.김태연)/실습 024(선택) - std_array/array.cpp,,1,9,Changes
2023-03-09T22:45:32.488+09:00,nozerose,KeyEvent,60:153:1,_024_____std_array,Editor,/Users/nozerose/Desktop/2023학년도 1학기 수업/CB3500572-063 C++프로그래밍과실습(Prof.김태연)/실습 024(선택) - std_array/array.cpp,,1,9,Changes
2023-03-09T22:45:32.783+09:00,nozerose,KeyEvent,97:65:0,_024_____std_array,Editor,/Users/nozerose/Desktop/2023학년도 1학기 수업/CB3500572-063 C++프로그래밍과실습(Prof.김태연)/실습 024(선택) - std_array/array.cpp,,1,10,Changes
2023-03-09T22:45:33.050+09:00,nozerose,KeyEvent,114:82:0,_024_____std_array,Editor,/Users/nozerose/Desktop/2023학년도 1학기 수업/CB3500572-063 C++프로그래밍과실습(Prof.김태연)/실습 024(선택) - std_array/array.cpp,,1,11,Changes
2023-03-09T22:45:33.190+09:00,nozerose,KeyEvent,114:82:0,_024_____std_array,Editor,/Users/nozerose/Desktop/2023학년도 1학기 수업/CB3500572-063 C++프로그래밍과실습(Prof.김태연)/실습 024(선택) - std_array/array.cpp,,1,12,Changes
2023-03-09T22:45:33.312+09:00,nozerose,KeyEvent,97:65:0,_024_____std_array,Editor,/Users/nozerose/Desktop/2023학년도 1학기 수업/CB3500572-063 C++프로그래밍과실습(Prof.김태연)/실습 024(선택) - std_array/array.cpp,,1,13,Changes
2023-03-09T22:45:33.439+09:00,nozerose,KeyEvent,121:89:0,_024_____std_array,Editor,/Users/nozerose/Desktop/2023학년도 1학기 수업/CB3500572-063 C++프로그래밍과실습(Prof.김태연)/실습 024(선택) - std_array/array.cpp,,1,14,Changes
2023-03-09T22:45:33.908+09:00,nozerose,KeyEvent,65535:16:1,_024_____std_array,Editor,/Users/nozerose/Desktop/2023학년도 1학기 수업/CB3500572-063 C++프로그래밍과실습(Prof.김태연)/실습 024(선택) - std_array/array.cpp,,1,15,Changes
2023-03-09T22:45:34.053+09:00,nozerose,KeyEvent,62:46:1,_024_____std_array,Editor,/Users/nozerose/Desktop/2023학년도 1학기 수업/CB3500572-063 C++프로그래밍과실습(Prof.김태연)/실습 024(선택) - std_array/array.cpp,,1,15,Changes
2023-03-09T22:45:41.749+09:00,nozerose,Action,EditorRight,_024_____std_array,Editor,/Users/nozerose/Desktop/2023학년도 1학기 수업/CB3500572-063 C++프로그래밍과실습(Prof.김태연)/실습 024(선택) - std_array/array.cpp,,11,12,Changes
2023-03-09T22:45:41.752+09:00,nozerose,KeyEvent,65535:39:0,_024_____std_array,Editor,/Users/nozerose/Desktop/2023학년도 1학기 수업/CB3500572-063 C++프로그래밍과실습(Prof.김태연)/실습 024(선택) - std_array/array.cpp,,11,13,Changes
2023-03-09T22:45:42.130+09:00,nozerose,KeyEvent,91:91:0,_024_____std_array,Editor,/Users/nozerose/Desktop/2023학년도 1학기 수업/CB3500572-063 C++프로그래밍과실습(Prof.김태연)/실습 024(선택) - std_array/array.cpp,,11,13,Changes
2023-03-09T22:45:42.433+09:00,nozerose,KeyEvent,48:48:0,_024_____std_array,Editor,/Users/nozerose/Desktop/2023학년도 1학기 수업/CB3500572-063 C++프로그래밍과실습(Prof.김태연)/실습 024(선택) - std_array/array.cpp,,11,14,Changes
2023-03-09T22:45:43.033+09:00,nozerose,Action,EditorRight,_024_____std_array,Editor,/Users/nozerose/Desktop/2023학년도 1학기 수업/CB3500572-063 C++프로그래밍과실습(Prof.김태연)/실습 024(선택) - std_array/array.cpp,,11,15,Changes
2023-03-09T22:45:43.035+09:00,nozerose,KeyEvent,65535:39:0,_024_____std_array,Editor,/Users/nozerose/Desktop/2023학년도 1학기 수업/CB3500572-063 C++프로그래밍과실습(Prof.김태연)/실습 024(선택) - std_array/array.cpp,,11,16,Changes
2023-03-09T22:45:43.221+09:00,nozerose,Action,EditorRight,_024_____std_array,Editor,/Users/nozerose/Desktop/2023학년도 1학기 수업/CB3500572-063 C++프로그래밍과실습(Prof.김태연)/실습 024(선택) - std_array/array.cpp,,11,16,Changes
2023-03-09T22:45:43.221+09:00,nozerose,KeyEvent,65535:39:0,_024_____std_array,Editor,/Users/nozerose/Desktop/2023학년도 1학기 수업/CB3500572-063 C++프로그래밍과실습(Prof.김태연)/실습 024(선택) - std_array/array.cpp,,11,17,Changes
2023-03-09T22:45:48.987+09:00,nozerose,Action,EditorEnter,_024_____std_array,Editor,/Users/nozerose/Desktop/2023학년도 1학기 수업/CB3500572-063 C++프로그래밍과실습(Prof.김태연)/실습 024(선택) - std_array/array.cpp,,11,17,Changes
2023-03-09T22:45:48.992+09:00,nozerose,KeyEvent,10:10:0,_024_____std_array,Editor,/Users/nozerose/Desktop/2023학년도 1학기 수업/CB3500572-063 C++프로그래밍과실습(Prof.김태연)/실습 024(선택) - std_array/array.cpp,,12,2,Changes
2023-03-09T22:45:49.372+09:00,nozerose,KeyEvent,114:82:0,_024_____std_array,Editor,/Users/nozerose/Desktop/2023학년도 1학기 수업/CB3500572-063 C++프로그래밍과실습(Prof.김태연)/실습 024(선택) - std_array/array.cpp,,12,2,Changes
2023-03-09T22:45:49.505+09:00,nozerose,KeyEvent,101:69:0,_024_____std_array,Editor,/Users/nozerose/Desktop/2023학년도 1학기 수업/CB3500572-063 C++프로그래밍과실습(Prof.김태연)/실습 024(선택) - std_array/array.cpp,,12,3,Changes
2023-03-09T22:45:49.702+09:00,nozerose,KeyEvent,116:84:0,_024_____std_array,Editor,/Users/nozerose/Desktop/2023학년도 1학기 수업/CB3500572-063 C++프로그래밍과실습(Prof.김태연)/실습 024(선택) - std_array/array.cpp,,12,4,Changes
2023-03-09T22:45:49.801+09:00,nozerose,KeyEvent,117:85:0,_024_____std_array,Editor,/Users/nozerose/Desktop/2023학년도 1학기 수업/CB3500572-063 C++프로그래밍과실습(Prof.김태연)/실습 024(선택) - std_array/array.cpp,,12,5,Changes
2023-03-09T22:45:49.881+09:00,nozerose,KeyEvent,114:82:0,_024_____std_array,Editor,/Users/nozerose/Desktop/2023학년도 1학기 수업/CB3500572-063 C++프로그래밍과실습(Prof.김태연)/실습 024(선택) - std_array/array.cpp,,12,6,Changes
2023-03-09T22:45:49.989+09:00,nozerose,KeyEvent,110:78:0,_024_____std_array,Editor,/Users/nozerose/Desktop/2023학년도 1학기 수업/CB3500572-063 C++프로그래밍과실습(Prof.김태연)/실습 024(선택) - std_array/array.cpp,,12,7,Changes
2023-03-09T22:45:50.126+09:00,nozerose,KeyEvent,32:32:0,_024_____std_array,Editor,/Users/nozerose/Desktop/2023학년도 1학기 수업/CB3500572-063 C++프로그래밍과실습(Prof.김태연)/실습 024(선택) - std_array/array.cpp,,12,8,Changes
2023-03-09T22:45:50.382+09:00,nozerose,KeyEvent,48:48:0,_024_____std_array,Editor,/Users/nozerose/Desktop/2023학년도 1학기 수업/CB3500572-063 C++프로그래밍과실습(Prof.김태연)/실습 024(선택) - std_array/array.cpp,,12,9,Changes
2023-03-09T22:45:50.635+09:00,nozerose,KeyEvent,59:59:0,_024_____std_array,Editor,/Users/nozerose/Desktop/2023학년도 1학기 수업/CB3500572-063 C++프로그래밍과실습(Prof.김태연)/실습 024(선택) - std_array/array.cpp,,12,10,Changes
2023-03-09T22:45:51.885+09:00,nozerose,Action,Run,_024_____std_array,Editor,/Users/nozerose/Desktop/2023학년도 1학기 수업/CB3500572-063 C++프로그래밍과실습(Prof.김태연)/실습 024(선택) - std_array/array.cpp,,12,11,Changes
2023-03-09T22:45:52.635+09:00,nozerose,Execution,"Run:'CMake Application: _024_____std_array':""/Users/nozerose/Desktop/2023학년도 1학기 수업/CB3500572-063 C++프로그래밍과실습(Prof.김태연)/실습 024(선택) - std_array/cmake-build-debug/_024_____std_array""",_024_____std_array,Editor,/Users/nozerose/Desktop/2023학년도 1학기 수업/CB3500572-063 C++프로그래밍과실습(Prof.김태연)/실습 024(선택) - std_array/array.cpp,,12,11,Changes
2023-03-09T22:45:55.619+09:00,nozerose,KeyEvent,49:49:0,_024_____std_array,Editor,/Users/nozerose/Desktop/2023학년도 1학기 수업/CB3500572-063 C++프로그래밍과실습(Prof.김태연)/실습 024(선택) - std_array/array.cpp,,12,11,Changes
2023-03-09T22:45:55.885+09:00,nozerose,KeyEvent,32:32:0,_024_____std_array,Editor,/Users/nozerose/Desktop/2023학년도 1학기 수업/CB3500572-063 C++프로그래밍과실습(Prof.김태연)/실습 024(선택) - std_array/array.cpp,,12,11,Changes
2023-03-09T22:45:56.040+09:00,nozerose,KeyEvent,50:50:0,_024_____std_array,Editor,/Users/nozerose/Desktop/2023학년도 1학기 수업/CB3500572-063 C++프로그래밍과실습(Prof.김태연)/실습 024(선택) - std_array/array.cpp,,12,11,Changes
2023-03-09T22:45:56.202+09:00,nozerose,KeyEvent,32:32:0,_024_____std_array,Editor,/Users/nozerose/Desktop/2023학년도 1학기 수업/CB3500572-063 C++프로그래밍과실습(Prof.김태연)/실습 024(선택) - std_array/array.cpp,,12,11,Changes
2023-03-09T22:45:56.368+09:00,nozerose,KeyEvent,51:51:0,_024_____std_array,Editor,/Users/nozerose/Desktop/2023학년도 1학기 수업/CB3500572-063 C++프로그래밍과실습(Prof.김태연)/실습 024(선택) - std_array/array.cpp,,12,11,Changes
2023-03-09T22:45:56.538+09:00,nozerose,KeyEvent,32:32:0,_024_____std_array,Editor,/Users/nozerose/Desktop/2023학년도 1학기 수업/CB3500572-063 C++프로그래밍과실습(Prof.김태연)/실습 024(선택) - std_array/array.cpp,,12,11,Changes
2023-03-09T22:45:56.693+09:00,nozerose,KeyEvent,52:52:0,_024_____std_array,Editor,/Users/nozerose/Desktop/2023학년도 1학기 수업/CB3500572-063 C++프로그래밍과실습(Prof.김태연)/실습 024(선택) - std_array/array.cpp,,12,11,Changes
2023-03-09T22:45:56.841+09:00,nozerose,KeyEvent,32:32:0,_024_____std_array,Editor,/Users/nozerose/Desktop/2023학년도 1학기 수업/CB3500572-063 C++프로그래밍과실습(Prof.김태연)/실습 024(선택) - std_array/array.cpp,,12,11,Changes
2023-03-09T22:45:57.012+09:00,nozerose,KeyEvent,53:53:0,_024_____std_array,Editor,/Users/nozerose/Desktop/2023학년도 1학기 수업/CB3500572-063 C++프로그래밍과실습(Prof.김태연)/실습 024(선택) - std_array/array.cpp,,12,11,Changes
2023-03-09T22:45:57.178+09:00,nozerose,KeyEvent,32:32:0,_024_____std_array,Editor,/Users/nozerose/Desktop/2023학년도 1학기 수업/CB3500572-063 C++프로그래밍과실습(Prof.김태연)/실습 024(선택) - std_array/array.cpp,,12,11,Changes
2023-03-09T22:45:57.353+09:00,nozerose,KeyEvent,54:54:0,_024_____std_array,Editor,/Users/nozerose/Desktop/2023학년도 1학기 수업/CB3500572-063 C++프로그래밍과실습(Prof.김태연)/실습 024(선택) - std_array/array.cpp,,12,11,Changes
2023-03-09T22:45:57.532+09:00,nozerose,KeyEvent,32:32:0,_024_____std_array,Editor,/Users/nozerose/Desktop/2023학년도 1학기 수업/CB3500572-063 C++프로그래밍과실습(Prof.김태연)/실습 024(선택) - std_array/array.cpp,,12,11,Changes
2023-03-09T22:45:57.686+09:00,nozerose,KeyEvent,55:55:0,_024_____std_array,Editor,/Users/nozerose/Desktop/2023학년도 1학기 수업/CB3500572-063 C++프로그래밍과실습(Prof.김태연)/실습 024(선택) - std_array/array.cpp,,12,11,Changes
2023-03-09T22:45:57.862+09:00,nozerose,KeyEvent,32:32:0,_024_____std_array,Editor,/Users/nozerose/Desktop/2023학년도 1학기 수업/CB3500572-063 C++프로그래밍과실습(Prof.김태연)/실습 024(선택) - std_array/array.cpp,,12,11,Changes
2023-03-09T22:45:58.022+09:00,nozerose,KeyEvent,56:56:0,_024_____std_array,Editor,/Users/nozerose/Desktop/2023학년도 1학기 수업/CB3500572-063 C++프로그래밍과실습(Prof.김태연)/실습 024(선택) - std_array/array.cpp,,12,11,Changes
2023-03-09T22:45:58.211+09:00,nozerose,KeyEvent,32:32:0,_024_____std_array,Editor,/Users/nozerose/Desktop/2023학년도 1학기 수업/CB3500572-063 C++프로그래밍과실습(Prof.김태연)/실습 024(선택) - std_array/array.cpp,,12,11,Changes
2023-03-09T22:45:58.352+09:00,nozerose,KeyEvent,57:57:0,_024_____std_array,Editor,/Users/nozerose/Desktop/2023학년도 1학기 수업/CB3500572-063 C++프로그래밍과실습(Prof.김태연)/실습 024(선택) - std_array/array.cpp,,12,11,Changes
2023-03-09T22:45:58.488+09:00,nozerose,KeyEvent,32:32:0,_024_____std_array,Editor,/Users/nozerose/Desktop/2023학년도 1학기 수업/CB3500572-063 C++프로그래밍과실습(Prof.김태연)/실습 024(선택) - std_array/array.cpp,,12,11,Changes
2023-03-09T22:45:58.970+09:00,nozerose,KeyEvent,49:49:0,_024_____std_array,Editor,/Users/nozerose/Desktop/2023학년도 1학기 수업/CB3500572-063 C++프로그래밍과실습(Prof.김태연)/실습 024(선택) - std_array/array.cpp,,12,11,Changes
2023-03-09T22:45:59.127+09:00,nozerose,KeyEvent,48:48:0,_024_____std_array,Editor,/Users/nozerose/Desktop/2023학년도 1학기 수업/CB3500572-063 C++프로그래밍과실습(Prof.김태연)/실습 024(선택) - std_array/array.cpp,,12,11,Changes
2023-03-09T22:45:59.600+09:00,nozerose,KeyEvent,10:10:0,_024_____std_array,Editor,/Users/nozerose/Desktop/2023학년도 1학기 수업/CB3500572-063 C++프로그래밍과실습(Prof.김태연)/실습 024(선택) - std_array/array.cpp,,12,11,Changes
2023-03-09T22:46:15.404+09:00,nozerose,Action,EditorEnter,_024_____std_array,Editor,/Users/nozerose/Desktop/2023학년도 1학기 수업/CB3500572-063 C++프로그래밍과실습(Prof.김태연)/실습 024(선택) - std_array/array.cpp,,1,16,Changes
2023-03-09T22:46:15.409+09:00,nozerose,KeyEvent,10:10:0,_024_____std_array,Editor,/Users/nozerose/Desktop/2023학년도 1학기 수업/CB3500572-063 C++프로그래밍과실습(Prof.김태연)/실습 024(선택) - std_array/array.cpp,,2,0,Changes
2023-03-09T22:46:15.682+09:00,nozerose,KeyEvent,65535:16:1,_024_____std_array,Editor,/Users/nozerose/Desktop/2023학년도 1학기 수업/CB3500572-063 C++프로그래밍과실습(Prof.김태연)/실습 024(선택) - std_array/array.cpp,,2,0,Changes
2023-03-09T22:46:15.758+09:00,nozerose,KeyEvent,35:520:1,_024_____std_array,Editor,/Users/nozerose/Desktop/2023학년도 1학기 수업/CB3500572-063 C++프로그래밍과실습(Prof.김태연)/실습 024(선택) - std_array/array.cpp,,2,0,Changes
2023-03-09T22:46:16.293+09:00,nozerose,KeyEvent,105:73:0,_024_____std_array,Editor,/Users/nozerose/Desktop/2023학년도 1학기 수업/CB3500572-063 C++프로그래밍과실습(Prof.김태연)/실습 024(선택) - std_array/array.cpp,,2,1,Changes
2023-03-09T22:46:16.512+09:00,nozerose,KeyEvent,110:78:0,_024_____std_array,Editor,/Users/nozerose/Desktop/2023학년도 1학기 수업/CB3500572-063 C++프로그래밍과실습(Prof.김태연)/실습 024(선택) - std_array/array.cpp,,2,2,Changes
2023-03-09T22:46:16.682+09:00,nozerose,KeyEvent,99:67:0,_024_____std_array,Editor,/Users/nozerose/Desktop/2023학년도 1학기 수업/CB3500572-063 C++프로그래밍과실습(Prof.김태연)/실습 024(선택) - std_array/array.cpp,,2,3,Changes
2023-03-09T22:46:16.760+09:00,nozerose,KeyEvent,108:76:0,_024_____std_array,Editor,/Users/nozerose/Desktop/2023학년도 1학기 수업/CB3500572-063 C++프로그래밍과실습(Prof.김태연)/실습 024(선택) - std_array/array.cpp,,2,4,Changes
2023-03-09T22:46:16.967+09:00,nozerose,KeyEvent,117:85:0,_024_____std_array,Editor,/Users/nozerose/Desktop/2023학년도 1학기 수업/CB3500572-063 C++프로그래밍과실습(Prof.김태연)/실습 024(선택) - std_array/array.cpp,,2,5,Changes
2023-03-09T22:46:17.016+09:00,nozerose,KeyEvent,100:68:0,_024_____std_array,Editor,/Users/nozerose/Desktop/2023학년도 1학기 수업/CB3500572-063 C++프로그래밍과실습(Prof.김태연)/실습 024(선택) - std_array/array.cpp,,2,6,Changes
2023-03-09T22:46:17.172+09:00,nozerose,KeyEvent,101:69:0,_024_____std_array,Editor,/Users/nozerose/Desktop/2023학년도 1학기 수업/CB3500572-063 C++프로그래밍과실습(Prof.김태연)/실습 024(선택) - std_array/array.cpp,,2,7,Changes
2023-03-09T22:46:17.369+09:00,nozerose,KeyEvent,32:32:0,_024_____std_array,Editor,/Users/nozerose/Desktop/2023학년도 1학기 수업/CB3500572-063 C++프로그래밍과실습(Prof.김태연)/실습 024(선택) - std_array/array.cpp,,2,8,Changes
2023-03-09T22:46:17.676+09:00,nozerose,KeyEvent,65535:16:1,_024_____std_array,Editor,/Users/nozerose/Desktop/2023학년도 1학기 수업/CB3500572-063 C++프로그래밍과실습(Prof.김태연)/실습 024(선택) - std_array/array.cpp,,2,9,Changes
2023-03-09T22:46:17.826+09:00,nozerose,KeyEvent,60:153:1,_024_____std_array,Editor,/Users/nozerose/Desktop/2023학년도 1학기 수업/CB3500572-063 C++프로그래밍과실습(Prof.김태연)/실습 024(선택) - std_array/array.cpp,,2,9,Changes
2023-03-09T22:46:18.107+09:00,nozerose,KeyEvent,97:65:0,_024_____std_array,Editor,/Users/nozerose/Desktop/2023학년도 1학기 수업/CB3500572-063 C++프로그래밍과실습(Prof.김태연)/실습 024(선택) - std_array/array.cpp,,2,10,Changes
2023-03-09T22:46:18.252+09:00,nozerose,KeyEvent,108:76:0,_024_____std_array,Editor,/Users/nozerose/Desktop/2023학년도 1학기 수업/CB3500572-063 C++프로그래밍과실습(Prof.김태연)/실습 024(선택) - std_array/array.cpp,,2,11,Changes
2023-03-09T22:46:18.420+09:00,nozerose,KeyEvent,103:71:0,_024_____std_array,Editor,/Users/nozerose/Desktop/2023학년도 1학기 수업/CB3500572-063 C++프로그래밍과실습(Prof.김태연)/실습 024(선택) - std_array/array.cpp,,2,12,Changes
2023-03-09T22:46:18.532+09:00,nozerose,KeyEvent,111:79:0,_024_____std_array,Editor,/Users/nozerose/Desktop/2023학년도 1학기 수업/CB3500572-063 C++프로그래밍과실습(Prof.김태연)/실습 024(선택) - std_array/array.cpp,,2,13,Changes
2023-03-09T22:46:18.761+09:00,nozerose,KeyEvent,114:82:0,_024_____std_array,Editor,/Users/nozerose/Desktop/2023학년도 1학기 수업/CB3500572-063 C++프로그래밍과실습(Prof.김태연)/실습 024(선택) - std_array/array.cpp,,2,14,Changes
2023-03-09T22:46:18.832+09:00,nozerose,KeyEvent,105:73:0,_024_____std_array,Editor,/Users/nozerose/Desktop/2023학년도 1학기 수업/CB3500572-063 C++프로그래밍과실습(Prof.김태연)/실습 024(선택) - std_array/array.cpp,,2,15,Changes
2023-03-09T22:46:19.135+09:00,nozerose,KeyEvent,116:84:0,_024_____std_array,Editor,/Users/nozerose/Desktop/2023학년도 1학기 수업/CB3500572-063 C++프로그래밍과실습(Prof.김태연)/실습 024(선택) - std_array/array.cpp,,2,16,Changes
2023-03-09T22:46:19.262+09:00,nozerose,KeyEvent,109:77:0,_024_____std_array,Editor,/Users/nozerose/Desktop/2023학년도 1학기 수업/CB3500572-063 C++프로그래밍과실습(Prof.김태연)/실습 024(선택) - std_array/array.cpp,,2,17,Changes
2023-03-09T22:46:20.167+09:00,nozerose,Action,EditorBackSpace,_024_____std_array,Editor,/Users/nozerose/Desktop/2023학년도 1학기 수업/CB3500572-063 C++프로그래밍과실습(Prof.김태연)/실습 024(선택) - std_array/array.cpp,,2,18,Changes
2023-03-09T22:46:20.171+09:00,nozerose,KeyEvent,8:8:0,_024_____std_array,Editor,/Users/nozerose/Desktop/2023학년도 1학기 수업/CB3500572-063 C++프로그래밍과실습(Prof.김태연)/실습 024(선택) - std_array/array.cpp,,2,17,Changes
2023-03-09T22:46:20.318+09:00,nozerose,Action,EditorBackSpace,_024_____std_array,Editor,/Users/nozerose/Desktop/2023학년도 1학기 수업/CB3500572-063 C++프로그래밍과실습(Prof.김태연)/실습 024(선택) - std_array/array.cpp,,2,17,Changes
2023-03-09T22:46:20.320+09:00,nozerose,KeyEvent,8:8:0,_024_____std_array,Editor,/Users/nozerose/Desktop/2023학년도 1학기 수업/CB3500572-063 C++프로그래밍과실습(Prof.김태연)/실습 024(선택) - std_array/array.cpp,,2,16,Changes
2023-03-09T22:46:21.607+09:00,nozerose,KeyEvent,116:84:0,_024_____std_array,Editor,/Users/nozerose/Desktop/2023학년도 1학기 수업/CB3500572-063 C++프로그래밍과실습(Prof.김태연)/실습 024(선택) - std_array/array.cpp,,2,16,Changes
2023-03-09T22:46:21.764+09:00,nozerose,KeyEvent,104:72:0,_024_____std_array,Editor,/Users/nozerose/Desktop/2023학년도 1학기 수업/CB3500572-063 C++프로그래밍과실습(Prof.김태연)/실습 024(선택) - std_array/array.cpp,,2,17,Changes
2023-03-09T22:46:21.991+09:00,nozerose,KeyEvent,109:77:0,_024_____std_array,Editor,/Users/nozerose/Desktop/2023학년도 1학기 수업/CB3500572-063 C++프로그래밍과실습(Prof.김태연)/실습 024(선택) - std_array/array.cpp,,2,18,Changes
2023-03-09T22:46:22.552+09:00,nozerose,KeyEvent,65535:16:1,_024_____std_array,Editor,/Users/nozerose/Desktop/2023학년도 1학기 수업/CB3500572-063 C++프로그래밍과실습(Prof.김태연)/실습 024(선택) - std_array/array.cpp,,2,19,Changes
2023-03-09T22:46:22.749+09:00,nozerose,KeyEvent,62:46:1,_024_____std_array,Editor,/Users/nozerose/Desktop/2023학년도 1학기 수업/CB3500572-063 C++프로그래밍과실습(Prof.김태연)/실습 024(선택) - std_array/array.cpp,,2,19,Changes
2023-03-09T22:46:33.844+09:00,nozerose,Action,EditorEnter,_024_____std_array,Editor,/Users/nozerose/Desktop/2023학년도 1학기 수업/CB3500572-063 C++프로그래밍과실습(Prof.김태연)/실습 024(선택) - std_array/array.cpp,,10,16,Changes
2023-03-09T22:46:33.850+09:00,nozerose,KeyEvent,10:10:0,_024_____std_array,Editor,/Users/nozerose/Desktop/2023학년도 1학기 수업/CB3500572-063 C++프로그래밍과실습(Prof.김태연)/실습 024(선택) - std_array/array.cpp,,11,2,Changes
2023-03-09T22:46:34.135+09:00,nozerose,Action,EditorEnter,_024_____std_array,Editor,/Users/nozerose/Desktop/2023학년도 1학기 수업/CB3500572-063 C++프로그래밍과실습(Prof.김태연)/실습 024(선택) - std_array/array.cpp,,11,2,Changes
2023-03-09T22:46:34.142+09:00,nozerose,KeyEvent,10:10:0,_024_____std_array,Editor,/Users/nozerose/Desktop/2023학년도 1학기 수업/CB3500572-063 C++프로그래밍과실습(Prof.김태연)/실습 024(선택) - std_array/array.cpp,,12,2,Changes
2023-03-09T22:46:34.823+09:00,nozerose,KeyEvent,97:65:0,_024_____std_array,Editor,/Users/nozerose/Desktop/2023학년도 1학기 수업/CB3500572-063 C++프로그래밍과실습(Prof.김태연)/실습 024(선택) - std_array/array.cpp,,12,2,Changes
2023-03-09T22:46:34.946+09:00,nozerose,KeyEvent,117:85:0,_024_____std_array,Editor,/Users/nozerose/Desktop/2023학년도 1학기 수업/CB3500572-063 C++프로그래밍과실습(Prof.김태연)/실습 024(선택) - std_array/array.cpp,,12,3,Changes
2023-03-09T22:46:35.132+09:00,nozerose,KeyEvent,116:84:0,_024_____std_array,Editor,/Users/nozerose/Desktop/2023학년도 1학기 수업/CB3500572-063 C++프로그래밍과실습(Prof.김태연)/실습 024(선택) - std_array/array.cpp,,12,4,Changes
2023-03-09T22:46:35.200+09:00,nozerose,KeyEvent,111:79:0,_024_____std_array,Editor,/Users/nozerose/Desktop/2023학년도 1학기 수업/CB3500572-063 C++프로그래밍과실습(Prof.김태연)/실습 024(선택) - std_array/array.cpp,,12,5,Changes
2023-03-09T22:46:35.392+09:00,nozerose,KeyEvent,32:32:0,_024_____std_array,Editor,/Users/nozerose/Desktop/2023학년도 1학기 수업/CB3500572-063 C++프로그래밍과실습(Prof.김태연)/실습 024(선택) - std_array/array.cpp,,12,6,Changes
2023-03-09T22:46:35.686+09:00,nozerose,KeyEvent,109:77:0,_024_____std_array,Editor,/Users/nozerose/Desktop/2023학년도 1학기 수업/CB3500572-063 C++프로그래밍과실습(Prof.김태연)/실습 024(선택) - std_array/array.cpp,,12,7,Changes
2023-03-09T22:46:35.903+09:00,nozerose,KeyEvent,105:73:0,_024_____std_array,Editor,/Users/nozerose/Desktop/2023학년도 1학기 수업/CB3500572-063 C++프로그래밍과실습(Prof.김태연)/실습 024(선택) - std_array/array.cpp,,12,8,Changes
2023-03-09T22:46:36.136+09:00,nozerose,KeyEvent,110:78:0,_024_____std_array,Editor,/Users/nozerose/Desktop/2023학년도 1학기 수업/CB3500572-063 C++프로그래밍과실습(Prof.김태연)/실습 024(선택) - std_array/array.cpp,,12,9,Changes
2023-03-09T22:46:36.533+09:00,nozerose,KeyEvent,32:32:0,_024_____std_array,Editor,/Users/nozerose/Desktop/2023학년도 1학기 수업/CB3500572-063 C++프로그래밍과실습(Prof.김태연)/실습 024(선택) - std_array/array.cpp,,12,10,Changes
2023-03-09T22:46:37.114+09:00,nozerose,KeyEvent,61:61:0,_024_____std_array,Editor,/Users/nozerose/Desktop/2023학년도 1학기 수업/CB3500572-063 C++프로그래밍과실습(Prof.김태연)/실습 024(선택) - std_array/array.cpp,,12,11,Changes
2023-03-09T22:46:37.284+09:00,nozerose,KeyEvent,32:32:0,_024_____std_array,Editor,/Users/nozerose/Desktop/2023학년도 1학기 수업/CB3500572-063 C++프로그래밍과실습(Prof.김태연)/실습 024(선택) - std_array/array.cpp,,12,12,Changes
2023-03-09T22:46:39.213+09:00,nozerose,KeyEvent,109:77:0,_024_____std_array,Editor,/Users/nozerose/Desktop/2023학년도 1학기 수업/CB3500572-063 C++프로그래밍과실습(Prof.김태연)/실습 024(선택) - std_array/array.cpp,,12,13,Changes
2023-03-09T22:46:39.386+09:00,nozerose,KeyEvent,105:73:0,_024_____std_array,Editor,/Users/nozerose/Desktop/2023학년도 1학기 수업/CB3500572-063 C++프로그래밍과실습(Prof.김태연)/실습 024(선택) - std_array/array.cpp,,12,14,Changes
2023-03-09T22:46:39.502+09:00,nozerose,KeyEvent,110:78:0,_024_____std_array,Editor,/Users/nozerose/Desktop/2023학년도 1학기 수업/CB3500572-063 C++프로그래밍과실습(Prof.김태연)/실습 024(선택) - std_array/array.cpp,,12,15,Changes
2023-03-09T22:46:40.546+09:00,nozerose,KeyEvent,65535:16:1,_024_____std_array,Editor,/Users/nozerose/Desktop/2023학년도 1학기 수업/CB3500572-063 C++프로그래밍과실습(Prof.김태연)/실습 024(선택) - std_array/array.cpp,,12,16,Changes
2023-03-09T22:46:40.760+09:00,nozerose,KeyEvent,95:523:1,_024_____std_array,Editor,/Users/nozerose/Desktop/2023학년도 1학기 수업/CB3500572-063 C++프로그래밍과실습(Prof.김태연)/실습 024(선택) - std_array/array.cpp,,12,16,Changes
2023-03-09T22:46:41.095+09:00,nozerose,KeyEvent,101:69:0,_024_____std_array,Editor,/Users/nozerose/Desktop/2023학년도 1학기 수업/CB3500572-063 C++프로그래밍과실습(Prof.김태연)/실습 024(선택) - std_array/array.cpp,,12,17,Changes
2023-03-09T22:46:41.239+09:00,nozerose,KeyEvent,108:76:0,_024_____std_array,Editor,/Users/nozerose/Desktop/2023학년도 1학기 수업/CB3500572-063 C++프로그래밍과실습(Prof.김태연)/실습 024(선택) - std_array/array.cpp,,12,18,Changes
2023-03-09T22:46:41.501+09:00,nozerose,Action,EditorChooseLookupItem,_024_____std_array,Editor,/Users/nozerose/Desktop/2023학년도 1학기 수업/CB3500572-063 C++프로그래밍과실습(Prof.김태연)/실습 024(선택) - std_array/array.cpp,,12,19,Changes
2023-03-09T22:46:41.510+09:00,nozerose,KeyEvent,10:10:0,_024_____std_array,Editor,/Users/nozerose/Desktop/2023학년도 1학기 수업/CB3500572-063 C++프로그래밍과실습(Prof.김태연)/실습 024(선택) - std_array/array.cpp,,12,25,Changes
2023-03-09T22:46:43.435+09:00,nozerose,KeyEvent,98:66:0,_024_____std_array,Editor,/Users/nozerose/Desktop/2023학년도 1학기 수업/CB3500572-063 C++프로그래밍과실습(Prof.김태연)/실습 024(선택) - std_array/array.cpp,,12,25,Changes
2023-03-09T22:46:43.734+09:00,nozerose,KeyEvent,101:69:0,_024_____std_array,Editor,/Users/nozerose/Desktop/2023학년도 1학기 수업/CB3500572-063 C++프로그래밍과실습(Prof.김태연)/실습 024(선택) - std_array/array.cpp,,12,26,Changes
2023-03-09T22:46:43.970+09:00,nozerose,KeyEvent,103:71:0,_024_____std_array,Editor,/Users/nozerose/Desktop/2023학년도 1학기 수업/CB3500572-063 C++프로그래밍과실습(Prof.김태연)/실습 024(선택) - std_array/array.cpp,,12,27,Changes
2023-03-09T22:46:44.058+09:00,nozerose,KeyEvent,105:73:0,_024_____std_array,Editor,/Users/nozerose/Desktop/2023학년도 1학기 수업/CB3500572-063 C++프로그래밍과실습(Prof.김태연)/실습 024(선택) - std_array/array.cpp,,12,28,Changes
2023-03-09T22:46:44.142+09:00,nozerose,KeyEvent,110:78:0,_024_____std_array,Editor,/Users/nozerose/Desktop/2023학년도 1학기 수업/CB3500572-063 C++프로그래밍과실습(Prof.김태연)/실습 024(선택) - std_array/array.cpp,,12,29,Changes
2023-03-09T22:46:44.721+09:00,nozerose,KeyEvent,65535:16:1,_024_____std_array,Editor,/Users/nozerose/Desktop/2023학년도 1학기 수업/CB3500572-063 C++프로그래밍과실습(Prof.김태연)/실습 024(선택) - std_array/array.cpp,,12,30,Changes
2023-03-09T22:46:44.954+09:00,nozerose,KeyEvent,40:519:1,_024_____std_array,Editor,/Users/nozerose/Desktop/2023학년도 1학기 수업/CB3500572-063 C++프로그래밍과실습(Prof.김태연)/실습 024(선택) - std_array/array.cpp,,12,30,Changes
2023-03-09T22:46:47.351+09:00,nozerose,KeyEvent,97:65:0,_024_____std_array,Editor,/Users/nozerose/Desktop/2023학년도 1학기 수업/CB3500572-063 C++프로그래밍과실습(Prof.김태연)/실습 024(선택) - std_array/array.cpp,,12,31,Changes
2023-03-09T22:46:47.578+09:00,nozerose,KeyEvent,114:82:0,_024_____std_array,Editor,/Users/nozerose/Desktop/2023학년도 1학기 수업/CB3500572-063 C++프로그래밍과실습(Prof.김태연)/실습 024(선택) - std_array/array.cpp,,12,32,Changes
2023-03-09T22:46:47.694+09:00,nozerose,KeyEvent,114:82:0,_024_____std_array,Editor,/Users/nozerose/Desktop/2023학년도 1학기 수업/CB3500572-063 C++프로그래밍과실습(Prof.김태연)/실습 024(선택) - std_array/array.cpp,,12,33,Changes
2023-03-09T22:46:48.386+09:00,nozerose,Action,EditorRight,_024_____std_array,Editor,/Users/nozerose/Desktop/2023학년도 1학기 수업/CB3500572-063 C++프로그래밍과실습(Prof.김태연)/실습 024(선택) - std_array/array.cpp,,12,34,Changes
2023-03-09T22:46:48.390+09:00,nozerose,KeyEvent,65535:39:0,_024_____std_array,Editor,/Users/nozerose/Desktop/2023학년도 1학기 수업/CB3500572-063 C++프로그래밍과실습(Prof.김태연)/실습 024(선택) - std_array/array.cpp,,12,35,Changes
2023-03-09T22:46:50.285+09:00,nozerose,KeyEvent,44:44:0,_024_____std_array,Editor,/Users/nozerose/Desktop/2023학년도 1학기 수업/CB3500572-063 C++프로그래밍과실습(Prof.김태연)/실습 024(선택) - std_array/array.cpp,,12,35,Changes
2023-03-09T22:46:50.813+09:00,nozerose,KeyEvent,32:32:0,_024_____std_array,Editor,/Users/nozerose/Desktop/2023학년도 1학기 수업/CB3500572-063 C++프로그래밍과실습(Prof.김태연)/실습 024(선택) - std_array/array.cpp,,12,36,Changes
2023-03-09T22:46:51.893+09:00,nozerose,KeyEvent,101:69:0,_024_____std_array,Editor,/Users/nozerose/Desktop/2023학년도 1학기 수업/CB3500572-063 C++프로그래밍과실습(Prof.김태연)/실습 024(선택) - std_array/array.cpp,,12,37,Changes
2023-03-09T22:46:52.176+09:00,nozerose,KeyEvent,110:78:0,_024_____std_array,Editor,/Users/nozerose/Desktop/2023학년도 1학기 수업/CB3500572-063 C++프로그래밍과실습(Prof.김태연)/실습 024(선택) - std_array/array.cpp,,12,38,Changes
2023-03-09T22:46:52.323+09:00,nozerose,KeyEvent,100:68:0,_024_____std_array,Editor,/Users/nozerose/Desktop/2023학년도 1학기 수업/CB3500572-063 C++프로그래밍과실습(Prof.김태연)/실습 024(선택) - std_array/array.cpp,,12,39,Changes
2023-03-09T22:46:52.722+09:00,nozerose,KeyEvent,65535:16:1,_024_____std_array,Editor,/Users/nozerose/Desktop/2023학년도 1학기 수업/CB3500572-063 C++프로그래밍과실습(Prof.김태연)/실습 024(선택) - std_array/array.cpp,,12,40,Changes
2023-03-09T22:46:53.075+09:00,nozerose,KeyEvent,40:519:1,_024_____std_array,Editor,/Users/nozerose/Desktop/2023학년도 1학기 수업/CB3500572-063 C++프로그래밍과실습(Prof.김태연)/실습 024(선택) - std_array/array.cpp,,12,40,Changes
2023-03-09T22:46:53.211+09:00,nozerose,KeyEvent,97:65:0,_024_____std_array,Editor,/Users/nozerose/Desktop/2023학년도 1학기 수업/CB3500572-063 C++프로그래밍과실습(Prof.김태연)/실습 024(선택) - std_array/array.cpp,,12,41,Changes
2023-03-09T22:46:53.450+09:00,nozerose,KeyEvent,114:82:0,_024_____std_array,Editor,/Users/nozerose/Desktop/2023학년도 1학기 수업/CB3500572-063 C++프로그래밍과실습(Prof.김태연)/실습 024(선택) - std_array/array.cpp,,12,42,Changes
2023-03-09T22:46:53.570+09:00,nozerose,KeyEvent,114:82:0,_024_____std_array,Editor,/Users/nozerose/Desktop/2023학년도 1학기 수업/CB3500572-063 C++프로그래밍과실습(Prof.김태연)/실습 024(선택) - std_array/array.cpp,,12,43,Changes
2023-03-09T22:46:53.929+09:00,nozerose,Action,EditorRight,_024_____std_array,Editor,/Users/nozerose/Desktop/2023학년도 1학기 수업/CB3500572-063 C++프로그래밍과실습(Prof.김태연)/실습 024(선택) - std_array/array.cpp,,12,44,Changes
2023-03-09T22:46:53.931+09:00,nozerose,KeyEvent,65535:39:0,_024_____std_array,Editor,/Users/nozerose/Desktop/2023학년도 1학기 수업/CB3500572-063 C++프로그래밍과실습(Prof.김태연)/실습 024(선택) - std_array/array.cpp,,12,45,Changes
2023-03-09T22:46:54.227+09:00,nozerose,Action,EditorRight,_024_____std_array,Editor,/Users/nozerose/Desktop/2023학년도 1학기 수업/CB3500572-063 C++프로그래밍과실습(Prof.김태연)/실습 024(선택) - std_array/array.cpp,,12,45,Changes
2023-03-09T22:46:54.229+09:00,nozerose,KeyEvent,65535:39:0,_024_____std_array,Editor,/Users/nozerose/Desktop/2023학년도 1학기 수업/CB3500572-063 C++프로그래밍과실습(Prof.김태연)/실습 024(선택) - std_array/array.cpp,,12,46,Changes
2023-03-09T22:46:54.776+09:00,nozerose,KeyEvent,59:59:0,_024_____std_array,Editor,/Users/nozerose/Desktop/2023학년도 1학기 수업/CB3500572-063 C++프로그래밍과실습(Prof.김태연)/실습 024(선택) - std_array/array.cpp,,12,46,Changes
2023-03-09T22:46:56.584+09:00,nozerose,KeyEvent,65535:157:4,_024_____std_array,Editor,/Users/nozerose/Desktop/2023학년도 1학기 수업/CB3500572-063 C++프로그래밍과실습(Prof.김태연)/실습 024(선택) - std_array/array.cpp,,12,47,Changes
2023-03-09T22:46:56.919+09:00,nozerose,Action,EditorDuplicate,_024_____std_array,Editor,/Users/nozerose/Desktop/2023학년도 1학기 수업/CB3500572-063 C++프로그래밍과실습(Prof.김태연)/실습 024(선택) - std_array/array.cpp,,12,47,Changes
2023-03-09T22:46:56.923+09:00,nozerose,KeyEvent,100:68:4,_024_____std_array,Editor,/Users/nozerose/Desktop/2023학년도 1학기 수업/CB3500572-063 C++프로그래밍과실습(Prof.김태연)/실습 024(선택) - std_array/array.cpp,,13,47,Changes
2023-03-09T22:46:59.126+09:00,nozerose,Action,EditorBackSpace,_024_____std_array,Editor,/Users/nozerose/Desktop/2023학년도 1학기 수업/CB3500572-063 C++프로그래밍과실습(Prof.김태연)/실습 024(선택) - std_array/array.cpp,,13,10,Changes
2023-03-09T22:46:59.127+09:00,nozerose,KeyEvent,8:8:0,_024_____std_array,Editor,/Users/nozerose/Desktop/2023학년도 1학기 수업/CB3500572-063 C++프로그래밍과실습(Prof.김태연)/실습 024(선택) - std_array/array.cpp,,13,9,Changes
2023-03-09T22:46:59.352+09:00,nozerose,Action,EditorBackSpace,_024_____std_array,Editor,/Users/nozerose/Desktop/2023학년도 1학기 수업/CB3500572-063 C++프로그래밍과실습(Prof.김태연)/실습 024(선택) - std_array/array.cpp,,13,9,Changes
2023-03-09T22:46:59.354+09:00,nozerose,KeyEvent,8:8:0,_024_____std_array,Editor,/Users/nozerose/Desktop/2023학년도 1학기 수업/CB3500572-063 C++프로그래밍과실습(Prof.김태연)/실습 024(선택) - std_array/array.cpp,,13,8,Changes
2023-03-09T22:46:59.619+09:00,nozerose,KeyEvent,97:65:0,_024_____std_array,Editor,/Users/nozerose/Desktop/2023학년도 1학기 수업/CB3500572-063 C++프로그래밍과실습(Prof.김태연)/실습 024(선택) - std_array/array.cpp,,13,8,Changes
2023-03-09T22:46:59.840+09:00,nozerose,KeyEvent,120:88:0,_024_____std_array,Editor,/Users/nozerose/Desktop/2023학년도 1학기 수업/CB3500572-063 C++프로그래밍과실습(Prof.김태연)/실습 024(선택) - std_array/array.cpp,,13,9,Changes
2023-03-09T22:47:00.271+09:00,nozerose,Action,EditorRight,_024_____std_array,Editor,/Users/nozerose/Desktop/2023학년도 1학기 수업/CB3500572-063 C++프로그래밍과실습(Prof.김태연)/실습 024(선택) - std_array/array.cpp,,13,10,Changes
2023-03-09T22:47:00.272+09:00,nozerose,KeyEvent,65535:39:0,_024_____std_array,Editor,/Users/nozerose/Desktop/2023학년도 1학기 수업/CB3500572-063 C++프로그래밍과실습(Prof.김태연)/실습 024(선택) - std_array/array.cpp,,13,11,Changes
2023-03-09T22:47:00.458+09:00,nozerose,Action,EditorRight,_024_____std_array,Editor,/Users/nozerose/Desktop/2023학년도 1학기 수업/CB3500572-063 C++프로그래밍과실습(Prof.김태연)/실습 024(선택) - std_array/array.cpp,,13,11,Changes
2023-03-09T22:47:00.459+09:00,nozerose,KeyEvent,65535:39:0,_024_____std_array,Editor,/Users/nozerose/Desktop/2023학년도 1학기 수업/CB3500572-063 C++프로그래밍과실습(Prof.김태연)/실습 024(선택) - std_array/array.cpp,,13,12,Changes
2023-03-09T22:47:00.633+09:00,nozerose,Action,EditorRight,_024_____std_array,Editor,/Users/nozerose/Desktop/2023학년도 1학기 수업/CB3500572-063 C++프로그래밍과실습(Prof.김태연)/실습 024(선택) - std_array/array.cpp,,13,12,Changes
2023-03-09T22:47:00.634+09:00,nozerose,KeyEvent,65535:39:0,_024_____std_array,Editor,/Users/nozerose/Desktop/2023학년도 1학기 수업/CB3500572-063 C++프로그래밍과실습(Prof.김태연)/실습 024(선택) - std_array/array.cpp,,13,13,Changes
2023-03-09T22:47:00.805+09:00,nozerose,Action,EditorRight,_024_____std_array,Editor,/Users/nozerose/Desktop/2023학년도 1학기 수업/CB3500572-063 C++프로그래밍과실습(Prof.김태연)/실습 024(선택) - std_array/array.cpp,,13,13,Changes
2023-03-09T22:47:00.805+09:00,nozerose,KeyEvent,65535:39:0,_024_____std_array,Editor,/Users/nozerose/Desktop/2023학년도 1학기 수업/CB3500572-063 C++프로그래밍과실습(Prof.김태연)/실습 024(선택) - std_array/array.cpp,,13,14,Changes
2023-03-09T22:47:00.988+09:00,nozerose,Action,EditorRight,_024_____std_array,Editor,/Users/nozerose/Desktop/2023학년도 1학기 수업/CB3500572-063 C++프로그래밍과실습(Prof.김태연)/실습 024(선택) - std_array/array.cpp,,13,14,Changes
2023-03-09T22:47:00.989+09:00,nozerose,KeyEvent,65535:39:0,_024_____std_array,Editor,/Users/nozerose/Desktop/2023학년도 1학기 수업/CB3500572-063 C++프로그래밍과실습(Prof.김태연)/실습 024(선택) - std_array/array.cpp,,13,15,Changes
2023-03-09T22:47:02.191+09:00,nozerose,Action,EditorRight,_024_____std_array,Editor,/Users/nozerose/Desktop/2023학년도 1학기 수업/CB3500572-063 C++프로그래밍과실습(Prof.김태연)/실습 024(선택) - std_array/array.cpp,,13,15,Changes
2023-03-09T22:47:02.193+09:00,nozerose,KeyEvent,65535:39:0,_024_____std_array,Editor,/Users/nozerose/Desktop/2023학년도 1학기 수업/CB3500572-063 C++프로그래밍과실습(Prof.김태연)/실습 024(선택) - std_array/array.cpp,,13,16,Changes
2023-03-09T22:47:02.524+09:00,nozerose,Action,EditorBackSpace,_024_____std_array,Editor,/Users/nozerose/Desktop/2023학년도 1학기 수업/CB3500572-063 C++프로그래밍과실습(Prof.김태연)/실습 024(선택) - std_array/array.cpp,,13,16,Changes
2023-03-09T22:47:02.528+09:00,nozerose,KeyEvent,8:8:0,_024_____std_array,Editor,/Users/nozerose/Desktop/2023학년도 1학기 수업/CB3500572-063 C++프로그래밍과실습(Prof.김태연)/실습 024(선택) - std_array/array.cpp,,13,15,Changes
2023-03-09T22:47:02.736+09:00,nozerose,Action,EditorBackSpace,_024_____std_array,Editor,/Users/nozerose/Desktop/2023학년도 1학기 수업/CB3500572-063 C++프로그래밍과실습(Prof.김태연)/실습 024(선택) - std_array/array.cpp,,13,15,Changes
2023-03-09T22:47:02.738+09:00,nozerose,KeyEvent,8:8:0,_024_____std_array,Editor,/Users/nozerose/Desktop/2023학년도 1학기 수업/CB3500572-063 C++프로그래밍과실습(Prof.김태연)/실습 024(선택) - std_array/array.cpp,,13,14,Changes
2023-03-09T22:47:02.932+09:00,nozerose,KeyEvent,97:65:0,_024_____std_array,Editor,/Users/nozerose/Desktop/2023학년도 1학기 수업/CB3500572-063 C++프로그래밍과실습(Prof.김태연)/실습 024(선택) - std_array/array.cpp,,13,14,Changes
2023-03-09T22:47:03.287+09:00,nozerose,KeyEvent,120:88:0,_024_____std_array,Editor,/Users/nozerose/Desktop/2023학년도 1학기 수업/CB3500572-063 C++프로그래밍과실습(Prof.김태연)/실습 024(선택) - std_array/array.cpp,,13,15,Changes
2023-03-09T22:47:22.495+09:00,nozerose,Action,EditorBackSpace,_024_____std_array,Editor,/Users/nozerose/Desktop/2023학년도 1학기 수업/CB3500572-063 C++프로그래밍과실습(Prof.김태연)/실습 024(선택) - std_array/array.cpp,,15,15,Changes
2023-03-09T22:47:22.497+09:00,nozerose,KeyEvent,8:8:0,_024_____std_array,Editor,/Users/nozerose/Desktop/2023학년도 1학기 수업/CB3500572-063 C++프로그래밍과실습(Prof.김태연)/실습 024(선택) - std_array/array.cpp,,15,14,Changes
2023-03-09T22:47:22.649+09:00,nozerose,Action,EditorBackSpace,_024_____std_array,Editor,/Users/nozerose/Desktop/2023학년도 1학기 수업/CB3500572-063 C++프로그래밍과실습(Prof.김태연)/실습 024(선택) - std_array/array.cpp,,15,14,Changes
2023-03-09T22:47:22.651+09:00,nozerose,KeyEvent,8:8:0,_024_____std_array,Editor,/Users/nozerose/Desktop/2023학년도 1학기 수업/CB3500572-063 C++프로그래밍과실습(Prof.김태연)/실습 024(선택) - std_array/array.cpp,,15,13,Changes
2023-03-09T22:47:22.816+09:00,nozerose,Action,EditorBackSpace,_024_____std_array,Editor,/Users/nozerose/Desktop/2023학년도 1학기 수업/CB3500572-063 C++프로그래밍과실습(Prof.김태연)/실습 024(선택) - std_array/array.cpp,,15,13,Changes
2023-03-09T22:47:22.818+09:00,nozerose,KeyEvent,8:8:0,_024_____std_array,Editor,/Users/nozerose/Desktop/2023학년도 1학기 수업/CB3500572-063 C++프로그래밍과실습(Prof.김태연)/실습 024(선택) - std_array/array.cpp,,15,12,Changes
2023-03-09T22:47:23.014+09:00,nozerose,Action,EditorBackSpace,_024_____std_array,Editor,/Users/nozerose/Desktop/2023학년도 1학기 수업/CB3500572-063 C++프로그래밍과실습(Prof.김태연)/실습 024(선택) - std_array/array.cpp,,15,12,Changes
2023-03-09T22:47:23.015+09:00,nozerose,KeyEvent,8:8:0,_024_____std_array,Editor,/Users/nozerose/Desktop/2023학년도 1학기 수업/CB3500572-063 C++프로그래밍과실습(Prof.김태연)/실습 024(선택) - std_array/array.cpp,,15,11,Changes
2023-03-09T22:47:23.605+09:00,nozerose,Action,EditorBackSpace,_024_____std_array,Editor,/Users/nozerose/Desktop/2023학년도 1학기 수업/CB3500572-063 C++프로그래밍과실습(Prof.김태연)/실습 024(선택) - std_array/array.cpp,,15,11,Changes
2023-03-09T22:47:23.606+09:00,nozerose,KeyEvent,8:8:0,_024_____std_array,Editor,/Users/nozerose/Desktop/2023학년도 1학기 수업/CB3500572-063 C++프로그래밍과실습(Prof.김태연)/실습 024(선택) - std_array/array.cpp,,15,10,Changes
2023-03-09T22:47:26.078+09:00,nozerose,KeyEvent,109:77:0,_024_____std_array,Editor,/Users/nozerose/Desktop/2023학년도 1학기 수업/CB3500572-063 C++프로그래밍과실습(Prof.김태연)/실습 024(선택) - std_array/array.cpp,,15,10,Changes
2023-03-09T22:47:26.255+09:00,nozerose,KeyEvent,97:65:0,_024_____std_array,Editor,/Users/nozerose/Desktop/2023학년도 1학기 수업/CB3500572-063 C++프로그래밍과실습(Prof.김태연)/실습 024(선택) - std_array/array.cpp,,15,11,Changes
2023-03-09T22:47:26.521+09:00,nozerose,KeyEvent,120:88:0,_024_____std_array,Editor,/Users/nozerose/Desktop/2023학년도 1학기 수업/CB3500572-063 C++프로그래밍과실습(Prof.김태연)/실습 024(선택) - std_array/array.cpp,,15,12,Changes
2023-03-09T22:47:27.517+09:00,nozerose,KeyEvent,32:32:0,_024_____std_array,Editor,/Users/nozerose/Desktop/2023학년도 1학기 수업/CB3500572-063 C++프로그래밍과실습(Prof.김태연)/실습 024(선택) - std_array/array.cpp,,15,13,Changes
2023-03-09T22:47:27.668+09:00,nozerose,KeyEvent,65535:16:1,_024_____std_array,Editor,/Users/nozerose/Desktop/2023학년도 1학기 수업/CB3500572-063 C++프로그래밍과실습(Prof.김태연)/실습 024(선택) - std_array/array.cpp,,15,14,Changes
2023-03-09T22:47:27.799+09:00,nozerose,KeyEvent,60:153:1,_024_____std_array,Editor,/Users/nozerose/Desktop/2023학년도 1학기 수업/CB3500572-063 C++프로그래밍과실습(Prof.김태연)/실습 024(선택) - std_array/array.cpp,,15,14,Changes
2023-03-09T22:47:27.920+09:00,nozerose,KeyEvent,60:153:1,_024_____std_array,Editor,/Users/nozerose/Desktop/2023학년도 1학기 수업/CB3500572-063 C++프로그래밍과실습(Prof.김태연)/실습 024(선택) - std_array/array.cpp,,15,15,Changes
2023-03-09T22:47:28.181+09:00,nozerose,KeyEvent,32:32:0,_024_____std_array,Editor,/Users/nozerose/Desktop/2023학년도 1학기 수업/CB3500572-063 C++프로그래밍과실습(Prof.김태연)/실습 024(선택) - std_array/array.cpp,,15,16,Changes
2023-03-09T22:47:28.348+09:00,nozerose,KeyEvent,109:77:0,_024_____std_array,Editor,/Users/nozerose/Desktop/2023학년도 1학기 수업/CB3500572-063 C++프로그래밍과실습(Prof.김태연)/실습 024(선택) - std_array/array.cpp,,15,17,Changes
2023-03-09T22:47:28.551+09:00,nozerose,KeyEvent,105:73:0,_024_____std_array,Editor,/Users/nozerose/Desktop/2023학년도 1학기 수업/CB3500572-063 C++프로그래밍과실습(Prof.김태연)/실습 024(선택) - std_array/array.cpp,,15,18,Changes
2023-03-09T22:47:28.678+09:00,nozerose,KeyEvent,110:78:0,_024_____std_array,Editor,/Users/nozerose/Desktop/2023학년도 1학기 수업/CB3500572-063 C++프로그래밍과실습(Prof.김태연)/실습 024(선택) - std_array/array.cpp,,15,19,Changes
2023-03-09T22:47:29.494+09:00,nozerose,Action,EditorLeft,_024_____std_array,Editor,/Users/nozerose/Desktop/2023학년도 1학기 수업/CB3500572-063 C++프로그래밍과실습(Prof.김태연)/실습 024(선택) - std_array/array.cpp,,15,20,Changes
2023-03-09T22:47:29.497+09:00,nozerose,KeyEvent,65535:37:0,_024_____std_array,Editor,/Users/nozerose/Desktop/2023학년도 1학기 수업/CB3500572-063 C++프로그래밍과실습(Prof.김태연)/실습 024(선택) - std_array/array.cpp,,15,19,Changes
2023-03-09T22:47:29.644+09:00,nozerose,Action,EditorLeft,_024_____std_array,Editor,/Users/nozerose/Desktop/2023학년도 1학기 수업/CB3500572-063 C++프로그래밍과실습(Prof.김태연)/실습 024(선택) - std_array/array.cpp,,15,19,Changes
2023-03-09T22:47:29.649+09:00,nozerose,KeyEvent,65535:37:0,_024_____std_array,Editor,/Users/nozerose/Desktop/2023학년도 1학기 수업/CB3500572-063 C++프로그래밍과실습(Prof.김태연)/실습 024(선택) - std_array/array.cpp,,15,18,Changes
2023-03-09T22:47:29.803+09:00,nozerose,Action,EditorLeft,_024_____std_array,Editor,/Users/nozerose/Desktop/2023학년도 1학기 수업/CB3500572-063 C++프로그래밍과실습(Prof.김태연)/실습 024(선택) - std_array/array.cpp,,15,18,Changes
2023-03-09T22:47:29.805+09:00,nozerose,KeyEvent,65535:37:0,_024_____std_array,Editor,/Users/nozerose/Desktop/2023학년도 1학기 수업/CB3500572-063 C++프로그래밍과실습(Prof.김태연)/실습 024(선택) - std_array/array.cpp,,15,17,Changes
2023-03-09T22:47:30.461+09:00,nozerose,KeyEvent,65535:16:1,_024_____std_array,Editor,/Users/nozerose/Desktop/2023학년도 1학기 수업/CB3500572-063 C++프로그래밍과실습(Prof.김태연)/실습 024(선택) - std_array/array.cpp,,15,17,Changes
2023-03-09T22:47:30.702+09:00,nozerose,KeyEvent,34:152:1,_024_____std_array,Editor,/Users/nozerose/Desktop/2023학년도 1학기 수업/CB3500572-063 C++프로그래밍과실습(Prof.김태연)/실습 024(선택) - std_array/array.cpp,,15,17,Changes
2023-03-09T22:47:31.763+09:00,nozerose,KeyEvent,65535:16:1,_024_____std_array,Editor,/Users/nozerose/Desktop/2023학년도 1학기 수업/CB3500572-063 C++프로그래밍과실습(Prof.김태연)/실습 024(선택) - std_array/array.cpp,,15,18,Changes
2023-03-09T22:47:31.887+09:00,nozerose,KeyEvent,34:152:1,_024_____std_array,Editor,/Users/nozerose/Desktop/2023학년도 1학기 수업/CB3500572-063 C++프로그래밍과실습(Prof.김태연)/실습 024(선택) - std_array/array.cpp,,15,18,Changes
2023-03-09T22:47:32.264+09:00,nozerose,Action,EditorLeft,_024_____std_array,Editor,/Users/nozerose/Desktop/2023학년도 1학기 수업/CB3500572-063 C++프로그래밍과실습(Prof.김태연)/실습 024(선택) - std_array/array.cpp,,15,19,Changes
2023-03-09T22:47:32.265+09:00,nozerose,KeyEvent,65535:37:0,_024_____std_array,Editor,/Users/nozerose/Desktop/2023학년도 1학기 수업/CB3500572-063 C++프로그래밍과실습(Prof.김태연)/실습 024(선택) - std_array/array.cpp,,15,18,Changes
2023-03-09T22:47:32.513+09:00,nozerose,KeyEvent,32:32:0,_024_____std_array,Editor,/Users/nozerose/Desktop/2023학년도 1학기 수업/CB3500572-063 C++프로그래밍과실습(Prof.김태연)/실습 024(선택) - std_array/array.cpp,,15,18,Changes
2023-03-09T22:47:32.754+09:00,nozerose,Action,EditorRight,_024_____std_array,Editor,/Users/nozerose/Desktop/2023학년도 1학기 수업/CB3500572-063 C++프로그래밍과실습(Prof.김태연)/실습 024(선택) - std_array/array.cpp,,15,19,Changes
2023-03-09T22:47:32.756+09:00,nozerose,KeyEvent,65535:39:0,_024_____std_array,Editor,/Users/nozerose/Desktop/2023학년도 1학기 수업/CB3500572-063 C++프로그래밍과실습(Prof.김태연)/실습 024(선택) - std_array/array.cpp,,15,20,Changes
2023-03-09T22:47:33.057+09:00,nozerose,KeyEvent,32:32:0,_024_____std_array,Editor,/Users/nozerose/Desktop/2023학년도 1학기 수업/CB3500572-063 C++프로그래밍과실습(Prof.김태연)/실습 024(선택) - std_array/array.cpp,,15,20,Changes
2023-03-09T22:47:33.367+09:00,nozerose,KeyEvent,65535:16:1,_024_____std_array,Editor,/Users/nozerose/Desktop/2023학년도 1학기 수업/CB3500572-063 C++프로그래밍과실습(Prof.김태연)/실습 024(선택) - std_array/array.cpp,,15,21,Changes
2023-03-09T22:47:33.566+09:00,nozerose,KeyEvent,60:153:1,_024_____std_array,Editor,/Users/nozerose/Desktop/2023학년도 1학기 수업/CB3500572-063 C++프로그래밍과실습(Prof.김태연)/실습 024(선택) - std_array/array.cpp,,15,21,Changes
2023-03-09T22:47:33.694+09:00,nozerose,KeyEvent,60:153:1,_024_____std_array,Editor,/Users/nozerose/Desktop/2023학년도 1학기 수업/CB3500572-063 C++프로그래밍과실습(Prof.김태연)/실습 024(선택) - std_array/array.cpp,,15,22,Changes
2023-03-09T22:47:33.873+09:00,nozerose,KeyEvent,32:32:0,_024_____std_array,Editor,/Users/nozerose/Desktop/2023학년도 1학기 수업/CB3500572-063 C++프로그래밍과실습(Prof.김태연)/실습 024(선택) - std_array/array.cpp,,15,23,Changes
2023-03-09T22:47:36.130+09:00,nozerose,Action,Run,_024_____std_array,Editor,/Users/nozerose/Desktop/2023학년도 1학기 수업/CB3500572-063 C++프로그래밍과실습(Prof.김태연)/실습 024(선택) - std_array/array.cpp,,15,24,Changes
2023-03-09T22:47:36.686+09:00,nozerose,Execution,"Run:'CMake Application: _024_____std_array':""/Users/nozerose/Desktop/2023학년도 1학기 수업/CB3500572-063 C++프로그래밍과실습(Prof.김태연)/실습 024(선택) - std_array/cmake-build-debug/_024_____std_array""",_024_____std_array,Editor,/Users/nozerose/Desktop/2023학년도 1학기 수업/CB3500572-063 C++프로그래밍과실습(Prof.김태연)/실습 024(선택) - std_array/array.cpp,,15,24,Changes
2023-03-09T22:47:37.443+09:00,nozerose,KeyEvent,49:49:0,_024_____std_array,Editor,/Users/nozerose/Desktop/2023학년도 1학기 수업/CB3500572-063 C++프로그래밍과실습(Prof.김태연)/실습 024(선택) - std_array/array.cpp,,15,24,Changes
2023-03-09T22:47:37.608+09:00,nozerose,KeyEvent,32:32:0,_024_____std_array,Editor,/Users/nozerose/Desktop/2023학년도 1학기 수업/CB3500572-063 C++프로그래밍과실습(Prof.김태연)/실습 024(선택) - std_array/array.cpp,,15,24,Changes
2023-03-09T22:47:37.747+09:00,nozerose,KeyEvent,50:50:0,_024_____std_array,Editor,/Users/nozerose/Desktop/2023학년도 1학기 수업/CB3500572-063 C++프로그래밍과실습(Prof.김태연)/실습 024(선택) - std_array/array.cpp,,15,24,Changes
2023-03-09T22:47:37.871+09:00,nozerose,KeyEvent,32:32:0,_024_____std_array,Editor,/Users/nozerose/Desktop/2023학년도 1학기 수업/CB3500572-063 C++프로그래밍과실습(Prof.김태연)/실습 024(선택) - std_array/array.cpp,,15,24,Changes
2023-03-09T22:47:38.015+09:00,nozerose,KeyEvent,51:51:0,_024_____std_array,Editor,/Users/nozerose/Desktop/2023학년도 1학기 수업/CB3500572-063 C++프로그래밍과실습(Prof.김태연)/실습 024(선택) - std_array/array.cpp,,15,24,Changes
2023-03-09T22:47:38.170+09:00,nozerose,KeyEvent,32:32:0,_024_____std_array,Editor,/Users/nozerose/Desktop/2023학년도 1학기 수업/CB3500572-063 C++프로그래밍과실습(Prof.김태연)/실습 024(선택) - std_array/array.cpp,,15,24,Changes
2023-03-09T22:47:38.351+09:00,nozerose,KeyEvent,52:52:0,_024_____std_array,Editor,/Users/nozerose/Desktop/2023학년도 1학기 수업/CB3500572-063 C++프로그래밍과실습(Prof.김태연)/실습 024(선택) - std_array/array.cpp,,15,24,Changes
2023-03-09T22:47:38.550+09:00,nozerose,KeyEvent,32:32:0,_024_____std_array,Editor,/Users/nozerose/Desktop/2023학년도 1학기 수업/CB3500572-063 C++프로그래밍과실습(Prof.김태연)/실습 024(선택) - std_array/array.cpp,,15,24,Changes
2023-03-09T22:47:38.724+09:00,nozerose,KeyEvent,53:53:0,_024_____std_array,Editor,/Users/nozerose/Desktop/2023학년도 1학기 수업/CB3500572-063 C++프로그래밍과실습(Prof.김태연)/실습 024(선택) - std_array/array.cpp,,15,24,Changes
2023-03-09T22:47:38.874+09:00,nozerose,KeyEvent,32:32:0,_024_____std_array,Editor,/Users/nozerose/Desktop/2023학년도 1학기 수업/CB3500572-063 C++프로그래밍과실습(Prof.김태연)/실습 024(선택) - std_array/array.cpp,,15,24,Changes
2023-03-09T22:47:39.026+09:00,nozerose,KeyEvent,54:54:0,_024_____std_array,Editor,/Users/nozerose/Desktop/2023학년도 1학기 수업/CB3500572-063 C++프로그래밍과실습(Prof.김태연)/실습 024(선택) - std_array/array.cpp,,15,24,Changes
2023-03-09T22:47:39.168+09:00,nozerose,KeyEvent,32:32:0,_024_____std_array,Editor,/Users/nozerose/Desktop/2023학년도 1학기 수업/CB3500572-063 C++프로그래밍과실습(Prof.김태연)/실습 024(선택) - std_array/array.cpp,,15,24,Changes
2023-03-09T22:47:39.318+09:00,nozerose,KeyEvent,55:55:0,_024_____std_array,Editor,/Users/nozerose/Desktop/2023학년도 1학기 수업/CB3500572-063 C++프로그래밍과실습(Prof.김태연)/실습 024(선택) - std_array/array.cpp,,15,24,Changes
2023-03-09T22:47:39.465+09:00,nozerose,KeyEvent,32:32:0,_024_____std_array,Editor,/Users/nozerose/Desktop/2023학년도 1학기 수업/CB3500572-063 C++프로그래밍과실습(Prof.김태연)/실습 024(선택) - std_array/array.cpp,,15,24,Changes
2023-03-09T22:47:39.635+09:00,nozerose,KeyEvent,56:56:0,_024_____std_array,Editor,/Users/nozerose/Desktop/2023학년도 1학기 수업/CB3500572-063 C++프로그래밍과실습(Prof.김태연)/실습 024(선택) - std_array/array.cpp,,15,24,Changes
2023-03-09T22:47:39.815+09:00,nozerose,KeyEvent,32:32:0,_024_____std_array,Editor,/Users/nozerose/Desktop/2023학년도 1학기 수업/CB3500572-063 C++프로그래밍과실습(Prof.김태연)/실습 024(선택) - std_array/array.cpp,,15,24,Changes
2023-03-09T22:47:39.990+09:00,nozerose,KeyEvent,57:57:0,_024_____std_array,Editor,/Users/nozerose/Desktop/2023학년도 1학기 수업/CB3500572-063 C++프로그래밍과실습(Prof.김태연)/실습 024(선택) - std_array/array.cpp,,15,24,Changes
2023-03-09T22:47:40.101+09:00,nozerose,KeyEvent,32:32:0,_024_____std_array,Editor,/Users/nozerose/Desktop/2023학년도 1학기 수업/CB3500572-063 C++프로그래밍과실습(Prof.김태연)/실습 024(선택) - std_array/array.cpp,,15,24,Changes
2023-03-09T22:47:40.601+09:00,nozerose,KeyEvent,49:49:0,_024_____std_array,Editor,/Users/nozerose/Desktop/2023학년도 1학기 수업/CB3500572-063 C++프로그래밍과실습(Prof.김태연)/실습 024(선택) - std_array/array.cpp,,15,24,Changes
2023-03-09T22:47:40.691+09:00,nozerose,KeyEvent,48:48:0,_024_____std_array,Editor,/Users/nozerose/Desktop/2023학년도 1학기 수업/CB3500572-063 C++프로그래밍과실습(Prof.김태연)/실습 024(선택) - std_array/array.cpp,,15,24,Changes
2023-03-09T22:47:40.972+09:00,nozerose,KeyEvent,10:10:0,_024_____std_array,Editor,/Users/nozerose/Desktop/2023학년도 1학기 수업/CB3500572-063 C++프로그래밍과실습(Prof.김태연)/실습 024(선택) - std_array/array.cpp,,15,24,Changes
2023-03-09T22:48:29.423+09:00,nozerose,KeyEvent,65535:16:1,_024_____std_array,Editor,/Users/nozerose/Desktop/2023학년도 1학기 수업/CB3500572-063 C++프로그래밍과실습(Prof.김태연)/실습 024(선택) - std_array/array.cpp,,12,13,Changes
2023-03-09T22:48:29.635+09:00,nozerose,KeyEvent,42:151:1,_024_____std_array,Editor,/Users/nozerose/Desktop/2023학년도 1학기 수업/CB3500572-063 C++프로그래밍과실습(Prof.김태연)/실습 024(선택) - std_array/array.cpp,,12,13,Changes
2023-03-09T22:48:31.252+09:00,nozerose,KeyEvent,65535:16:1,_024_____std_array,Editor,/Users/nozerose/Desktop/2023학년도 1학기 수업/CB3500572-063 C++프로그래밍과실습(Prof.김태연)/실습 024(선택) - std_array/array.cpp,,13,13,Changes
2023-03-09T22:48:31.328+09:00,nozerose,KeyEvent,42:151:1,_024_____std_array,Editor,/Users/nozerose/Desktop/2023학년도 1학기 수업/CB3500572-063 C++프로그래밍과실습(Prof.김태연)/실습 024(선택) - std_array/array.cpp,,13,13,Changes
2023-03-09T22:48:34.021+09:00,nozerose,Action,Run,_024_____std_array,Editor,/Users/nozerose/Desktop/2023학년도 1학기 수업/CB3500572-063 C++프로그래밍과실습(Prof.김태연)/실습 024(선택) - std_array/array.cpp,,15,28,Changes
2023-03-09T22:48:34.565+09:00,nozerose,Execution,"Run:'CMake Application: _024_____std_array':""/Users/nozerose/Desktop/2023학년도 1학기 수업/CB3500572-063 C++프로그래밍과실습(Prof.김태연)/실습 024(선택) - std_array/cmake-build-debug/_024_____std_array""",_024_____std_array,Editor,/Users/nozerose/Desktop/2023학년도 1학기 수업/CB3500572-063 C++프로그래밍과실습(Prof.김태연)/실습 024(선택) - std_array/array.cpp,,15,28,Changes
2023-03-09T22:48:40.907+09:00,nozerose,KeyEvent,65535:157:4,_024_____std_array,Editor,/Users/nozerose/Desktop/2023학년도 1학기 수업/CB3500572-063 C++프로그래밍과실습(Prof.김태연)/실습 024(선택) - std_array/array.cpp,,15,28,Changes
2023-03-09T22:48:41.022+09:00,nozerose,KeyEvent,118:86:4,_024_____std_array,Editor,/Users/nozerose/Desktop/2023학년도 1학기 수업/CB3500572-063 C++프로그래밍과실습(Prof.김태연)/실습 024(선택) - std_array/array.cpp,,15,28,Changes
2023-03-09T22:48:41.817+09:00,nozerose,KeyEvent,10:10:0,_024_____std_array,Editor,/Users/nozerose/Desktop/2023학년도 1학기 수업/CB3500572-063 C++프로그래밍과실습(Prof.김태연)/실습 024(선택) - std_array/array.cpp,,15,28,Changes
2023-03-09T22:48:46.530+09:00,nozerose,Action,Run,_024_____std_array,Editor,/Users/nozerose/Desktop/2023학년도 1학기 수업/CB3500572-063 C++프로그래밍과실습(Prof.김태연)/실습 024(선택) - std_array/array.cpp,,15,28,Changes
2023-03-09T22:48:46.842+09:00,nozerose,Execution,"Run:'CMake Application: _024_____std_array':""/Users/nozerose/Desktop/2023학년도 1학기 수업/CB3500572-063 C++프로그래밍과실습(Prof.김태연)/실습 024(선택) - std_array/cmake-build-debug/_024_____std_array""",_024_____std_array,Editor,/Users/nozerose/Desktop/2023학년도 1학기 수업/CB3500572-063 C++프로그래밍과실습(Prof.김태연)/실습 024(선택) - std_array/array.cpp,,15,28,Changes
2023-03-09T22:48:47.435+09:00,nozerose,KeyEvent,65535:157:4,_024_____std_array,Editor,/Users/nozerose/Desktop/2023학년도 1학기 수업/CB3500572-063 C++프로그래밍과실습(Prof.김태연)/실습 024(선택) - std_array/array.cpp,,15,28,Changes
2023-03-09T22:48:47.494+09:00,nozerose,KeyEvent,118:86:4,_024_____std_array,Editor,/Users/nozerose/Desktop/2023학년도 1학기 수업/CB3500572-063 C++프로그래밍과실습(Prof.김태연)/실습 024(선택) - std_array/array.cpp,,15,28,Changes
2023-03-09T22:48:48.283+09:00,nozerose,KeyEvent,10:10:0,_024_____std_array,Editor,/Users/nozerose/Desktop/2023학년도 1학기 수업/CB3500572-063 C++프로그래밍과실습(Prof.김태연)/실습 024(선택) - std_array/array.cpp,,15,28,Changes
2023-03-09T22:48:53.607+09:00,nozerose,Action,Run,_024_____std_array,Editor,/Users/nozerose/Desktop/2023학년도 1학기 수업/CB3500572-063 C++프로그래밍과실습(Prof.김태연)/실습 024(선택) - std_array/array.cpp,,15,28,Changes
2023-03-09T22:48:53.846+09:00,nozerose,Execution,"Run:'CMake Application: _024_____std_array':""/Users/nozerose/Desktop/2023학년도 1학기 수업/CB3500572-063 C++프로그래밍과실습(Prof.김태연)/실습 024(선택) - std_array/cmake-build-debug/_024_____std_array""",_024_____std_array,Editor,/Users/nozerose/Desktop/2023학년도 1학기 수업/CB3500572-063 C++프로그래밍과실습(Prof.김태연)/실습 024(선택) - std_array/array.cpp,,15,28,Changes
2023-03-09T22:48:54.992+09:00,nozerose,KeyEvent,65535:157:4,_024_____std_array,Editor,/Users/nozerose/Desktop/2023학년도 1학기 수업/CB3500572-063 C++프로그래밍과실습(Prof.김태연)/실습 024(선택) - std_array/array.cpp,,15,28,Changes
2023-03-09T22:48:55.037+09:00,nozerose,KeyEvent,118:86:4,_024_____std_array,Editor,/Users/nozerose/Desktop/2023학년도 1학기 수업/CB3500572-063 C++프로그래밍과실습(Prof.김태연)/실습 024(선택) - std_array/array.cpp,,15,28,Changes
2023-03-09T22:48:56.101+09:00,nozerose,KeyEvent,10:10:0,_024_____std_array,Editor,/Users/nozerose/Desktop/2023학년도 1학기 수업/CB3500572-063 C++프로그래밍과실습(Prof.김태연)/실습 024(선택) - std_array/array.cpp,,15,28,Changes
2023-03-09T22:49:02.579+09:00,nozerose,Action,Start/Stop Activity Tracking,,,,,-1,-1,
