2023-03-09T17:19:24.171+09:00,nozerose,Action,EditorBackSpace,_021___reverse_an_array,Editor,/Users/nozerose/Desktop/2023학년도 1학기 수업/CB3500572-063 C++프로그래밍과실습(Prof.김태연)/실습 021 - reverse an array/reverse.cpp,,0,0,Changes
2023-03-09T17:19:24.199+09:00,nozerose,KeyEvent,8:8:0,_021___reverse_an_array,Editor,/Users/nozerose/Desktop/2023학년도 1학기 수업/CB3500572-063 C++프로그래밍과실습(Prof.김태연)/실습 021 - reverse an array/reverse.cpp,,0,0,Changes
2023-03-09T17:19:24.562+09:00,nozerose,KeyEvent,65535:16:1,_021___reverse_an_array,Editor,/Users/nozerose/Desktop/2023학년도 1학기 수업/CB3500572-063 C++프로그래밍과실습(Prof.김태연)/실습 021 - reverse an array/reverse.cpp,,0,0,Changes
2023-03-09T17:19:24.647+09:00,nozerose,KeyEvent,35:520:1,_021___reverse_an_array,Editor,/Users/nozerose/Desktop/2023학년도 1학기 수업/CB3500572-063 C++프로그래밍과실습(Prof.김태연)/실습 021 - reverse an array/reverse.cpp,,0,0,Changes
2023-03-09T17:19:25.113+09:00,nozerose,KeyEvent,105:73:0,_021___reverse_an_array,Editor,/Users/nozerose/Desktop/2023학년도 1학기 수업/CB3500572-063 C++프로그래밍과실습(Prof.김태연)/실습 021 - reverse an array/reverse.cpp,,0,1,Changes
2023-03-09T17:19:25.470+09:00,nozerose,KeyEvent,110:78:0,_021___reverse_an_array,Editor,/Users/nozerose/Desktop/2023학년도 1학기 수업/CB3500572-063 C++프로그래밍과실습(Prof.김태연)/실습 021 - reverse an array/reverse.cpp,,0,2,Changes
2023-03-09T17:19:25.856+09:00,nozerose,KeyEvent,99:67:0,_021___reverse_an_array,Editor,/Users/nozerose/Desktop/2023학년도 1학기 수업/CB3500572-063 C++프로그래밍과실습(Prof.김태연)/실습 021 - reverse an array/reverse.cpp,,0,3,Changes
2023-03-09T17:19:25.935+09:00,nozerose,KeyEvent,108:76:0,_021___reverse_an_array,Editor,/Users/nozerose/Desktop/2023학년도 1학기 수업/CB3500572-063 C++프로그래밍과실습(Prof.김태연)/실습 021 - reverse an array/reverse.cpp,,0,4,Changes
2023-03-09T17:19:26.121+09:00,nozerose,KeyEvent,117:85:0,_021___reverse_an_array,Editor,/Users/nozerose/Desktop/2023학년도 1학기 수업/CB3500572-063 C++프로그래밍과실습(Prof.김태연)/실습 021 - reverse an array/reverse.cpp,,0,5,Changes
2023-03-09T17:19:26.167+09:00,nozerose,KeyEvent,100:68:0,_021___reverse_an_array,Editor,/Users/nozerose/Desktop/2023학년도 1학기 수업/CB3500572-063 C++프로그래밍과실습(Prof.김태연)/실습 021 - reverse an array/reverse.cpp,,0,6,Changes
2023-03-09T17:19:26.315+09:00,nozerose,KeyEvent,101:69:0,_021___reverse_an_array,Editor,/Users/nozerose/Desktop/2023학년도 1학기 수업/CB3500572-063 C++프로그래밍과실습(Prof.김태연)/실습 021 - reverse an array/reverse.cpp,,0,7,Changes
2023-03-09T17:19:26.450+09:00,nozerose,KeyEvent,32:32:0,_021___reverse_an_array,Editor,/Users/nozerose/Desktop/2023학년도 1학기 수업/CB3500572-063 C++프로그래밍과실습(Prof.김태연)/실습 021 - reverse an array/reverse.cpp,,0,8,Changes
2023-03-09T17:19:26.655+09:00,nozerose,KeyEvent,65535:16:1,_021___reverse_an_array,Editor,/Users/nozerose/Desktop/2023학년도 1학기 수업/CB3500572-063 C++프로그래밍과실습(Prof.김태연)/실습 021 - reverse an array/reverse.cpp,,0,9,Changes
2023-03-09T17:19:26.832+09:00,nozerose,KeyEvent,60:153:1,_021___reverse_an_array,Editor,/Users/nozerose/Desktop/2023학년도 1학기 수업/CB3500572-063 C++프로그래밍과실습(Prof.김태연)/실습 021 - reverse an array/reverse.cpp,,0,9,Changes
2023-03-09T17:19:28.009+09:00,nozerose,KeyEvent,105:73:0,_021___reverse_an_array,Editor,/Users/nozerose/Desktop/2023학년도 1학기 수업/CB3500572-063 C++프로그래밍과실습(Prof.김태연)/실습 021 - reverse an array/reverse.cpp,,0,10,Changes
2023-03-09T17:19:28.131+09:00,nozerose,KeyEvent,111:79:0,_021___reverse_an_array,Editor,/Users/nozerose/Desktop/2023학년도 1학기 수업/CB3500572-063 C++프로그래밍과실습(Prof.김태연)/실습 021 - reverse an array/reverse.cpp,,0,11,Changes
2023-03-09T17:19:28.344+09:00,nozerose,KeyEvent,115:83:0,_021___reverse_an_array,Editor,/Users/nozerose/Desktop/2023학년도 1학기 수업/CB3500572-063 C++프로그래밍과실습(Prof.김태연)/실습 021 - reverse an array/reverse.cpp,,0,12,Changes
2023-03-09T17:19:28.558+09:00,nozerose,KeyEvent,116:84:0,_021___reverse_an_array,Editor,/Users/nozerose/Desktop/2023학년도 1학기 수업/CB3500572-063 C++프로그래밍과실습(Prof.김태연)/실습 021 - reverse an array/reverse.cpp,,0,13,Changes
2023-03-09T17:19:28.754+09:00,nozerose,KeyEvent,114:82:0,_021___reverse_an_array,Editor,/Users/nozerose/Desktop/2023학년도 1학기 수업/CB3500572-063 C++프로그래밍과실습(Prof.김태연)/실습 021 - reverse an array/reverse.cpp,,0,14,Changes
2023-03-09T17:19:28.816+09:00,nozerose,KeyEvent,101:69:0,_021___reverse_an_array,Editor,/Users/nozerose/Desktop/2023학년도 1학기 수업/CB3500572-063 C++프로그래밍과실습(Prof.김태연)/실습 021 - reverse an array/reverse.cpp,,0,15,Changes
2023-03-09T17:19:29.111+09:00,nozerose,KeyEvent,97:65:0,_021___reverse_an_array,Editor,/Users/nozerose/Desktop/2023학년도 1학기 수업/CB3500572-063 C++프로그래밍과실습(Prof.김태연)/실습 021 - reverse an array/reverse.cpp,,0,16,Changes
2023-03-09T17:19:29.357+09:00,nozerose,KeyEvent,109:77:0,_021___reverse_an_array,Editor,/Users/nozerose/Desktop/2023학년도 1학기 수업/CB3500572-063 C++프로그래밍과실습(Prof.김태연)/실습 021 - reverse an array/reverse.cpp,,0,17,Changes
2023-03-09T17:19:29.778+09:00,nozerose,KeyEvent,65535:16:1,_021___reverse_an_array,Editor,/Users/nozerose/Desktop/2023학년도 1학기 수업/CB3500572-063 C++프로그래밍과실습(Prof.김태연)/실습 021 - reverse an array/reverse.cpp,,0,18,Changes
2023-03-09T17:19:29.974+09:00,nozerose,KeyEvent,62:46:1,_021___reverse_an_array,Editor,/Users/nozerose/Desktop/2023학년도 1학기 수업/CB3500572-063 C++프로그래밍과실습(Prof.김태연)/실습 021 - reverse an array/reverse.cpp,,0,18,Changes
2023-03-09T17:19:30.188+09:00,nozerose,Action,EditorEnter,_021___reverse_an_array,Editor,/Users/nozerose/Desktop/2023학년도 1학기 수업/CB3500572-063 C++프로그래밍과실습(Prof.김태연)/실습 021 - reverse an array/reverse.cpp,,0,19,Changes
2023-03-09T17:19:30.221+09:00,nozerose,KeyEvent,10:10:0,_021___reverse_an_array,Editor,/Users/nozerose/Desktop/2023학년도 1학기 수업/CB3500572-063 C++프로그래밍과실습(Prof.김태연)/실습 021 - reverse an array/reverse.cpp,,1,0,Changes
2023-03-09T17:19:31.079+09:00,nozerose,KeyEvent,117:85:0,_021___reverse_an_array,Editor,/Users/nozerose/Desktop/2023학년도 1학기 수업/CB3500572-063 C++프로그래밍과실습(Prof.김태연)/실습 021 - reverse an array/reverse.cpp,,1,0,Changes
2023-03-09T17:19:31.269+09:00,nozerose,KeyEvent,115:83:0,_021___reverse_an_array,Editor,/Users/nozerose/Desktop/2023학년도 1학기 수업/CB3500572-063 C++프로그래밍과실습(Prof.김태연)/실습 021 - reverse an array/reverse.cpp,,1,1,Changes
2023-03-09T17:19:31.333+09:00,nozerose,KeyEvent,105:73:0,_021___reverse_an_array,Editor,/Users/nozerose/Desktop/2023학년도 1학기 수업/CB3500572-063 C++프로그래밍과실습(Prof.김태연)/실습 021 - reverse an array/reverse.cpp,,1,2,Changes
2023-03-09T17:19:31.449+09:00,nozerose,KeyEvent,110:78:0,_021___reverse_an_array,Editor,/Users/nozerose/Desktop/2023학년도 1학기 수업/CB3500572-063 C++프로그래밍과실습(Prof.김태연)/실습 021 - reverse an array/reverse.cpp,,1,3,Changes
2023-03-09T17:19:31.608+09:00,nozerose,KeyEvent,103:71:0,_021___reverse_an_array,Editor,/Users/nozerose/Desktop/2023학년도 1학기 수업/CB3500572-063 C++프로그래밍과실습(Prof.김태연)/실습 021 - reverse an array/reverse.cpp,,1,4,Changes
2023-03-09T17:19:31.771+09:00,nozerose,KeyEvent,32:32:0,_021___reverse_an_array,Editor,/Users/nozerose/Desktop/2023학년도 1학기 수업/CB3500572-063 C++프로그래밍과실습(Prof.김태연)/실습 021 - reverse an array/reverse.cpp,,1,5,Changes
2023-03-09T17:19:31.942+09:00,nozerose,KeyEvent,110:78:0,_021___reverse_an_array,Editor,/Users/nozerose/Desktop/2023학년도 1학기 수업/CB3500572-063 C++프로그래밍과실습(Prof.김태연)/실습 021 - reverse an array/reverse.cpp,,1,6,Changes
2023-03-09T17:19:32.045+09:00,nozerose,KeyEvent,97:65:0,_021___reverse_an_array,Editor,/Users/nozerose/Desktop/2023학년도 1학기 수업/CB3500572-063 C++프로그래밍과실습(Prof.김태연)/실습 021 - reverse an array/reverse.cpp,,1,7,Changes
2023-03-09T17:19:32.186+09:00,nozerose,KeyEvent,109:77:0,_021___reverse_an_array,Editor,/Users/nozerose/Desktop/2023학년도 1학기 수업/CB3500572-063 C++프로그래밍과실습(Prof.김태연)/실습 021 - reverse an array/reverse.cpp,,1,8,Changes
2023-03-09T17:19:32.283+09:00,nozerose,KeyEvent,101:69:0,_021___reverse_an_array,Editor,/Users/nozerose/Desktop/2023학년도 1학기 수업/CB3500572-063 C++프로그래밍과실습(Prof.김태연)/실습 021 - reverse an array/reverse.cpp,,1,9,Changes
2023-03-09T17:19:34.597+09:00,nozerose,KeyEvent,115:83:0,_021___reverse_an_array,Editor,/Users/nozerose/Desktop/2023학년도 1학기 수업/CB3500572-063 C++프로그래밍과실습(Prof.김태연)/실습 021 - reverse an array/reverse.cpp,,1,10,Changes
2023-03-09T17:19:34.800+09:00,nozerose,KeyEvent,112:80:0,_021___reverse_an_array,Editor,/Users/nozerose/Desktop/2023학년도 1학기 수업/CB3500572-063 C++프로그래밍과실습(Prof.김태연)/실습 021 - reverse an array/reverse.cpp,,1,11,Changes
2023-03-09T17:19:34.908+09:00,nozerose,KeyEvent,97:65:0,_021___reverse_an_array,Editor,/Users/nozerose/Desktop/2023학년도 1학기 수업/CB3500572-063 C++프로그래밍과실습(Prof.김태연)/실습 021 - reverse an array/reverse.cpp,,1,12,Changes
2023-03-09T17:19:35.134+09:00,nozerose,KeyEvent,99:67:0,_021___reverse_an_array,Editor,/Users/nozerose/Desktop/2023학년도 1학기 수업/CB3500572-063 C++프로그래밍과실습(Prof.김태연)/실습 021 - reverse an array/reverse.cpp,,1,13,Changes
2023-03-09T17:19:35.331+09:00,nozerose,KeyEvent,101:69:0,_021___reverse_an_array,Editor,/Users/nozerose/Desktop/2023학년도 1학기 수업/CB3500572-063 C++프로그래밍과실습(Prof.김태연)/실습 021 - reverse an array/reverse.cpp,,1,14,Changes
2023-03-09T17:19:35.463+09:00,nozerose,KeyEvent,32:32:0,_021___reverse_an_array,Editor,/Users/nozerose/Desktop/2023학년도 1학기 수업/CB3500572-063 C++프로그래밍과실습(Prof.김태연)/실습 021 - reverse an array/reverse.cpp,,1,15,Changes
2023-03-09T17:19:36.591+09:00,nozerose,KeyEvent,115:83:0,_021___reverse_an_array,Editor,/Users/nozerose/Desktop/2023학년도 1학기 수업/CB3500572-063 C++프로그래밍과실습(Prof.김태연)/실습 021 - reverse an array/reverse.cpp,,1,16,Changes
2023-03-09T17:19:36.753+09:00,nozerose,KeyEvent,116:84:0,_021___reverse_an_array,Editor,/Users/nozerose/Desktop/2023학년도 1학기 수업/CB3500572-063 C++프로그래밍과실습(Prof.김태연)/실습 021 - reverse an array/reverse.cpp,,1,17,Changes
2023-03-09T17:19:36.960+09:00,nozerose,KeyEvent,100:68:0,_021___reverse_an_array,Editor,/Users/nozerose/Desktop/2023학년도 1학기 수업/CB3500572-063 C++프로그래밍과실습(Prof.김태연)/실습 021 - reverse an array/reverse.cpp,,1,18,Changes
2023-03-09T17:19:37.109+09:00,nozerose,KeyEvent,59:59:0,_021___reverse_an_array,Editor,/Users/nozerose/Desktop/2023학년도 1학기 수업/CB3500572-063 C++프로그래밍과실습(Prof.김태연)/실습 021 - reverse an array/reverse.cpp,,1,19,Changes
2023-03-09T17:19:37.415+09:00,nozerose,Action,EditorEnter,_021___reverse_an_array,Editor,/Users/nozerose/Desktop/2023학년도 1학기 수업/CB3500572-063 C++프로그래밍과실습(Prof.김태연)/실습 021 - reverse an array/reverse.cpp,,1,20,Changes
2023-03-09T17:19:37.446+09:00,nozerose,KeyEvent,10:10:0,_021___reverse_an_array,Editor,/Users/nozerose/Desktop/2023학년도 1학기 수업/CB3500572-063 C++프로그래밍과실습(Prof.김태연)/실습 021 - reverse an array/reverse.cpp,,2,0,Changes
2023-03-09T17:19:37.824+09:00,nozerose,Action,EditorEnter,_021___reverse_an_array,Editor,/Users/nozerose/Desktop/2023학년도 1학기 수업/CB3500572-063 C++프로그래밍과실습(Prof.김태연)/실습 021 - reverse an array/reverse.cpp,,2,0,Changes
2023-03-09T17:19:37.838+09:00,nozerose,KeyEvent,10:10:0,_021___reverse_an_array,Editor,/Users/nozerose/Desktop/2023학년도 1학기 수업/CB3500572-063 C++프로그래밍과실습(Prof.김태연)/실습 021 - reverse an array/reverse.cpp,,3,0,Changes
2023-03-09T17:19:38.347+09:00,nozerose,KeyEvent,105:73:0,_021___reverse_an_array,Editor,/Users/nozerose/Desktop/2023학년도 1학기 수업/CB3500572-063 C++프로그래밍과실습(Prof.김태연)/실습 021 - reverse an array/reverse.cpp,,3,0,Changes
2023-03-09T17:19:38.489+09:00,nozerose,KeyEvent,110:78:0,_021___reverse_an_array,Editor,/Users/nozerose/Desktop/2023학년도 1학기 수업/CB3500572-063 C++프로그래밍과실습(Prof.김태연)/실습 021 - reverse an array/reverse.cpp,,3,1,Changes
2023-03-09T17:19:38.627+09:00,nozerose,KeyEvent,116:84:0,_021___reverse_an_array,Editor,/Users/nozerose/Desktop/2023학년도 1학기 수업/CB3500572-063 C++프로그래밍과실습(Prof.김태연)/실습 021 - reverse an array/reverse.cpp,,3,2,Changes
2023-03-09T17:19:38.728+09:00,nozerose,KeyEvent,32:32:0,_021___reverse_an_array,Editor,/Users/nozerose/Desktop/2023학년도 1학기 수업/CB3500572-063 C++프로그래밍과실습(Prof.김태연)/실습 021 - reverse an array/reverse.cpp,,3,3,Changes
2023-03-09T17:19:38.811+09:00,nozerose,KeyEvent,109:77:0,_021___reverse_an_array,Editor,/Users/nozerose/Desktop/2023학년도 1학기 수업/CB3500572-063 C++프로그래밍과실습(Prof.김태연)/실습 021 - reverse an array/reverse.cpp,,3,4,Changes
2023-03-09T17:19:38.922+09:00,nozerose,KeyEvent,97:65:0,_021___reverse_an_array,Editor,/Users/nozerose/Desktop/2023학년도 1학기 수업/CB3500572-063 C++프로그래밍과실습(Prof.김태연)/실습 021 - reverse an array/reverse.cpp,,3,5,Changes
2023-03-09T17:19:39.010+09:00,nozerose,KeyEvent,105:73:0,_021___reverse_an_array,Editor,/Users/nozerose/Desktop/2023학년도 1학기 수업/CB3500572-063 C++프로그래밍과실습(Prof.김태연)/실습 021 - reverse an array/reverse.cpp,,3,6,Changes
2023-03-09T17:19:39.081+09:00,nozerose,KeyEvent,110:78:0,_021___reverse_an_array,Editor,/Users/nozerose/Desktop/2023학년도 1학기 수업/CB3500572-063 C++프로그래밍과실습(Prof.김태연)/실습 021 - reverse an array/reverse.cpp,,3,7,Changes
2023-03-09T17:19:39.363+09:00,nozerose,KeyEvent,65535:16:1,_021___reverse_an_array,Editor,/Users/nozerose/Desktop/2023학년도 1학기 수업/CB3500572-063 C++프로그래밍과실습(Prof.김태연)/실습 021 - reverse an array/reverse.cpp,,3,8,Changes
2023-03-09T17:19:39.619+09:00,nozerose,KeyEvent,40:519:1,_021___reverse_an_array,Editor,/Users/nozerose/Desktop/2023학년도 1학기 수업/CB3500572-063 C++프로그래밍과실습(Prof.김태연)/실습 021 - reverse an array/reverse.cpp,,3,8,Changes
2023-03-09T17:19:39.758+09:00,nozerose,KeyEvent,41:522:1,_021___reverse_an_array,Editor,/Users/nozerose/Desktop/2023학년도 1학기 수업/CB3500572-063 C++프로그래밍과실습(Prof.김태연)/실습 021 - reverse an array/reverse.cpp,,3,9,Changes
2023-03-09T17:19:39.927+09:00,nozerose,KeyEvent,32:32:0,_021___reverse_an_array,Editor,/Users/nozerose/Desktop/2023학년도 1학기 수업/CB3500572-063 C++프로그래밍과실습(Prof.김태연)/실습 021 - reverse an array/reverse.cpp,,3,10,Changes
2023-03-09T17:19:40.099+09:00,nozerose,KeyEvent,65535:16:1,_021___reverse_an_array,Editor,/Users/nozerose/Desktop/2023학년도 1학기 수업/CB3500572-063 C++프로그래밍과실습(Prof.김태연)/실습 021 - reverse an array/reverse.cpp,,3,11,Changes
2023-03-09T17:19:40.151+09:00,nozerose,KeyEvent,123:91:1,_021___reverse_an_array,Editor,/Users/nozerose/Desktop/2023학년도 1학기 수업/CB3500572-063 C++프로그래밍과실습(Prof.김태연)/실습 021 - reverse an array/reverse.cpp,,3,11,Changes
2023-03-09T17:19:40.389+09:00,nozerose,Action,EditorEnter,_021___reverse_an_array,Editor,/Users/nozerose/Desktop/2023학년도 1학기 수업/CB3500572-063 C++프로그래밍과실습(Prof.김태연)/실습 021 - reverse an array/reverse.cpp,,3,12,Changes
2023-03-09T17:19:40.406+09:00,nozerose,KeyEvent,10:10:0,_021___reverse_an_array,Editor,/Users/nozerose/Desktop/2023학년도 1학기 수업/CB3500572-063 C++프로그래밍과실습(Prof.김태연)/실습 021 - reverse an array/reverse.cpp,,4,2,Changes
2023-03-09T17:19:42.487+09:00,nozerose,KeyEvent,105:73:0,_021___reverse_an_array,Editor,/Users/nozerose/Desktop/2023학년도 1학기 수업/CB3500572-063 C++프로그래밍과실습(Prof.김태연)/실습 021 - reverse an array/reverse.cpp,,4,2,Changes
2023-03-09T17:19:42.699+09:00,nozerose,KeyEvent,110:78:0,_021___reverse_an_array,Editor,/Users/nozerose/Desktop/2023학년도 1학기 수업/CB3500572-063 C++프로그래밍과실습(Prof.김태연)/실습 021 - reverse an array/reverse.cpp,,4,3,Changes
2023-03-09T17:19:42.801+09:00,nozerose,KeyEvent,116:84:0,_021___reverse_an_array,Editor,/Users/nozerose/Desktop/2023학년도 1학기 수업/CB3500572-063 C++프로그래밍과실습(Prof.김태연)/실습 021 - reverse an array/reverse.cpp,,4,4,Changes
2023-03-09T17:19:42.958+09:00,nozerose,KeyEvent,32:32:0,_021___reverse_an_array,Editor,/Users/nozerose/Desktop/2023학년도 1학기 수업/CB3500572-063 C++프로그래밍과실습(Prof.김태연)/실습 021 - reverse an array/reverse.cpp,,4,5,Changes
2023-03-09T17:19:43.286+09:00,nozerose,KeyEvent,65535:16:1,_021___reverse_an_array,Editor,/Users/nozerose/Desktop/2023학년도 1학기 수업/CB3500572-063 C++프로그래밍과실습(Prof.김태연)/실습 021 - reverse an array/reverse.cpp,,4,6,Changes
2023-03-09T17:19:43.501+09:00,nozerose,KeyEvent,83:83:1,_021___reverse_an_array,Editor,/Users/nozerose/Desktop/2023학년도 1학기 수업/CB3500572-063 C++프로그래밍과실습(Prof.김태연)/실습 021 - reverse an array/reverse.cpp,,4,6,Changes
2023-03-09T17:19:43.617+09:00,nozerose,KeyEvent,73:73:1,_021___reverse_an_array,Editor,/Users/nozerose/Desktop/2023학년도 1학기 수업/CB3500572-063 C++프로그래밍과실습(Prof.김태연)/실습 021 - reverse an array/reverse.cpp,,4,7,Changes
2023-03-09T17:19:43.756+09:00,nozerose,KeyEvent,90:90:1,_021___reverse_an_array,Editor,/Users/nozerose/Desktop/2023학년도 1학기 수업/CB3500572-063 C++프로그래밍과실습(Prof.김태연)/실습 021 - reverse an array/reverse.cpp,,4,8,Changes
2023-03-09T17:19:43.965+09:00,nozerose,KeyEvent,69:69:1,_021___reverse_an_array,Editor,/Users/nozerose/Desktop/2023학년도 1학기 수업/CB3500572-063 C++프로그래밍과실습(Prof.김태연)/실습 021 - reverse an array/reverse.cpp,,4,9,Changes
2023-03-09T17:19:44.411+09:00,nozerose,KeyEvent,32:32:0,_021___reverse_an_array,Editor,/Users/nozerose/Desktop/2023학년도 1학기 수업/CB3500572-063 C++프로그래밍과실습(Prof.김태연)/실습 021 - reverse an array/reverse.cpp,,4,10,Changes
2023-03-09T17:19:44.719+09:00,nozerose,KeyEvent,61:61:0,_021___reverse_an_array,Editor,/Users/nozerose/Desktop/2023학년도 1학기 수업/CB3500572-063 C++프로그래밍과실습(Prof.김태연)/실습 021 - reverse an array/reverse.cpp,,4,11,Changes
2023-03-09T17:19:44.881+09:00,nozerose,KeyEvent,32:32:0,_021___reverse_an_array,Editor,/Users/nozerose/Desktop/2023학년도 1학기 수업/CB3500572-063 C++프로그래밍과실습(Prof.김태연)/실습 021 - reverse an array/reverse.cpp,,4,12,Changes
2023-03-09T17:19:45.037+09:00,nozerose,KeyEvent,48:48:0,_021___reverse_an_array,Editor,/Users/nozerose/Desktop/2023학년도 1학기 수업/CB3500572-063 C++프로그래밍과실습(Prof.김태연)/실습 021 - reverse an array/reverse.cpp,,4,13,Changes
2023-03-09T17:19:45.333+09:00,nozerose,KeyEvent,59:59:0,_021___reverse_an_array,Editor,/Users/nozerose/Desktop/2023학년도 1학기 수업/CB3500572-063 C++프로그래밍과실습(Prof.김태연)/실습 021 - reverse an array/reverse.cpp,,4,14,Changes
2023-03-09T17:19:46.312+09:00,nozerose,Action,EditorEnter,_021___reverse_an_array,Editor,/Users/nozerose/Desktop/2023학년도 1학기 수업/CB3500572-063 C++프로그래밍과실습(Prof.김태연)/실습 021 - reverse an array/reverse.cpp,,4,15,Changes
2023-03-09T17:19:46.322+09:00,nozerose,KeyEvent,10:10:0,_021___reverse_an_array,Editor,/Users/nozerose/Desktop/2023학년도 1학기 수업/CB3500572-063 C++프로그래밍과실습(Prof.김태연)/실습 021 - reverse an array/reverse.cpp,,5,2,Changes
2023-03-09T17:19:46.977+09:00,nozerose,Action,EditorEnter,_021___reverse_an_array,Editor,/Users/nozerose/Desktop/2023학년도 1학기 수업/CB3500572-063 C++프로그래밍과실습(Prof.김태연)/실습 021 - reverse an array/reverse.cpp,,5,2,Changes
2023-03-09T17:19:46.984+09:00,nozerose,KeyEvent,10:10:0,_021___reverse_an_array,Editor,/Users/nozerose/Desktop/2023학년도 1학기 수업/CB3500572-063 C++프로그래밍과실습(Prof.김태연)/실습 021 - reverse an array/reverse.cpp,,6,2,Changes
2023-03-09T17:19:47.287+09:00,nozerose,KeyEvent,99:67:0,_021___reverse_an_array,Editor,/Users/nozerose/Desktop/2023학년도 1학기 수업/CB3500572-063 C++프로그래밍과실습(Prof.김태연)/실습 021 - reverse an array/reverse.cpp,,6,2,Changes
2023-03-09T17:19:47.668+09:00,nozerose,KeyEvent,105:73:0,_021___reverse_an_array,Editor,/Users/nozerose/Desktop/2023학년도 1학기 수업/CB3500572-063 C++프로그래밍과실습(Prof.김태연)/실습 021 - reverse an array/reverse.cpp,,6,3,Changes
2023-03-09T17:19:47.869+09:00,nozerose,KeyEvent,110:78:0,_021___reverse_an_array,Editor,/Users/nozerose/Desktop/2023학년도 1학기 수업/CB3500572-063 C++프로그래밍과실습(Prof.김태연)/실습 021 - reverse an array/reverse.cpp,,6,4,Changes
2023-03-09T17:19:48.152+09:00,nozerose,KeyEvent,32:32:0,_021___reverse_an_array,Editor,/Users/nozerose/Desktop/2023학년도 1학기 수업/CB3500572-063 C++프로그래밍과실습(Prof.김태연)/실습 021 - reverse an array/reverse.cpp,,6,5,Changes
2023-03-09T17:19:48.343+09:00,nozerose,KeyEvent,65535:16:1,_021___reverse_an_array,Editor,/Users/nozerose/Desktop/2023학년도 1학기 수업/CB3500572-063 C++프로그래밍과실습(Prof.김태연)/실습 021 - reverse an array/reverse.cpp,,6,6,Changes
2023-03-09T17:19:48.566+09:00,nozerose,KeyEvent,62:46:1,_021___reverse_an_array,Editor,/Users/nozerose/Desktop/2023학년도 1학기 수업/CB3500572-063 C++프로그래밍과실습(Prof.김태연)/실습 021 - reverse an array/reverse.cpp,,6,6,Changes
2023-03-09T17:19:48.746+09:00,nozerose,KeyEvent,62:46:1,_021___reverse_an_array,Editor,/Users/nozerose/Desktop/2023학년도 1학기 수업/CB3500572-063 C++프로그래밍과실습(Prof.김태연)/실습 021 - reverse an array/reverse.cpp,,6,7,Changes
2023-03-09T17:19:48.930+09:00,nozerose,KeyEvent,32:32:0,_021___reverse_an_array,Editor,/Users/nozerose/Desktop/2023학년도 1학기 수업/CB3500572-063 C++프로그래밍과실습(Prof.김태연)/실습 021 - reverse an array/reverse.cpp,,6,8,Changes
2023-03-09T17:19:49.199+09:00,nozerose,KeyEvent,65535:16:1,_021___reverse_an_array,Editor,/Users/nozerose/Desktop/2023학년도 1학기 수업/CB3500572-063 C++프로그래밍과실습(Prof.김태연)/실습 021 - reverse an array/reverse.cpp,,6,9,Changes
2023-03-09T17:19:49.464+09:00,nozerose,KeyEvent,83:83:1,_021___reverse_an_array,Editor,/Users/nozerose/Desktop/2023학년도 1학기 수업/CB3500572-063 C++프로그래밍과실습(Prof.김태연)/실습 021 - reverse an array/reverse.cpp,,6,9,Changes
2023-03-09T17:19:49.597+09:00,nozerose,KeyEvent,73:73:1,_021___reverse_an_array,Editor,/Users/nozerose/Desktop/2023학년도 1학기 수업/CB3500572-063 C++프로그래밍과실습(Prof.김태연)/실습 021 - reverse an array/reverse.cpp,,6,10,Changes
2023-03-09T17:19:49.793+09:00,nozerose,KeyEvent,90:90:1,_021___reverse_an_array,Editor,/Users/nozerose/Desktop/2023학년도 1학기 수업/CB3500572-063 C++프로그래밍과실습(Prof.김태연)/실습 021 - reverse an array/reverse.cpp,,6,11,Changes
2023-03-09T17:19:50.061+09:00,nozerose,KeyEvent,69:69:1,_021___reverse_an_array,Editor,/Users/nozerose/Desktop/2023학년도 1학기 수업/CB3500572-063 C++프로그래밍과실습(Prof.김태연)/실습 021 - reverse an array/reverse.cpp,,6,12,Changes
2023-03-09T17:19:51.803+09:00,nozerose,KeyEvent,59:59:0,_021___reverse_an_array,Editor,/Users/nozerose/Desktop/2023학년도 1학기 수업/CB3500572-063 C++프로그래밍과실습(Prof.김태연)/실습 021 - reverse an array/reverse.cpp,,6,13,Changes
2023-03-09T17:19:52.092+09:00,nozerose,Action,EditorEnter,_021___reverse_an_array,Editor,/Users/nozerose/Desktop/2023학년도 1학기 수업/CB3500572-063 C++프로그래밍과실습(Prof.김태연)/실습 021 - reverse an array/reverse.cpp,,6,14,Changes
2023-03-09T17:19:52.100+09:00,nozerose,KeyEvent,10:10:0,_021___reverse_an_array,Editor,/Users/nozerose/Desktop/2023학년도 1학기 수업/CB3500572-063 C++프로그래밍과실습(Prof.김태연)/실습 021 - reverse an array/reverse.cpp,,7,2,Changes
2023-03-09T17:20:02.610+09:00,nozerose,Action,EditorEnter,_021___reverse_an_array,Editor,/Users/nozerose/Desktop/2023학년도 1학기 수업/CB3500572-063 C++프로그래밍과실습(Prof.김태연)/실습 021 - reverse an array/reverse.cpp,,6,14,Changes
2023-03-09T17:20:02.620+09:00,nozerose,KeyEvent,10:10:0,_021___reverse_an_array,Editor,/Users/nozerose/Desktop/2023학년도 1학기 수업/CB3500572-063 C++프로그래밍과실습(Prof.김태연)/실습 021 - reverse an array/reverse.cpp,,7,2,Changes
2023-03-09T17:20:03.499+09:00,nozerose,KeyEvent,105:73:0,_021___reverse_an_array,Editor,/Users/nozerose/Desktop/2023학년도 1학기 수업/CB3500572-063 C++프로그래밍과실습(Prof.김태연)/실습 021 - reverse an array/reverse.cpp,,7,2,Changes
2023-03-09T17:20:03.713+09:00,nozerose,KeyEvent,110:78:0,_021___reverse_an_array,Editor,/Users/nozerose/Desktop/2023학년도 1학기 수업/CB3500572-063 C++프로그래밍과실습(Prof.김태연)/실습 021 - reverse an array/reverse.cpp,,7,3,Changes
2023-03-09T17:20:03.852+09:00,nozerose,KeyEvent,116:84:0,_021___reverse_an_array,Editor,/Users/nozerose/Desktop/2023학년도 1학기 수업/CB3500572-063 C++프로그래밍과실습(Prof.김태연)/실습 021 - reverse an array/reverse.cpp,,7,4,Changes
2023-03-09T17:20:04.097+09:00,nozerose,KeyEvent,32:32:0,_021___reverse_an_array,Editor,/Users/nozerose/Desktop/2023학년도 1학기 수업/CB3500572-063 C++프로그래밍과실습(Prof.김태연)/실습 021 - reverse an array/reverse.cpp,,7,5,Changes
2023-03-09T17:20:04.441+09:00,nozerose,KeyEvent,97:65:0,_021___reverse_an_array,Editor,/Users/nozerose/Desktop/2023학년도 1학기 수업/CB3500572-063 C++프로그래밍과실습(Prof.김태연)/실습 021 - reverse an array/reverse.cpp,,7,6,Changes
2023-03-09T17:20:04.650+09:00,nozerose,KeyEvent,114:82:0,_021___reverse_an_array,Editor,/Users/nozerose/Desktop/2023학년도 1학기 수업/CB3500572-063 C++프로그래밍과실습(Prof.김태연)/실습 021 - reverse an array/reverse.cpp,,7,7,Changes
2023-03-09T17:20:04.807+09:00,nozerose,KeyEvent,114:82:0,_021___reverse_an_array,Editor,/Users/nozerose/Desktop/2023학년도 1학기 수업/CB3500572-063 C++프로그래밍과실습(Prof.김태연)/실습 021 - reverse an array/reverse.cpp,,7,8,Changes
2023-03-09T17:20:05.042+09:00,nozerose,KeyEvent,91:91:0,_021___reverse_an_array,Editor,/Users/nozerose/Desktop/2023학년도 1학기 수업/CB3500572-063 C++프로그래밍과실습(Prof.김태연)/실습 021 - reverse an array/reverse.cpp,,7,9,Changes
2023-03-09T17:20:05.344+09:00,nozerose,KeyEvent,65535:16:1,_021___reverse_an_array,Editor,/Users/nozerose/Desktop/2023학년도 1학기 수업/CB3500572-063 C++프로그래밍과실습(Prof.김태연)/실습 021 - reverse an array/reverse.cpp,,7,10,Changes
2023-03-09T17:20:05.506+09:00,nozerose,KeyEvent,83:83:1,_021___reverse_an_array,Editor,/Users/nozerose/Desktop/2023학년도 1학기 수업/CB3500572-063 C++프로그래밍과실습(Prof.김태연)/실습 021 - reverse an array/reverse.cpp,,7,10,Changes
2023-03-09T17:20:05.610+09:00,nozerose,KeyEvent,73:73:1,_021___reverse_an_array,Editor,/Users/nozerose/Desktop/2023학년도 1학기 수업/CB3500572-063 C++프로그래밍과실습(Prof.김태연)/실습 021 - reverse an array/reverse.cpp,,7,11,Changes
2023-03-09T17:20:05.765+09:00,nozerose,KeyEvent,90:90:1,_021___reverse_an_array,Editor,/Users/nozerose/Desktop/2023학년도 1학기 수업/CB3500572-063 C++프로그래밍과실습(Prof.김태연)/실습 021 - reverse an array/reverse.cpp,,7,12,Changes
2023-03-09T17:20:06.001+09:00,nozerose,KeyEvent,69:69:1,_021___reverse_an_array,Editor,/Users/nozerose/Desktop/2023학년도 1학기 수업/CB3500572-063 C++프로그래밍과실습(Prof.김태연)/실습 021 - reverse an array/reverse.cpp,,7,13,Changes
2023-03-09T17:20:06.849+09:00,nozerose,Action,EditorRight,_021___reverse_an_array,Editor,/Users/nozerose/Desktop/2023학년도 1학기 수업/CB3500572-063 C++프로그래밍과실습(Prof.김태연)/실습 021 - reverse an array/reverse.cpp,,7,14,Changes
2023-03-09T17:20:06.856+09:00,nozerose,KeyEvent,65535:39:0,_021___reverse_an_array,Editor,/Users/nozerose/Desktop/2023학년도 1학기 수업/CB3500572-063 C++프로그래밍과실습(Prof.김태연)/실습 021 - reverse an array/reverse.cpp,,7,15,Changes
2023-03-09T17:20:07.492+09:00,nozerose,KeyEvent,59:59:0,_021___reverse_an_array,Editor,/Users/nozerose/Desktop/2023학년도 1학기 수업/CB3500572-063 C++프로그래밍과실습(Prof.김태연)/실습 021 - reverse an array/reverse.cpp,,7,15,Changes
2023-03-09T17:20:07.796+09:00,nozerose,Action,EditorEnter,_021___reverse_an_array,Editor,/Users/nozerose/Desktop/2023학년도 1학기 수업/CB3500572-063 C++프로그래밍과실습(Prof.김태연)/실습 021 - reverse an array/reverse.cpp,,7,16,Changes
2023-03-09T17:20:07.800+09:00,nozerose,KeyEvent,10:10:0,_021___reverse_an_array,Editor,/Users/nozerose/Desktop/2023학년도 1학기 수업/CB3500572-063 C++프로그래밍과실습(Prof.김태연)/실습 021 - reverse an array/reverse.cpp,,8,2,Changes
2023-03-09T17:20:08.986+09:00,nozerose,Action,EditorEnter,_021___reverse_an_array,Editor,/Users/nozerose/Desktop/2023학년도 1학기 수업/CB3500572-063 C++프로그래밍과실습(Prof.김태연)/실습 021 - reverse an array/reverse.cpp,,8,2,Changes
2023-03-09T17:20:08.994+09:00,nozerose,KeyEvent,10:10:0,_021___reverse_an_array,Editor,/Users/nozerose/Desktop/2023학년도 1학기 수업/CB3500572-063 C++프로그래밍과실습(Prof.김태연)/실습 021 - reverse an array/reverse.cpp,,9,2,Changes
2023-03-09T17:20:09.591+09:00,nozerose,KeyEvent,102:70:0,_021___reverse_an_array,Editor,/Users/nozerose/Desktop/2023학년도 1학기 수업/CB3500572-063 C++프로그래밍과실습(Prof.김태연)/실습 021 - reverse an array/reverse.cpp,,9,2,Changes
2023-03-09T17:20:09.687+09:00,nozerose,KeyEvent,111:79:0,_021___reverse_an_array,Editor,/Users/nozerose/Desktop/2023학년도 1학기 수업/CB3500572-063 C++프로그래밍과실습(Prof.김태연)/실습 021 - reverse an array/reverse.cpp,,9,3,Changes
2023-03-09T17:20:09.840+09:00,nozerose,KeyEvent,114:82:0,_021___reverse_an_array,Editor,/Users/nozerose/Desktop/2023학년도 1학기 수업/CB3500572-063 C++프로그래밍과실습(Prof.김태연)/실습 021 - reverse an array/reverse.cpp,,9,4,Changes
2023-03-09T17:20:10.044+09:00,nozerose,KeyEvent,32:32:0,_021___reverse_an_array,Editor,/Users/nozerose/Desktop/2023학년도 1학기 수업/CB3500572-063 C++프로그래밍과실습(Prof.김태연)/실습 021 - reverse an array/reverse.cpp,,9,5,Changes
2023-03-09T17:20:10.304+09:00,nozerose,KeyEvent,65535:16:1,_021___reverse_an_array,Editor,/Users/nozerose/Desktop/2023학년도 1학기 수업/CB3500572-063 C++프로그래밍과실습(Prof.김태연)/실습 021 - reverse an array/reverse.cpp,,9,6,Changes
2023-03-09T17:20:10.529+09:00,nozerose,KeyEvent,40:519:1,_021___reverse_an_array,Editor,/Users/nozerose/Desktop/2023학년도 1학기 수업/CB3500572-063 C++프로그래밍과실습(Prof.김태연)/실습 021 - reverse an array/reverse.cpp,,9,6,Changes
2023-03-09T17:20:11.029+09:00,nozerose,KeyEvent,105:73:0,_021___reverse_an_array,Editor,/Users/nozerose/Desktop/2023학년도 1학기 수업/CB3500572-063 C++프로그래밍과실습(Prof.김태연)/실습 021 - reverse an array/reverse.cpp,,9,7,Changes
2023-03-09T17:20:11.231+09:00,nozerose,KeyEvent,110:78:0,_021___reverse_an_array,Editor,/Users/nozerose/Desktop/2023학년도 1학기 수업/CB3500572-063 C++프로그래밍과실습(Prof.김태연)/실습 021 - reverse an array/reverse.cpp,,9,8,Changes
2023-03-09T17:20:11.370+09:00,nozerose,KeyEvent,116:84:0,_021___reverse_an_array,Editor,/Users/nozerose/Desktop/2023학년도 1학기 수업/CB3500572-063 C++프로그래밍과실습(Prof.김태연)/실습 021 - reverse an array/reverse.cpp,,9,9,Changes
2023-03-09T17:20:11.582+09:00,nozerose,KeyEvent,32:32:0,_021___reverse_an_array,Editor,/Users/nozerose/Desktop/2023학년도 1학기 수업/CB3500572-063 C++프로그래밍과실습(Prof.김태연)/실습 021 - reverse an array/reverse.cpp,,9,10,Changes
2023-03-09T17:20:11.740+09:00,nozerose,KeyEvent,105:73:0,_021___reverse_an_array,Editor,/Users/nozerose/Desktop/2023학년도 1학기 수업/CB3500572-063 C++프로그래밍과실습(Prof.김태연)/실습 021 - reverse an array/reverse.cpp,,9,11,Changes
2023-03-09T17:20:12.040+09:00,nozerose,KeyEvent,32:32:0,_021___reverse_an_array,Editor,/Users/nozerose/Desktop/2023학년도 1학기 수업/CB3500572-063 C++프로그래밍과실습(Prof.김태연)/실습 021 - reverse an array/reverse.cpp,,9,12,Changes
2023-03-09T17:20:12.420+09:00,nozerose,KeyEvent,61:61:0,_021___reverse_an_array,Editor,/Users/nozerose/Desktop/2023학년도 1학기 수업/CB3500572-063 C++프로그래밍과실습(Prof.김태연)/실습 021 - reverse an array/reverse.cpp,,9,13,Changes
2023-03-09T17:20:12.606+09:00,nozerose,KeyEvent,32:32:0,_021___reverse_an_array,Editor,/Users/nozerose/Desktop/2023학년도 1학기 수업/CB3500572-063 C++프로그래밍과실습(Prof.김태연)/실습 021 - reverse an array/reverse.cpp,,9,14,Changes
2023-03-09T17:20:12.748+09:00,nozerose,KeyEvent,48:48:0,_021___reverse_an_array,Editor,/Users/nozerose/Desktop/2023학년도 1학기 수업/CB3500572-063 C++프로그래밍과실습(Prof.김태연)/실습 021 - reverse an array/reverse.cpp,,9,15,Changes
2023-03-09T17:20:13.017+09:00,nozerose,KeyEvent,59:59:0,_021___reverse_an_array,Editor,/Users/nozerose/Desktop/2023학년도 1학기 수업/CB3500572-063 C++프로그래밍과실습(Prof.김태연)/실습 021 - reverse an array/reverse.cpp,,9,16,Changes
2023-03-09T17:20:13.364+09:00,nozerose,KeyEvent,32:32:0,_021___reverse_an_array,Editor,/Users/nozerose/Desktop/2023학년도 1학기 수업/CB3500572-063 C++프로그래밍과실습(Prof.김태연)/실습 021 - reverse an array/reverse.cpp,,9,17,Changes
2023-03-09T17:20:13.602+09:00,nozerose,KeyEvent,105:73:0,_021___reverse_an_array,Editor,/Users/nozerose/Desktop/2023학년도 1학기 수업/CB3500572-063 C++프로그래밍과실습(Prof.김태연)/실습 021 - reverse an array/reverse.cpp,,9,18,Changes
2023-03-09T17:20:13.961+09:00,nozerose,KeyEvent,32:32:0,_021___reverse_an_array,Editor,/Users/nozerose/Desktop/2023학년도 1학기 수업/CB3500572-063 C++프로그래밍과실습(Prof.김태연)/실습 021 - reverse an array/reverse.cpp,,9,19,Changes
2023-03-09T17:20:14.107+09:00,nozerose,KeyEvent,65535:16:1,_021___reverse_an_array,Editor,/Users/nozerose/Desktop/2023학년도 1학기 수업/CB3500572-063 C++프로그래밍과실습(Prof.김태연)/실습 021 - reverse an array/reverse.cpp,,9,20,Changes
2023-03-09T17:20:14.321+09:00,nozerose,KeyEvent,60:153:1,_021___reverse_an_array,Editor,/Users/nozerose/Desktop/2023학년도 1학기 수업/CB3500572-063 C++프로그래밍과실습(Prof.김태연)/실습 021 - reverse an array/reverse.cpp,,9,20,Changes
2023-03-09T17:20:14.456+09:00,nozerose,KeyEvent,32:32:0,_021___reverse_an_array,Editor,/Users/nozerose/Desktop/2023학년도 1학기 수업/CB3500572-063 C++프로그래밍과실습(Prof.김태연)/실습 021 - reverse an array/reverse.cpp,,9,21,Changes
2023-03-09T17:20:14.614+09:00,nozerose,KeyEvent,65535:16:1,_021___reverse_an_array,Editor,/Users/nozerose/Desktop/2023학년도 1학기 수업/CB3500572-063 C++프로그래밍과실습(Prof.김태연)/실습 021 - reverse an array/reverse.cpp,,9,22,Changes
2023-03-09T17:20:14.794+09:00,nozerose,KeyEvent,83:83:1,_021___reverse_an_array,Editor,/Users/nozerose/Desktop/2023학년도 1학기 수업/CB3500572-063 C++프로그래밍과실습(Prof.김태연)/실습 021 - reverse an array/reverse.cpp,,9,22,Changes
2023-03-09T17:20:14.897+09:00,nozerose,KeyEvent,73:73:1,_021___reverse_an_array,Editor,/Users/nozerose/Desktop/2023학년도 1학기 수업/CB3500572-063 C++프로그래밍과실습(Prof.김태연)/실습 021 - reverse an array/reverse.cpp,,9,23,Changes
2023-03-09T17:20:15.061+09:00,nozerose,KeyEvent,90:90:1,_021___reverse_an_array,Editor,/Users/nozerose/Desktop/2023학년도 1학기 수업/CB3500572-063 C++프로그래밍과실습(Prof.김태연)/실습 021 - reverse an array/reverse.cpp,,9,24,Changes
2023-03-09T17:20:15.271+09:00,nozerose,KeyEvent,69:69:1,_021___reverse_an_array,Editor,/Users/nozerose/Desktop/2023학년도 1학기 수업/CB3500572-063 C++프로그래밍과실습(Prof.김태연)/실습 021 - reverse an array/reverse.cpp,,9,25,Changes
2023-03-09T17:20:15.835+09:00,nozerose,KeyEvent,59:59:0,_021___reverse_an_array,Editor,/Users/nozerose/Desktop/2023학년도 1학기 수업/CB3500572-063 C++프로그래밍과실습(Prof.김태연)/실습 021 - reverse an array/reverse.cpp,,9,26,Changes
2023-03-09T17:20:16.350+09:00,nozerose,KeyEvent,32:32:0,_021___reverse_an_array,Editor,/Users/nozerose/Desktop/2023학년도 1학기 수업/CB3500572-063 C++프로그래밍과실습(Prof.김태연)/실습 021 - reverse an array/reverse.cpp,,9,27,Changes
2023-03-09T17:20:24.838+09:00,nozerose,KeyEvent,105:73:0,_021___reverse_an_array,Editor,/Users/nozerose/Desktop/2023학년도 1학기 수업/CB3500572-063 C++프로그래밍과실습(Prof.김태연)/실습 021 - reverse an array/reverse.cpp,,9,28,Changes
2023-03-09T17:20:25.266+09:00,nozerose,KeyEvent,65535:16:1,_021___reverse_an_array,Editor,/Users/nozerose/Desktop/2023학년도 1학기 수업/CB3500572-063 C++프로그래밍과실습(Prof.김태연)/실습 021 - reverse an array/reverse.cpp,,9,29,Changes
2023-03-09T17:20:25.469+09:00,nozerose,KeyEvent,43:521:1,_021___reverse_an_array,Editor,/Users/nozerose/Desktop/2023학년도 1학기 수업/CB3500572-063 C++프로그래밍과실습(Prof.김태연)/실습 021 - reverse an array/reverse.cpp,,9,29,Changes
2023-03-09T17:20:25.612+09:00,nozerose,KeyEvent,43:521:1,_021___reverse_an_array,Editor,/Users/nozerose/Desktop/2023학년도 1학기 수업/CB3500572-063 C++프로그래밍과실습(Prof.김태연)/실습 021 - reverse an array/reverse.cpp,,9,30,Changes
2023-03-09T17:20:26.674+09:00,nozerose,Action,EditorRight,_021___reverse_an_array,Editor,/Users/nozerose/Desktop/2023학년도 1학기 수업/CB3500572-063 C++프로그래밍과실습(Prof.김태연)/실습 021 - reverse an array/reverse.cpp,,9,31,Changes
2023-03-09T17:20:26.677+09:00,nozerose,KeyEvent,65535:39:0,_021___reverse_an_array,Editor,/Users/nozerose/Desktop/2023학년도 1학기 수업/CB3500572-063 C++프로그래밍과실습(Prof.김태연)/실습 021 - reverse an array/reverse.cpp,,9,32,Changes
2023-03-09T17:20:27.047+09:00,nozerose,Action,EditorEnter,_021___reverse_an_array,Editor,/Users/nozerose/Desktop/2023학년도 1학기 수업/CB3500572-063 C++프로그래밍과실습(Prof.김태연)/실습 021 - reverse an array/reverse.cpp,,9,32,Changes
2023-03-09T17:20:27.058+09:00,nozerose,KeyEvent,10:10:0,_021___reverse_an_array,Editor,/Users/nozerose/Desktop/2023학년도 1학기 수업/CB3500572-063 C++프로그래밍과실습(Prof.김태연)/실습 021 - reverse an array/reverse.cpp,,10,4,Changes
2023-03-09T17:20:27.568+09:00,nozerose,KeyEvent,99:67:0,_021___reverse_an_array,Editor,/Users/nozerose/Desktop/2023학년도 1학기 수업/CB3500572-063 C++프로그래밍과실습(Prof.김태연)/실습 021 - reverse an array/reverse.cpp,,10,4,Changes
2023-03-09T17:20:27.784+09:00,nozerose,KeyEvent,105:73:0,_021___reverse_an_array,Editor,/Users/nozerose/Desktop/2023학년도 1학기 수업/CB3500572-063 C++프로그래밍과실습(Prof.김태연)/실습 021 - reverse an array/reverse.cpp,,10,5,Changes
2023-03-09T17:20:27.952+09:00,nozerose,KeyEvent,110:78:0,_021___reverse_an_array,Editor,/Users/nozerose/Desktop/2023학년도 1학기 수업/CB3500572-063 C++프로그래밍과실습(Prof.김태연)/실습 021 - reverse an array/reverse.cpp,,10,6,Changes
2023-03-09T17:20:28.257+09:00,nozerose,KeyEvent,32:32:0,_021___reverse_an_array,Editor,/Users/nozerose/Desktop/2023학년도 1학기 수업/CB3500572-063 C++프로그래밍과실습(Prof.김태연)/실습 021 - reverse an array/reverse.cpp,,10,7,Changes
2023-03-09T17:20:28.469+09:00,nozerose,KeyEvent,65535:16:1,_021___reverse_an_array,Editor,/Users/nozerose/Desktop/2023학년도 1학기 수업/CB3500572-063 C++프로그래밍과실습(Prof.김태연)/실습 021 - reverse an array/reverse.cpp,,10,8,Changes
2023-03-09T17:20:28.665+09:00,nozerose,KeyEvent,62:46:1,_021___reverse_an_array,Editor,/Users/nozerose/Desktop/2023학년도 1학기 수업/CB3500572-063 C++프로그래밍과실습(Prof.김태연)/실습 021 - reverse an array/reverse.cpp,,10,8,Changes
2023-03-09T17:20:28.851+09:00,nozerose,KeyEvent,32:32:0,_021___reverse_an_array,Editor,/Users/nozerose/Desktop/2023학년도 1학기 수업/CB3500572-063 C++프로그래밍과실습(Prof.김태연)/실습 021 - reverse an array/reverse.cpp,,10,9,Changes
2023-03-09T17:20:29.844+09:00,nozerose,KeyEvent,97:65:0,_021___reverse_an_array,Editor,/Users/nozerose/Desktop/2023학년도 1학기 수업/CB3500572-063 C++프로그래밍과실습(Prof.김태연)/실습 021 - reverse an array/reverse.cpp,,10,10,Changes
2023-03-09T17:20:30.090+09:00,nozerose,KeyEvent,114:82:0,_021___reverse_an_array,Editor,/Users/nozerose/Desktop/2023학년도 1학기 수업/CB3500572-063 C++프로그래밍과실습(Prof.김태연)/실습 021 - reverse an array/reverse.cpp,,10,11,Changes
2023-03-09T17:20:30.240+09:00,nozerose,KeyEvent,114:82:0,_021___reverse_an_array,Editor,/Users/nozerose/Desktop/2023학년도 1학기 수업/CB3500572-063 C++프로그래밍과실습(Prof.김태연)/실습 021 - reverse an array/reverse.cpp,,10,12,Changes
2023-03-09T17:20:30.751+09:00,nozerose,KeyEvent,91:91:0,_021___reverse_an_array,Editor,/Users/nozerose/Desktop/2023학년도 1학기 수업/CB3500572-063 C++프로그래밍과실습(Prof.김태연)/실습 021 - reverse an array/reverse.cpp,,10,13,Changes
2023-03-09T17:20:31.168+09:00,nozerose,KeyEvent,105:73:0,_021___reverse_an_array,Editor,/Users/nozerose/Desktop/2023학년도 1학기 수업/CB3500572-063 C++프로그래밍과실습(Prof.김태연)/실습 021 - reverse an array/reverse.cpp,,10,14,Changes
2023-03-09T17:20:31.962+09:00,nozerose,Action,EditorRight,_021___reverse_an_array,Editor,/Users/nozerose/Desktop/2023학년도 1학기 수업/CB3500572-063 C++프로그래밍과실습(Prof.김태연)/실습 021 - reverse an array/reverse.cpp,,10,15,Changes
2023-03-09T17:20:31.968+09:00,nozerose,KeyEvent,65535:39:0,_021___reverse_an_array,Editor,/Users/nozerose/Desktop/2023학년도 1학기 수업/CB3500572-063 C++프로그래밍과실습(Prof.김태연)/실습 021 - reverse an array/reverse.cpp,,10,16,Changes
2023-03-09T17:20:32.552+09:00,nozerose,KeyEvent,59:59:0,_021___reverse_an_array,Editor,/Users/nozerose/Desktop/2023학년도 1학기 수업/CB3500572-063 C++프로그래밍과실습(Prof.김태연)/실습 021 - reverse an array/reverse.cpp,,10,16,Changes
2023-03-09T17:20:32.975+09:00,nozerose,Action,EditorEnter,_021___reverse_an_array,Editor,/Users/nozerose/Desktop/2023학년도 1학기 수업/CB3500572-063 C++프로그래밍과실습(Prof.김태연)/실습 021 - reverse an array/reverse.cpp,,10,17,Changes
2023-03-09T17:20:32.989+09:00,nozerose,KeyEvent,10:10:0,_021___reverse_an_array,Editor,/Users/nozerose/Desktop/2023학년도 1학기 수업/CB3500572-063 C++프로그래밍과실습(Prof.김태연)/실습 021 - reverse an array/reverse.cpp,,11,2,Changes
2023-03-09T17:20:34.516+09:00,nozerose,Action,EditorUp,_021___reverse_an_array,Editor,/Users/nozerose/Desktop/2023학년도 1학기 수업/CB3500572-063 C++프로그래밍과실습(Prof.김태연)/실습 021 - reverse an array/reverse.cpp,,11,2,Changes
2023-03-09T17:20:34.520+09:00,nozerose,KeyEvent,65535:38:0,_021___reverse_an_array,Editor,/Users/nozerose/Desktop/2023학년도 1학기 수업/CB3500572-063 C++프로그래밍과실습(Prof.김태연)/실습 021 - reverse an array/reverse.cpp,,10,2,Changes
2023-03-09T17:20:34.672+09:00,nozerose,Action,EditorRight,_021___reverse_an_array,Editor,/Users/nozerose/Desktop/2023학년도 1학기 수업/CB3500572-063 C++프로그래밍과실습(Prof.김태연)/실습 021 - reverse an array/reverse.cpp,,10,2,Changes
2023-03-09T17:20:34.675+09:00,nozerose,KeyEvent,65535:39:0,_021___reverse_an_array,Editor,/Users/nozerose/Desktop/2023학년도 1학기 수업/CB3500572-063 C++프로그래밍과실습(Prof.김태연)/실습 021 - reverse an array/reverse.cpp,,10,3,Changes
2023-03-09T17:20:34.857+09:00,nozerose,Action,EditorRight,_021___reverse_an_array,Editor,/Users/nozerose/Desktop/2023학년도 1학기 수업/CB3500572-063 C++프로그래밍과실습(Prof.김태연)/실습 021 - reverse an array/reverse.cpp,,10,3,Changes
2023-03-09T17:20:34.859+09:00,nozerose,KeyEvent,65535:39:0,_021___reverse_an_array,Editor,/Users/nozerose/Desktop/2023학년도 1학기 수업/CB3500572-063 C++프로그래밍과실습(Prof.김태연)/실습 021 - reverse an array/reverse.cpp,,10,4,Changes
2023-03-09T17:20:35.010+09:00,nozerose,Action,EditorRight,_021___reverse_an_array,Editor,/Users/nozerose/Desktop/2023학년도 1학기 수업/CB3500572-063 C++프로그래밍과실습(Prof.김태연)/실습 021 - reverse an array/reverse.cpp,,10,4,Changes
2023-03-09T17:20:35.013+09:00,nozerose,KeyEvent,65535:39:0,_021___reverse_an_array,Editor,/Users/nozerose/Desktop/2023학년도 1학기 수업/CB3500572-063 C++프로그래밍과실습(Prof.김태연)/실습 021 - reverse an array/reverse.cpp,,10,5,Changes
2023-03-09T17:20:35.169+09:00,nozerose,Action,EditorRight,_021___reverse_an_array,Editor,/Users/nozerose/Desktop/2023학년도 1학기 수업/CB3500572-063 C++프로그래밍과실습(Prof.김태연)/실습 021 - reverse an array/reverse.cpp,,10,5,Changes
2023-03-09T17:20:35.172+09:00,nozerose,KeyEvent,65535:39:0,_021___reverse_an_array,Editor,/Users/nozerose/Desktop/2023학년도 1학기 수업/CB3500572-063 C++프로그래밍과실습(Prof.김태연)/실습 021 - reverse an array/reverse.cpp,,10,6,Changes
2023-03-09T17:20:35.384+09:00,nozerose,Action,EditorRight,_021___reverse_an_array,Editor,/Users/nozerose/Desktop/2023학년도 1학기 수업/CB3500572-063 C++프로그래밍과실습(Prof.김태연)/실습 021 - reverse an array/reverse.cpp,,10,6,Changes
2023-03-09T17:20:35.386+09:00,nozerose,KeyEvent,65535:39:0,_021___reverse_an_array,Editor,/Users/nozerose/Desktop/2023학년도 1학기 수업/CB3500572-063 C++프로그래밍과실습(Prof.김태연)/실습 021 - reverse an array/reverse.cpp,,10,7,Changes
2023-03-09T17:20:35.776+09:00,nozerose,Action,EditorRight,_021___reverse_an_array,Editor,/Users/nozerose/Desktop/2023학년도 1학기 수업/CB3500572-063 C++프로그래밍과실습(Prof.김태연)/실습 021 - reverse an array/reverse.cpp,,10,7,Changes
2023-03-09T17:20:35.778+09:00,nozerose,KeyEvent,65535:39:0,_021___reverse_an_array,Editor,/Users/nozerose/Desktop/2023학년도 1학기 수업/CB3500572-063 C++프로그래밍과실습(Prof.김태연)/실습 021 - reverse an array/reverse.cpp,,10,8,Changes
2023-03-09T17:20:36.117+09:00,nozerose,KeyEvent,65535:16:1,_021___reverse_an_array,Editor,/Users/nozerose/Desktop/2023학년도 1학기 수업/CB3500572-063 C++프로그래밍과실습(Prof.김태연)/실습 021 - reverse an array/reverse.cpp,,10,8,Changes
2023-03-09T17:20:36.263+09:00,nozerose,KeyEvent,62:46:1,_021___reverse_an_array,Editor,/Users/nozerose/Desktop/2023학년도 1학기 수업/CB3500572-063 C++프로그래밍과실습(Prof.김태연)/실습 021 - reverse an array/reverse.cpp,,10,8,Changes
2023-03-09T17:20:36.819+09:00,nozerose,Action,EditorDown,_021___reverse_an_array,Editor,/Users/nozerose/Desktop/2023학년도 1학기 수업/CB3500572-063 C++프로그래밍과실습(Prof.김태연)/실습 021 - reverse an array/reverse.cpp,,10,9,Changes
2023-03-09T17:20:36.820+09:00,nozerose,KeyEvent,65535:40:0,_021___reverse_an_array,Editor,/Users/nozerose/Desktop/2023학년도 1학기 수업/CB3500572-063 C++프로그래밍과실습(Prof.김태연)/실습 021 - reverse an array/reverse.cpp,,11,2,Changes
2023-03-09T17:20:38.718+09:00,nozerose,Action,EditorEnter,_021___reverse_an_array,Editor,/Users/nozerose/Desktop/2023학년도 1학기 수업/CB3500572-063 C++프로그래밍과실습(Prof.김태연)/실습 021 - reverse an array/reverse.cpp,,11,2,Changes
2023-03-09T17:20:38.727+09:00,nozerose,KeyEvent,10:10:0,_021___reverse_an_array,Editor,/Users/nozerose/Desktop/2023학년도 1학기 수업/CB3500572-063 C++프로그래밍과실습(Prof.김태연)/실습 021 - reverse an array/reverse.cpp,,12,2,Changes
2023-03-09T17:20:42.620+09:00,nozerose,KeyEvent,102:70:0,_021___reverse_an_array,Editor,/Users/nozerose/Desktop/2023학년도 1학기 수업/CB3500572-063 C++프로그래밍과실습(Prof.김태연)/실습 021 - reverse an array/reverse.cpp,,12,2,Changes
2023-03-09T17:20:43.027+09:00,nozerose,KeyEvent,111:79:0,_021___reverse_an_array,Editor,/Users/nozerose/Desktop/2023학년도 1학기 수업/CB3500572-063 C++프로그래밍과실습(Prof.김태연)/실습 021 - reverse an array/reverse.cpp,,12,3,Changes
2023-03-09T17:20:43.102+09:00,nozerose,KeyEvent,114:82:0,_021___reverse_an_array,Editor,/Users/nozerose/Desktop/2023학년도 1학기 수업/CB3500572-063 C++프로그래밍과실습(Prof.김태연)/실습 021 - reverse an array/reverse.cpp,,12,4,Changes
2023-03-09T17:20:43.319+09:00,nozerose,KeyEvent,32:32:0,_021___reverse_an_array,Editor,/Users/nozerose/Desktop/2023학년도 1학기 수업/CB3500572-063 C++프로그래밍과실습(Prof.김태연)/실습 021 - reverse an array/reverse.cpp,,12,5,Changes
2023-03-09T17:20:43.609+09:00,nozerose,KeyEvent,65535:16:1,_021___reverse_an_array,Editor,/Users/nozerose/Desktop/2023학년도 1학기 수업/CB3500572-063 C++프로그래밍과실습(Prof.김태연)/실습 021 - reverse an array/reverse.cpp,,12,6,Changes
2023-03-09T17:20:43.832+09:00,nozerose,KeyEvent,40:519:1,_021___reverse_an_array,Editor,/Users/nozerose/Desktop/2023학년도 1학기 수업/CB3500572-063 C++프로그래밍과실습(Prof.김태연)/실습 021 - reverse an array/reverse.cpp,,12,6,Changes
2023-03-09T17:20:44.086+09:00,nozerose,KeyEvent,105:73:0,_021___reverse_an_array,Editor,/Users/nozerose/Desktop/2023학년도 1학기 수업/CB3500572-063 C++프로그래밍과실습(Prof.김태연)/실습 021 - reverse an array/reverse.cpp,,12,7,Changes
2023-03-09T17:20:44.288+09:00,nozerose,KeyEvent,110:78:0,_021___reverse_an_array,Editor,/Users/nozerose/Desktop/2023학년도 1학기 수업/CB3500572-063 C++프로그래밍과실습(Prof.김태연)/실습 021 - reverse an array/reverse.cpp,,12,8,Changes
2023-03-09T17:20:44.434+09:00,nozerose,KeyEvent,116:84:0,_021___reverse_an_array,Editor,/Users/nozerose/Desktop/2023학년도 1학기 수업/CB3500572-063 C++프로그래밍과실습(Prof.김태연)/실습 021 - reverse an array/reverse.cpp,,12,9,Changes
2023-03-09T17:20:44.727+09:00,nozerose,KeyEvent,32:32:0,_021___reverse_an_array,Editor,/Users/nozerose/Desktop/2023학년도 1학기 수업/CB3500572-063 C++프로그래밍과실습(Prof.김태연)/실습 021 - reverse an array/reverse.cpp,,12,10,Changes
2023-03-09T17:20:45.092+09:00,nozerose,KeyEvent,105:73:0,_021___reverse_an_array,Editor,/Users/nozerose/Desktop/2023학년도 1학기 수업/CB3500572-063 C++프로그래밍과실습(Prof.김태연)/실습 021 - reverse an array/reverse.cpp,,12,11,Changes
2023-03-09T17:20:46.189+09:00,nozerose,KeyEvent,32:32:0,_021___reverse_an_array,Editor,/Users/nozerose/Desktop/2023학년도 1학기 수업/CB3500572-063 C++프로그래밍과실습(Prof.김태연)/실습 021 - reverse an array/reverse.cpp,,12,12,Changes
2023-03-09T17:20:46.371+09:00,nozerose,KeyEvent,61:61:0,_021___reverse_an_array,Editor,/Users/nozerose/Desktop/2023학년도 1학기 수업/CB3500572-063 C++프로그래밍과실습(Prof.김태연)/실습 021 - reverse an array/reverse.cpp,,12,13,Changes
2023-03-09T17:20:46.659+09:00,nozerose,KeyEvent,32:32:0,_021___reverse_an_array,Editor,/Users/nozerose/Desktop/2023학년도 1학기 수업/CB3500572-063 C++프로그래밍과실습(Prof.김태연)/실습 021 - reverse an array/reverse.cpp,,12,14,Changes
2023-03-09T17:20:49.084+09:00,nozerose,KeyEvent,65535:16:1,_021___reverse_an_array,Editor,/Users/nozerose/Desktop/2023학년도 1학기 수업/CB3500572-063 C++프로그래밍과실습(Prof.김태연)/실습 021 - reverse an array/reverse.cpp,,12,15,Changes
2023-03-09T17:20:49.547+09:00,nozerose,KeyEvent,83:83:1,_021___reverse_an_array,Editor,/Users/nozerose/Desktop/2023학년도 1학기 수업/CB3500572-063 C++프로그래밍과실습(Prof.김태연)/실습 021 - reverse an array/reverse.cpp,,12,15,Changes
2023-03-09T17:20:51.957+09:00,nozerose,KeyEvent,65535:16:1,_021___reverse_an_array,Editor,/Users/nozerose/Desktop/2023학년도 1학기 수업/CB3500572-063 C++프로그래밍과실습(Prof.김태연)/실습 021 - reverse an array/reverse.cpp,,12,16,Changes
2023-03-09T17:20:52.187+09:00,nozerose,KeyEvent,73:73:1,_021___reverse_an_array,Editor,/Users/nozerose/Desktop/2023학년도 1학기 수업/CB3500572-063 C++프로그래밍과실습(Prof.김태연)/실습 021 - reverse an array/reverse.cpp,,12,16,Changes
2023-03-09T17:20:52.436+09:00,nozerose,KeyEvent,90:90:1,_021___reverse_an_array,Editor,/Users/nozerose/Desktop/2023학년도 1학기 수업/CB3500572-063 C++프로그래밍과실습(Prof.김태연)/실습 021 - reverse an array/reverse.cpp,,12,17,Changes
2023-03-09T17:20:52.647+09:00,nozerose,KeyEvent,69:69:1,_021___reverse_an_array,Editor,/Users/nozerose/Desktop/2023학년도 1학기 수업/CB3500572-063 C++프로그래밍과실습(Prof.김태연)/실습 021 - reverse an array/reverse.cpp,,12,18,Changes
2023-03-09T17:20:53.639+09:00,nozerose,KeyEvent,32:32:0,_021___reverse_an_array,Editor,/Users/nozerose/Desktop/2023학년도 1학기 수업/CB3500572-063 C++프로그래밍과실습(Prof.김태연)/실습 021 - reverse an array/reverse.cpp,,12,19,Changes
2023-03-09T17:20:53.710+09:00,nozerose,KeyEvent,45:45:0,_021___reverse_an_array,Editor,/Users/nozerose/Desktop/2023학년도 1학기 수업/CB3500572-063 C++프로그래밍과실습(Prof.김태연)/실습 021 - reverse an array/reverse.cpp,,12,20,Changes
2023-03-09T17:20:53.826+09:00,nozerose,KeyEvent,32:32:0,_021___reverse_an_array,Editor,/Users/nozerose/Desktop/2023학년도 1학기 수업/CB3500572-063 C++프로그래밍과실습(Prof.김태연)/실습 021 - reverse an array/reverse.cpp,,12,21,Changes
2023-03-09T17:20:53.938+09:00,nozerose,KeyEvent,49:49:0,_021___reverse_an_array,Editor,/Users/nozerose/Desktop/2023학년도 1학기 수업/CB3500572-063 C++프로그래밍과실습(Prof.김태연)/실습 021 - reverse an array/reverse.cpp,,12,22,Changes
2023-03-09T17:20:54.601+09:00,nozerose,KeyEvent,59:59:0,_021___reverse_an_array,Editor,/Users/nozerose/Desktop/2023학년도 1학기 수업/CB3500572-063 C++프로그래밍과실습(Prof.김태연)/실습 021 - reverse an array/reverse.cpp,,12,23,Changes
2023-03-09T17:20:55.117+09:00,nozerose,KeyEvent,32:32:0,_021___reverse_an_array,Editor,/Users/nozerose/Desktop/2023학년도 1학기 수업/CB3500572-063 C++프로그래밍과실습(Prof.김태연)/실습 021 - reverse an array/reverse.cpp,,12,24,Changes
2023-03-09T17:20:56.601+09:00,nozerose,KeyEvent,105:73:0,_021___reverse_an_array,Editor,/Users/nozerose/Desktop/2023학년도 1학기 수업/CB3500572-063 C++프로그래밍과실습(Prof.김태연)/실습 021 - reverse an array/reverse.cpp,,12,25,Changes
2023-03-09T17:20:58.219+09:00,nozerose,KeyEvent,32:32:0,_021___reverse_an_array,Editor,/Users/nozerose/Desktop/2023학년도 1학기 수업/CB3500572-063 C++프로그래밍과실습(Prof.김태연)/실습 021 - reverse an array/reverse.cpp,,12,26,Changes
2023-03-09T17:20:58.535+09:00,nozerose,KeyEvent,65535:16:1,_021___reverse_an_array,Editor,/Users/nozerose/Desktop/2023학년도 1학기 수업/CB3500572-063 C++프로그래밍과실습(Prof.김태연)/실습 021 - reverse an array/reverse.cpp,,12,27,Changes
2023-03-09T17:20:58.775+09:00,nozerose,KeyEvent,62:46:1,_021___reverse_an_array,Editor,/Users/nozerose/Desktop/2023학년도 1학기 수업/CB3500572-063 C++프로그래밍과실습(Prof.김태연)/실습 021 - reverse an array/reverse.cpp,,12,27,Changes
2023-03-09T17:20:59.270+09:00,nozerose,KeyEvent,32:32:0,_021___reverse_an_array,Editor,/Users/nozerose/Desktop/2023학년도 1학기 수업/CB3500572-063 C++프로그래밍과실습(Prof.김태연)/실습 021 - reverse an array/reverse.cpp,,12,28,Changes
2023-03-09T17:21:00.467+09:00,nozerose,KeyEvent,45:45:0,_021___reverse_an_array,Editor,/Users/nozerose/Desktop/2023학년도 1학기 수업/CB3500572-063 C++프로그래밍과실습(Prof.김태연)/실습 021 - reverse an array/reverse.cpp,,12,29,Changes
2023-03-09T17:21:00.628+09:00,nozerose,KeyEvent,49:49:0,_021___reverse_an_array,Editor,/Users/nozerose/Desktop/2023학년도 1학기 수업/CB3500572-063 C++프로그래밍과실습(Prof.김태연)/실습 021 - reverse an array/reverse.cpp,,12,30,Changes
2023-03-09T17:21:01.946+09:00,nozerose,KeyEvent,59:59:0,_021___reverse_an_array,Editor,/Users/nozerose/Desktop/2023학년도 1학기 수업/CB3500572-063 C++프로그래밍과실습(Prof.김태연)/실습 021 - reverse an array/reverse.cpp,,12,31,Changes
2023-03-09T17:21:02.279+09:00,nozerose,KeyEvent,32:32:0,_021___reverse_an_array,Editor,/Users/nozerose/Desktop/2023학년도 1학기 수업/CB3500572-063 C++프로그래밍과실습(Prof.김태연)/실습 021 - reverse an array/reverse.cpp,,12,32,Changes
2023-03-09T17:21:02.518+09:00,nozerose,KeyEvent,105:73:0,_021___reverse_an_array,Editor,/Users/nozerose/Desktop/2023학년도 1학기 수업/CB3500572-063 C++프로그래밍과실습(Prof.김태연)/실습 021 - reverse an array/reverse.cpp,,12,33,Changes
2023-03-09T17:21:03.291+09:00,nozerose,KeyEvent,45:45:0,_021___reverse_an_array,Editor,/Users/nozerose/Desktop/2023학년도 1학기 수업/CB3500572-063 C++프로그래밍과실습(Prof.김태연)/실습 021 - reverse an array/reverse.cpp,,12,34,Changes
2023-03-09T17:21:03.381+09:00,nozerose,KeyEvent,45:45:0,_021___reverse_an_array,Editor,/Users/nozerose/Desktop/2023학년도 1학기 수업/CB3500572-063 C++프로그래밍과실습(Prof.김태연)/실습 021 - reverse an array/reverse.cpp,,12,35,Changes
2023-03-09T17:21:03.895+09:00,nozerose,Action,EditorRight,_021___reverse_an_array,Editor,/Users/nozerose/Desktop/2023학년도 1학기 수업/CB3500572-063 C++프로그래밍과실습(Prof.김태연)/실습 021 - reverse an array/reverse.cpp,,12,36,Changes
2023-03-09T17:21:03.896+09:00,nozerose,KeyEvent,65535:39:0,_021___reverse_an_array,Editor,/Users/nozerose/Desktop/2023학년도 1학기 수업/CB3500572-063 C++프로그래밍과실습(Prof.김태연)/실습 021 - reverse an array/reverse.cpp,,12,37,Changes
2023-03-09T17:21:04.136+09:00,nozerose,Action,EditorEnter,_021___reverse_an_array,Editor,/Users/nozerose/Desktop/2023학년도 1학기 수업/CB3500572-063 C++프로그래밍과실습(Prof.김태연)/실습 021 - reverse an array/reverse.cpp,,12,37,Changes
2023-03-09T17:21:04.139+09:00,nozerose,KeyEvent,10:10:0,_021___reverse_an_array,Editor,/Users/nozerose/Desktop/2023학년도 1학기 수업/CB3500572-063 C++프로그래밍과실습(Prof.김태연)/실습 021 - reverse an array/reverse.cpp,,13,4,Changes
2023-03-09T17:21:04.570+09:00,nozerose,KeyEvent,99:67:0,_021___reverse_an_array,Editor,/Users/nozerose/Desktop/2023학년도 1학기 수업/CB3500572-063 C++프로그래밍과실습(Prof.김태연)/실습 021 - reverse an array/reverse.cpp,,13,4,Changes
2023-03-09T17:21:04.690+09:00,nozerose,KeyEvent,111:79:0,_021___reverse_an_array,Editor,/Users/nozerose/Desktop/2023학년도 1학기 수업/CB3500572-063 C++프로그래밍과실습(Prof.김태연)/실습 021 - reverse an array/reverse.cpp,,13,5,Changes
2023-03-09T17:21:04.883+09:00,nozerose,KeyEvent,117:85:0,_021___reverse_an_array,Editor,/Users/nozerose/Desktop/2023학년도 1학기 수업/CB3500572-063 C++프로그래밍과실습(Prof.김태연)/실습 021 - reverse an array/reverse.cpp,,13,6,Changes
2023-03-09T17:21:05.043+09:00,nozerose,KeyEvent,116:84:0,_021___reverse_an_array,Editor,/Users/nozerose/Desktop/2023학년도 1학기 수업/CB3500572-063 C++프로그래밍과실습(Prof.김태연)/실습 021 - reverse an array/reverse.cpp,,13,7,Changes
2023-03-09T17:21:05.224+09:00,nozerose,KeyEvent,32:32:0,_021___reverse_an_array,Editor,/Users/nozerose/Desktop/2023학년도 1학기 수업/CB3500572-063 C++프로그래밍과실습(Prof.김태연)/실습 021 - reverse an array/reverse.cpp,,13,8,Changes
2023-03-09T17:21:05.404+09:00,nozerose,KeyEvent,65535:16:1,_021___reverse_an_array,Editor,/Users/nozerose/Desktop/2023학년도 1학기 수업/CB3500572-063 C++프로그래밍과실습(Prof.김태연)/실습 021 - reverse an array/reverse.cpp,,13,9,Changes
2023-03-09T17:21:05.593+09:00,nozerose,KeyEvent,60:153:1,_021___reverse_an_array,Editor,/Users/nozerose/Desktop/2023학년도 1학기 수업/CB3500572-063 C++프로그래밍과실습(Prof.김태연)/실습 021 - reverse an array/reverse.cpp,,13,9,Changes
2023-03-09T17:21:05.717+09:00,nozerose,KeyEvent,60:153:1,_021___reverse_an_array,Editor,/Users/nozerose/Desktop/2023학년도 1학기 수업/CB3500572-063 C++프로그래밍과실습(Prof.김태연)/실습 021 - reverse an array/reverse.cpp,,13,10,Changes
2023-03-09T17:21:05.986+09:00,nozerose,KeyEvent,32:32:0,_021___reverse_an_array,Editor,/Users/nozerose/Desktop/2023학년도 1학기 수업/CB3500572-063 C++프로그래밍과실습(Prof.김태연)/실습 021 - reverse an array/reverse.cpp,,13,11,Changes
2023-03-09T17:21:06.574+09:00,nozerose,KeyEvent,97:65:0,_021___reverse_an_array,Editor,/Users/nozerose/Desktop/2023학년도 1학기 수업/CB3500572-063 C++프로그래밍과실습(Prof.김태연)/실습 021 - reverse an array/reverse.cpp,,13,12,Changes
2023-03-09T17:21:06.802+09:00,nozerose,KeyEvent,114:82:0,_021___reverse_an_array,Editor,/Users/nozerose/Desktop/2023학년도 1학기 수업/CB3500572-063 C++프로그래밍과실습(Prof.김태연)/실습 021 - reverse an array/reverse.cpp,,13,13,Changes
2023-03-09T17:21:06.956+09:00,nozerose,KeyEvent,114:82:0,_021___reverse_an_array,Editor,/Users/nozerose/Desktop/2023학년도 1학기 수업/CB3500572-063 C++프로그래밍과실습(Prof.김태연)/실습 021 - reverse an array/reverse.cpp,,13,14,Changes
2023-03-09T17:21:07.133+09:00,nozerose,KeyEvent,91:91:0,_021___reverse_an_array,Editor,/Users/nozerose/Desktop/2023학년도 1학기 수업/CB3500572-063 C++프로그래밍과실습(Prof.김태연)/실습 021 - reverse an array/reverse.cpp,,13,15,Changes
2023-03-09T17:21:07.700+09:00,nozerose,KeyEvent,105:73:0,_021___reverse_an_array,Editor,/Users/nozerose/Desktop/2023학년도 1학기 수업/CB3500572-063 C++프로그래밍과실습(Prof.김태연)/실습 021 - reverse an array/reverse.cpp,,13,16,Changes
2023-03-09T17:21:08.254+09:00,nozerose,Action,EditorRight,_021___reverse_an_array,Editor,/Users/nozerose/Desktop/2023학년도 1학기 수업/CB3500572-063 C++프로그래밍과실습(Prof.김태연)/실습 021 - reverse an array/reverse.cpp,,13,17,Changes
2023-03-09T17:21:08.256+09:00,nozerose,KeyEvent,65535:39:0,_021___reverse_an_array,Editor,/Users/nozerose/Desktop/2023학년도 1학기 수업/CB3500572-063 C++프로그래밍과실습(Prof.김태연)/실습 021 - reverse an array/reverse.cpp,,13,18,Changes
2023-03-09T17:21:08.753+09:00,nozerose,KeyEvent,59:59:0,_021___reverse_an_array,Editor,/Users/nozerose/Desktop/2023학년도 1학기 수업/CB3500572-063 C++프로그래밍과실습(Prof.김태연)/실습 021 - reverse an array/reverse.cpp,,13,18,Changes
2023-03-09T17:21:09.284+09:00,nozerose,Action,EditorDown,_021___reverse_an_array,Editor,/Users/nozerose/Desktop/2023학년도 1학기 수업/CB3500572-063 C++프로그래밍과실습(Prof.김태연)/실습 021 - reverse an array/reverse.cpp,,13,19,Changes
2023-03-09T17:21:09.285+09:00,nozerose,KeyEvent,65535:40:0,_021___reverse_an_array,Editor,/Users/nozerose/Desktop/2023학년도 1학기 수업/CB3500572-063 C++프로그래밍과실습(Prof.김태연)/실습 021 - reverse an array/reverse.cpp,,14,2,Changes
2023-03-09T17:21:10.291+09:00,nozerose,Action,EditorEnter,_021___reverse_an_array,Editor,/Users/nozerose/Desktop/2023학년도 1학기 수업/CB3500572-063 C++프로그래밍과실습(Prof.김태연)/실습 021 - reverse an array/reverse.cpp,,14,2,Changes
2023-03-09T17:21:10.300+09:00,nozerose,KeyEvent,10:10:0,_021___reverse_an_array,Editor,/Users/nozerose/Desktop/2023학년도 1학기 수업/CB3500572-063 C++프로그래밍과실습(Prof.김태연)/실습 021 - reverse an array/reverse.cpp,,15,2,Changes
2023-03-09T17:21:10.458+09:00,nozerose,KeyEvent,114:82:0,_021___reverse_an_array,Editor,/Users/nozerose/Desktop/2023학년도 1학기 수업/CB3500572-063 C++프로그래밍과실습(Prof.김태연)/실습 021 - reverse an array/reverse.cpp,,15,2,Changes
2023-03-09T17:21:10.549+09:00,nozerose,KeyEvent,101:69:0,_021___reverse_an_array,Editor,/Users/nozerose/Desktop/2023학년도 1학기 수업/CB3500572-063 C++프로그래밍과실습(Prof.김태연)/실습 021 - reverse an array/reverse.cpp,,15,3,Changes
2023-03-09T17:21:10.757+09:00,nozerose,KeyEvent,116:84:0,_021___reverse_an_array,Editor,/Users/nozerose/Desktop/2023학년도 1학기 수업/CB3500572-063 C++프로그래밍과실습(Prof.김태연)/실습 021 - reverse an array/reverse.cpp,,15,4,Changes
2023-03-09T17:21:10.902+09:00,nozerose,KeyEvent,117:85:0,_021___reverse_an_array,Editor,/Users/nozerose/Desktop/2023학년도 1학기 수업/CB3500572-063 C++프로그래밍과실습(Prof.김태연)/실습 021 - reverse an array/reverse.cpp,,15,5,Changes
2023-03-09T17:21:10.946+09:00,nozerose,KeyEvent,114:82:0,_021___reverse_an_array,Editor,/Users/nozerose/Desktop/2023학년도 1학기 수업/CB3500572-063 C++프로그래밍과실습(Prof.김태연)/실습 021 - reverse an array/reverse.cpp,,15,6,Changes
2023-03-09T17:21:11.089+09:00,nozerose,KeyEvent,110:78:0,_021___reverse_an_array,Editor,/Users/nozerose/Desktop/2023학년도 1학기 수업/CB3500572-063 C++프로그래밍과실습(Prof.김태연)/실습 021 - reverse an array/reverse.cpp,,15,7,Changes
2023-03-09T17:21:11.250+09:00,nozerose,KeyEvent,32:32:0,_021___reverse_an_array,Editor,/Users/nozerose/Desktop/2023학년도 1학기 수업/CB3500572-063 C++프로그래밍과실습(Prof.김태연)/실습 021 - reverse an array/reverse.cpp,,15,8,Changes
2023-03-09T17:21:11.590+09:00,nozerose,KeyEvent,48:48:0,_021___reverse_an_array,Editor,/Users/nozerose/Desktop/2023학년도 1학기 수업/CB3500572-063 C++프로그래밍과실습(Prof.김태연)/실습 021 - reverse an array/reverse.cpp,,15,9,Changes
2023-03-09T17:21:11.826+09:00,nozerose,KeyEvent,59:59:0,_021___reverse_an_array,Editor,/Users/nozerose/Desktop/2023학년도 1학기 수업/CB3500572-063 C++프로그래밍과실습(Prof.김태연)/실습 021 - reverse an array/reverse.cpp,,15,10,Changes
2023-03-09T17:21:14.174+09:00,nozerose,Action,Run,_021___reverse_an_array,Editor,/Users/nozerose/Desktop/2023학년도 1학기 수업/CB3500572-063 C++프로그래밍과실습(Prof.김태연)/실습 021 - reverse an array/reverse.cpp,,15,11,Changes
2023-03-09T17:21:14.993+09:00,nozerose,Execution,"Run:'CMake Application: _021___reverse_an_array':""/Users/nozerose/Desktop/2023학년도 1학기 수업/CB3500572-063 C++프로그래밍과실습(Prof.김태연)/실습 021 - reverse an array/cmake-build-debug/_021___reverse_an_array""",_021___reverse_an_array,Editor,/Users/nozerose/Desktop/2023학년도 1학기 수업/CB3500572-063 C++프로그래밍과실습(Prof.김태연)/실습 021 - reverse an array/reverse.cpp,,15,11,Changes
2023-03-09T17:21:16.422+09:00,nozerose,KeyEvent,52:52:0,_021___reverse_an_array,Editor,/Users/nozerose/Desktop/2023학년도 1학기 수업/CB3500572-063 C++프로그래밍과실습(Prof.김태연)/실습 021 - reverse an array/reverse.cpp,,15,11,Changes
2023-03-09T17:21:16.680+09:00,nozerose,KeyEvent,10:10:0,_021___reverse_an_array,Editor,/Users/nozerose/Desktop/2023학년도 1학기 수업/CB3500572-063 C++프로그래밍과실습(Prof.김태연)/실습 021 - reverse an array/reverse.cpp,,15,11,Changes
2023-03-09T17:21:17.104+09:00,nozerose,KeyEvent,49:49:0,_021___reverse_an_array,Editor,/Users/nozerose/Desktop/2023학년도 1학기 수업/CB3500572-063 C++프로그래밍과실습(Prof.김태연)/실습 021 - reverse an array/reverse.cpp,,15,11,Changes
2023-03-09T17:21:17.368+09:00,nozerose,KeyEvent,32:32:0,_021___reverse_an_array,Editor,/Users/nozerose/Desktop/2023학년도 1학기 수업/CB3500572-063 C++프로그래밍과실습(Prof.김태연)/실습 021 - reverse an array/reverse.cpp,,15,11,Changes
2023-03-09T17:21:17.504+09:00,nozerose,KeyEvent,50:50:0,_021___reverse_an_array,Editor,/Users/nozerose/Desktop/2023학년도 1학기 수업/CB3500572-063 C++프로그래밍과실습(Prof.김태연)/실습 021 - reverse an array/reverse.cpp,,15,11,Changes
2023-03-09T17:21:17.637+09:00,nozerose,KeyEvent,32:32:0,_021___reverse_an_array,Editor,/Users/nozerose/Desktop/2023학년도 1학기 수업/CB3500572-063 C++프로그래밍과실습(Prof.김태연)/실습 021 - reverse an array/reverse.cpp,,15,11,Changes
2023-03-09T17:21:17.812+09:00,nozerose,KeyEvent,51:51:0,_021___reverse_an_array,Editor,/Users/nozerose/Desktop/2023학년도 1학기 수업/CB3500572-063 C++프로그래밍과실습(Prof.김태연)/실습 021 - reverse an array/reverse.cpp,,15,11,Changes
2023-03-09T17:21:17.969+09:00,nozerose,KeyEvent,32:32:0,_021___reverse_an_array,Editor,/Users/nozerose/Desktop/2023학년도 1학기 수업/CB3500572-063 C++프로그래밍과실습(Prof.김태연)/실습 021 - reverse an array/reverse.cpp,,15,11,Changes
2023-03-09T17:21:18.110+09:00,nozerose,KeyEvent,52:52:0,_021___reverse_an_array,Editor,/Users/nozerose/Desktop/2023학년도 1학기 수업/CB3500572-063 C++프로그래밍과실습(Prof.김태연)/실습 021 - reverse an array/reverse.cpp,,15,11,Changes
2023-03-09T17:21:18.286+09:00,nozerose,KeyEvent,10:10:0,_021___reverse_an_array,Editor,/Users/nozerose/Desktop/2023학년도 1학기 수업/CB3500572-063 C++프로그래밍과실습(Prof.김태연)/실습 021 - reverse an array/reverse.cpp,,15,11,Changes
2023-03-09T17:21:22.348+09:00,nozerose,KeyEvent,32:32:0,_021___reverse_an_array,Editor,/Users/nozerose/Desktop/2023학년도 1학기 수업/CB3500572-063 C++프로그래밍과실습(Prof.김태연)/실습 021 - reverse an array/reverse.cpp,,13,18,Changes
2023-03-09T17:21:22.532+09:00,nozerose,KeyEvent,65535:16:1,_021___reverse_an_array,Editor,/Users/nozerose/Desktop/2023학년도 1학기 수업/CB3500572-063 C++프로그래밍과실습(Prof.김태연)/실습 021 - reverse an array/reverse.cpp,,13,19,Changes
2023-03-09T17:21:22.616+09:00,nozerose,KeyEvent,60:153:1,_021___reverse_an_array,Editor,/Users/nozerose/Desktop/2023학년도 1학기 수업/CB3500572-063 C++프로그래밍과실습(Prof.김태연)/실습 021 - reverse an array/reverse.cpp,,13,19,Changes
2023-03-09T17:21:22.734+09:00,nozerose,KeyEvent,60:153:1,_021___reverse_an_array,Editor,/Users/nozerose/Desktop/2023학년도 1학기 수업/CB3500572-063 C++프로그래밍과실습(Prof.김태연)/실습 021 - reverse an array/reverse.cpp,,13,20,Changes
2023-03-09T17:21:23.028+09:00,nozerose,KeyEvent,32:32:0,_021___reverse_an_array,Editor,/Users/nozerose/Desktop/2023학년도 1학기 수업/CB3500572-063 C++프로그래밍과실습(Prof.김태연)/실습 021 - reverse an array/reverse.cpp,,13,21,Changes
2023-03-09T17:21:23.219+09:00,nozerose,KeyEvent,65535:16:1,_021___reverse_an_array,Editor,/Users/nozerose/Desktop/2023학년도 1학기 수업/CB3500572-063 C++프로그래밍과실습(Prof.김태연)/실습 021 - reverse an array/reverse.cpp,,13,22,Changes
2023-03-09T17:21:23.379+09:00,nozerose,KeyEvent,34:152:1,_021___reverse_an_array,Editor,/Users/nozerose/Desktop/2023학년도 1학기 수업/CB3500572-063 C++프로그래밍과실습(Prof.김태연)/실습 021 - reverse an array/reverse.cpp,,13,22,Changes
2023-03-09T17:21:23.732+09:00,nozerose,KeyEvent,92:92:0,_021___reverse_an_array,Editor,/Users/nozerose/Desktop/2023학년도 1학기 수업/CB3500572-063 C++프로그래밍과실습(Prof.김태연)/실습 021 - reverse an array/reverse.cpp,,13,23,Changes
2023-03-09T17:21:24.101+09:00,nozerose,KeyEvent,110:78:0,_021___reverse_an_array,Editor,/Users/nozerose/Desktop/2023학년도 1학기 수업/CB3500572-063 C++프로그래밍과실습(Prof.김태연)/실습 021 - reverse an array/reverse.cpp,,13,24,Changes
2023-03-09T17:21:24.716+09:00,nozerose,Action,EditorRight,_021___reverse_an_array,Editor,/Users/nozerose/Desktop/2023학년도 1학기 수업/CB3500572-063 C++프로그래밍과실습(Prof.김태연)/실습 021 - reverse an array/reverse.cpp,,13,25,Changes
2023-03-09T17:21:24.717+09:00,nozerose,KeyEvent,65535:39:0,_021___reverse_an_array,Editor,/Users/nozerose/Desktop/2023학년도 1학기 수업/CB3500572-063 C++프로그래밍과실습(Prof.김태연)/실습 021 - reverse an array/reverse.cpp,,13,26,Changes
2023-03-09T17:21:27.393+09:00,nozerose,Action,Run,_021___reverse_an_array,Editor,/Users/nozerose/Desktop/2023학년도 1학기 수업/CB3500572-063 C++프로그래밍과실습(Prof.김태연)/실습 021 - reverse an array/reverse.cpp,,13,26,Changes
2023-03-09T17:21:27.877+09:00,nozerose,Execution,"Run:'CMake Application: _021___reverse_an_array':""/Users/nozerose/Desktop/2023학년도 1학기 수업/CB3500572-063 C++프로그래밍과실습(Prof.김태연)/실습 021 - reverse an array/cmake-build-debug/_021___reverse_an_array""",_021___reverse_an_array,Editor,/Users/nozerose/Desktop/2023학년도 1학기 수업/CB3500572-063 C++프로그래밍과실습(Prof.김태연)/실습 021 - reverse an array/reverse.cpp,,13,26,Changes
2023-03-09T17:21:30.047+09:00,nozerose,KeyEvent,49:49:0,_021___reverse_an_array,Editor,/Users/nozerose/Desktop/2023학년도 1학기 수업/CB3500572-063 C++프로그래밍과실습(Prof.김태연)/실습 021 - reverse an array/reverse.cpp,,13,26,Changes
2023-03-09T17:21:30.388+09:00,nozerose,KeyEvent,48:48:0,_021___reverse_an_array,Editor,/Users/nozerose/Desktop/2023학년도 1학기 수업/CB3500572-063 C++프로그래밍과실습(Prof.김태연)/실습 021 - reverse an array/reverse.cpp,,13,26,Changes
2023-03-09T17:21:30.687+09:00,nozerose,KeyEvent,10:10:0,_021___reverse_an_array,Editor,/Users/nozerose/Desktop/2023학년도 1학기 수업/CB3500572-063 C++프로그래밍과실습(Prof.김태연)/실습 021 - reverse an array/reverse.cpp,,13,26,Changes
2023-03-09T17:21:31.136+09:00,nozerose,KeyEvent,49:49:0,_021___reverse_an_array,Editor,/Users/nozerose/Desktop/2023학년도 1학기 수업/CB3500572-063 C++프로그래밍과실습(Prof.김태연)/실습 021 - reverse an array/reverse.cpp,,13,26,Changes
2023-03-09T17:21:31.286+09:00,nozerose,KeyEvent,32:32:0,_021___reverse_an_array,Editor,/Users/nozerose/Desktop/2023학년도 1학기 수업/CB3500572-063 C++프로그래밍과실습(Prof.김태연)/실습 021 - reverse an array/reverse.cpp,,13,26,Changes
2023-03-09T17:21:31.419+09:00,nozerose,KeyEvent,50:50:0,_021___reverse_an_array,Editor,/Users/nozerose/Desktop/2023학년도 1학기 수업/CB3500572-063 C++프로그래밍과실습(Prof.김태연)/실습 021 - reverse an array/reverse.cpp,,13,26,Changes
2023-03-09T17:21:31.549+09:00,nozerose,KeyEvent,32:32:0,_021___reverse_an_array,Editor,/Users/nozerose/Desktop/2023학년도 1학기 수업/CB3500572-063 C++프로그래밍과실습(Prof.김태연)/실습 021 - reverse an array/reverse.cpp,,13,26,Changes
2023-03-09T17:21:31.682+09:00,nozerose,KeyEvent,51:51:0,_021___reverse_an_array,Editor,/Users/nozerose/Desktop/2023학년도 1학기 수업/CB3500572-063 C++프로그래밍과실습(Prof.김태연)/실습 021 - reverse an array/reverse.cpp,,13,26,Changes
2023-03-09T17:21:31.858+09:00,nozerose,KeyEvent,32:32:0,_021___reverse_an_array,Editor,/Users/nozerose/Desktop/2023학년도 1학기 수업/CB3500572-063 C++프로그래밍과실습(Prof.김태연)/실습 021 - reverse an array/reverse.cpp,,13,26,Changes
2023-03-09T17:21:32.030+09:00,nozerose,KeyEvent,52:52:0,_021___reverse_an_array,Editor,/Users/nozerose/Desktop/2023학년도 1학기 수업/CB3500572-063 C++프로그래밍과실습(Prof.김태연)/실습 021 - reverse an array/reverse.cpp,,13,26,Changes
2023-03-09T17:21:32.217+09:00,nozerose,KeyEvent,32:32:0,_021___reverse_an_array,Editor,/Users/nozerose/Desktop/2023학년도 1학기 수업/CB3500572-063 C++프로그래밍과실습(Prof.김태연)/실습 021 - reverse an array/reverse.cpp,,13,26,Changes
2023-03-09T17:21:32.430+09:00,nozerose,KeyEvent,53:53:0,_021___reverse_an_array,Editor,/Users/nozerose/Desktop/2023학년도 1학기 수업/CB3500572-063 C++프로그래밍과실습(Prof.김태연)/실습 021 - reverse an array/reverse.cpp,,13,26,Changes
2023-03-09T17:21:32.599+09:00,nozerose,KeyEvent,32:32:0,_021___reverse_an_array,Editor,/Users/nozerose/Desktop/2023학년도 1학기 수업/CB3500572-063 C++프로그래밍과실습(Prof.김태연)/실습 021 - reverse an array/reverse.cpp,,13,26,Changes
2023-03-09T17:21:32.798+09:00,nozerose,KeyEvent,54:54:0,_021___reverse_an_array,Editor,/Users/nozerose/Desktop/2023학년도 1학기 수업/CB3500572-063 C++프로그래밍과실습(Prof.김태연)/실습 021 - reverse an array/reverse.cpp,,13,26,Changes
2023-03-09T17:21:32.964+09:00,nozerose,KeyEvent,32:32:0,_021___reverse_an_array,Editor,/Users/nozerose/Desktop/2023학년도 1학기 수업/CB3500572-063 C++프로그래밍과실습(Prof.김태연)/실습 021 - reverse an array/reverse.cpp,,13,26,Changes
2023-03-09T17:21:33.122+09:00,nozerose,KeyEvent,55:55:0,_021___reverse_an_array,Editor,/Users/nozerose/Desktop/2023학년도 1학기 수업/CB3500572-063 C++프로그래밍과실습(Prof.김태연)/실습 021 - reverse an array/reverse.cpp,,13,26,Changes
2023-03-09T17:21:33.280+09:00,nozerose,KeyEvent,32:32:0,_021___reverse_an_array,Editor,/Users/nozerose/Desktop/2023학년도 1학기 수업/CB3500572-063 C++프로그래밍과실습(Prof.김태연)/실습 021 - reverse an array/reverse.cpp,,13,26,Changes
2023-03-09T17:21:33.440+09:00,nozerose,KeyEvent,56:56:0,_021___reverse_an_array,Editor,/Users/nozerose/Desktop/2023학년도 1학기 수업/CB3500572-063 C++프로그래밍과실습(Prof.김태연)/실습 021 - reverse an array/reverse.cpp,,13,26,Changes
2023-03-09T17:21:33.608+09:00,nozerose,KeyEvent,32:32:0,_021___reverse_an_array,Editor,/Users/nozerose/Desktop/2023학년도 1학기 수업/CB3500572-063 C++프로그래밍과실습(Prof.김태연)/실습 021 - reverse an array/reverse.cpp,,13,26,Changes
2023-03-09T17:21:33.776+09:00,nozerose,KeyEvent,57:57:0,_021___reverse_an_array,Editor,/Users/nozerose/Desktop/2023학년도 1학기 수업/CB3500572-063 C++프로그래밍과실습(Prof.김태연)/실습 021 - reverse an array/reverse.cpp,,13,26,Changes
2023-03-09T17:21:33.915+09:00,nozerose,KeyEvent,32:32:0,_021___reverse_an_array,Editor,/Users/nozerose/Desktop/2023학년도 1학기 수업/CB3500572-063 C++프로그래밍과실습(Prof.김태연)/실습 021 - reverse an array/reverse.cpp,,13,26,Changes
2023-03-09T17:21:34.467+09:00,nozerose,KeyEvent,49:49:0,_021___reverse_an_array,Editor,/Users/nozerose/Desktop/2023학년도 1학기 수업/CB3500572-063 C++프로그래밍과실습(Prof.김태연)/실습 021 - reverse an array/reverse.cpp,,13,26,Changes
2023-03-09T17:21:34.531+09:00,nozerose,KeyEvent,48:48:0,_021___reverse_an_array,Editor,/Users/nozerose/Desktop/2023학년도 1학기 수업/CB3500572-063 C++프로그래밍과실습(Prof.김태연)/실습 021 - reverse an array/reverse.cpp,,13,26,Changes
2023-03-09T17:21:34.736+09:00,nozerose,KeyEvent,10:10:0,_021___reverse_an_array,Editor,/Users/nozerose/Desktop/2023학년도 1학기 수업/CB3500572-063 C++프로그래밍과실습(Prof.김태연)/실습 021 - reverse an array/reverse.cpp,,13,26,Changes
2023-03-09T17:21:39.686+09:00,nozerose,Action,EditorDown,_021___reverse_an_array,Editor,/Users/nozerose/Desktop/2023학년도 1학기 수업/CB3500572-063 C++프로그래밍과실습(Prof.김태연)/실습 021 - reverse an array/reverse.cpp,,13,26,Changes
2023-03-09T17:21:39.689+09:00,nozerose,KeyEvent,65535:40:0,_021___reverse_an_array,Editor,/Users/nozerose/Desktop/2023학년도 1학기 수업/CB3500572-063 C++프로그래밍과실습(Prof.김태연)/실습 021 - reverse an array/reverse.cpp,,14,0,Changes
2023-03-09T17:21:40.776+09:00,nozerose,Action,EditorLeft,_021___reverse_an_array,Editor,/Users/nozerose/Desktop/2023학년도 1학기 수업/CB3500572-063 C++프로그래밍과실습(Prof.김태연)/실습 021 - reverse an array/reverse.cpp,,14,0,Changes
2023-03-09T17:21:40.778+09:00,nozerose,KeyEvent,65535:37:0,_021___reverse_an_array,Editor,/Users/nozerose/Desktop/2023학년도 1학기 수업/CB3500572-063 C++프로그래밍과실습(Prof.김태연)/실습 021 - reverse an array/reverse.cpp,,13,27,Changes
2023-03-09T17:21:40.999+09:00,nozerose,Action,EditorLeft,_021___reverse_an_array,Editor,/Users/nozerose/Desktop/2023학년도 1학기 수업/CB3500572-063 C++프로그래밍과실습(Prof.김태연)/실습 021 - reverse an array/reverse.cpp,,13,27,Changes
2023-03-09T17:21:41.001+09:00,nozerose,KeyEvent,65535:37:0,_021___reverse_an_array,Editor,/Users/nozerose/Desktop/2023학년도 1학기 수업/CB3500572-063 C++프로그래밍과실습(Prof.김태연)/실습 021 - reverse an array/reverse.cpp,,13,26,Changes
2023-03-09T17:21:41.323+09:00,nozerose,Action,EditorLeft,_021___reverse_an_array,Editor,/Users/nozerose/Desktop/2023학년도 1학기 수업/CB3500572-063 C++프로그래밍과실습(Prof.김태연)/실습 021 - reverse an array/reverse.cpp,,13,26,Changes
2023-03-09T17:21:41.325+09:00,nozerose,KeyEvent,65535:37:0,_021___reverse_an_array,Editor,/Users/nozerose/Desktop/2023학년도 1학기 수업/CB3500572-063 C++프로그래밍과실습(Prof.김태연)/실습 021 - reverse an array/reverse.cpp,,13,25,Changes
2023-03-09T17:21:41.575+09:00,nozerose,Action,EditorBackSpace,_021___reverse_an_array,Editor,/Users/nozerose/Desktop/2023학년도 1학기 수업/CB3500572-063 C++프로그래밍과실습(Prof.김태연)/실습 021 - reverse an array/reverse.cpp,,13,25,Changes
2023-03-09T17:21:41.589+09:00,nozerose,KeyEvent,8:8:0,_021___reverse_an_array,Editor,/Users/nozerose/Desktop/2023학년도 1학기 수업/CB3500572-063 C++프로그래밍과실습(Prof.김태연)/실습 021 - reverse an array/reverse.cpp,,13,24,Changes
2023-03-09T17:21:41.812+09:00,nozerose,Action,EditorBackSpace,_021___reverse_an_array,Editor,/Users/nozerose/Desktop/2023학년도 1학기 수업/CB3500572-063 C++프로그래밍과실습(Prof.김태연)/실습 021 - reverse an array/reverse.cpp,,13,24,Changes
2023-03-09T17:21:41.817+09:00,nozerose,KeyEvent,8:8:0,_021___reverse_an_array,Editor,/Users/nozerose/Desktop/2023학년도 1학기 수업/CB3500572-063 C++프로그래밍과실습(Prof.김태연)/실습 021 - reverse an array/reverse.cpp,,13,23,Changes
2023-03-09T17:21:42.010+09:00,nozerose,KeyEvent,32:32:0,_021___reverse_an_array,Editor,/Users/nozerose/Desktop/2023학년도 1학기 수업/CB3500572-063 C++프로그래밍과실습(Prof.김태연)/실습 021 - reverse an array/reverse.cpp,,13,23,Changes
2023-03-09T17:21:46.743+09:00,nozerose,Action,Start/Stop Activity Tracking,,,,,-1,-1,
