2023-03-02T18:18:49.349+09:00,nozerose,Action,EditorBackSpace,_012___Standard_IO,Editor,/Users/nozerose/Desktop/2023학년도 1학기 수업/CB3500572-063 C++프로그래밍과실습(Prof.김태연)/실습 012 - Standard IO/main.cpp,,0,0,Changes
2023-03-02T18:18:49.352+09:00,nozerose,KeyEvent,8:8:0,_012___Standard_IO,Editor,/Users/nozerose/Desktop/2023학년도 1학기 수업/CB3500572-063 C++프로그래밍과실습(Prof.김태연)/실습 012 - Standard IO/main.cpp,,0,0,Changes
2023-03-02T18:18:49.732+09:00,nozerose,KeyEvent,65535:16:1,_012___Standard_IO,Editor,/Users/nozerose/Desktop/2023학년도 1학기 수업/CB3500572-063 C++프로그래밍과실습(Prof.김태연)/실습 012 - Standard IO/main.cpp,,0,0,Changes
2023-03-02T18:18:49.808+09:00,nozerose,KeyEvent,35:520:1,_012___Standard_IO,Editor,/Users/nozerose/Desktop/2023학년도 1학기 수업/CB3500572-063 C++프로그래밍과실습(Prof.김태연)/실습 012 - Standard IO/main.cpp,,0,0,Changes
2023-03-02T18:18:50.184+09:00,nozerose,KeyEvent,105:73:0,_012___Standard_IO,Editor,/Users/nozerose/Desktop/2023학년도 1학기 수업/CB3500572-063 C++프로그래밍과실습(Prof.김태연)/실습 012 - Standard IO/main.cpp,,0,1,Changes
2023-03-02T18:18:50.347+09:00,nozerose,KeyEvent,110:78:0,_012___Standard_IO,Editor,/Users/nozerose/Desktop/2023학년도 1학기 수업/CB3500572-063 C++프로그래밍과실습(Prof.김태연)/실습 012 - Standard IO/main.cpp,,0,2,Changes
2023-03-02T18:18:50.418+09:00,nozerose,KeyEvent,99:67:0,_012___Standard_IO,Editor,/Users/nozerose/Desktop/2023학년도 1학기 수업/CB3500572-063 C++프로그래밍과실습(Prof.김태연)/실습 012 - Standard IO/main.cpp,,0,3,Changes
2023-03-02T18:18:50.518+09:00,nozerose,KeyEvent,108:76:0,_012___Standard_IO,Editor,/Users/nozerose/Desktop/2023학년도 1학기 수업/CB3500572-063 C++프로그래밍과실습(Prof.김태연)/실습 012 - Standard IO/main.cpp,,0,4,Changes
2023-03-02T18:18:50.703+09:00,nozerose,KeyEvent,117:85:0,_012___Standard_IO,Editor,/Users/nozerose/Desktop/2023학년도 1학기 수업/CB3500572-063 C++프로그래밍과실습(Prof.김태연)/실습 012 - Standard IO/main.cpp,,0,5,Changes
2023-03-02T18:18:50.770+09:00,nozerose,KeyEvent,100:68:0,_012___Standard_IO,Editor,/Users/nozerose/Desktop/2023학년도 1학기 수업/CB3500572-063 C++프로그래밍과실습(Prof.김태연)/실습 012 - Standard IO/main.cpp,,0,6,Changes
2023-03-02T18:18:50.917+09:00,nozerose,KeyEvent,101:69:0,_012___Standard_IO,Editor,/Users/nozerose/Desktop/2023학년도 1학기 수업/CB3500572-063 C++프로그래밍과실습(Prof.김태연)/실습 012 - Standard IO/main.cpp,,0,7,Changes
2023-03-02T18:18:51.061+09:00,nozerose,KeyEvent,32:32:0,_012___Standard_IO,Editor,/Users/nozerose/Desktop/2023학년도 1학기 수업/CB3500572-063 C++프로그래밍과실습(Prof.김태연)/실습 012 - Standard IO/main.cpp,,0,8,Changes
2023-03-02T18:18:51.342+09:00,nozerose,KeyEvent,65535:16:1,_012___Standard_IO,Editor,/Users/nozerose/Desktop/2023학년도 1학기 수업/CB3500572-063 C++프로그래밍과실습(Prof.김태연)/실습 012 - Standard IO/main.cpp,,0,9,Changes
2023-03-02T18:18:51.534+09:00,nozerose,KeyEvent,60:153:1,_012___Standard_IO,Editor,/Users/nozerose/Desktop/2023학년도 1학기 수업/CB3500572-063 C++프로그래밍과실습(Prof.김태연)/실습 012 - Standard IO/main.cpp,,0,9,Changes
2023-03-02T18:18:52.087+09:00,nozerose,KeyEvent,105:73:0,_012___Standard_IO,Editor,/Users/nozerose/Desktop/2023학년도 1학기 수업/CB3500572-063 C++프로그래밍과실습(Prof.김태연)/실습 012 - Standard IO/main.cpp,,0,10,Changes
2023-03-02T18:18:52.279+09:00,nozerose,KeyEvent,111:79:0,_012___Standard_IO,Editor,/Users/nozerose/Desktop/2023학년도 1학기 수업/CB3500572-063 C++프로그래밍과실습(Prof.김태연)/실습 012 - Standard IO/main.cpp,,0,11,Changes
2023-03-02T18:18:52.553+09:00,nozerose,KeyEvent,115:83:0,_012___Standard_IO,Editor,/Users/nozerose/Desktop/2023학년도 1학기 수업/CB3500572-063 C++프로그래밍과실습(Prof.김태연)/실습 012 - Standard IO/main.cpp,,0,12,Changes
2023-03-02T18:18:52.764+09:00,nozerose,KeyEvent,116:84:0,_012___Standard_IO,Editor,/Users/nozerose/Desktop/2023학년도 1학기 수업/CB3500572-063 C++프로그래밍과실습(Prof.김태연)/실습 012 - Standard IO/main.cpp,,0,13,Changes
2023-03-02T18:18:52.945+09:00,nozerose,KeyEvent,114:82:0,_012___Standard_IO,Editor,/Users/nozerose/Desktop/2023학년도 1학기 수업/CB3500572-063 C++프로그래밍과실습(Prof.김태연)/실습 012 - Standard IO/main.cpp,,0,14,Changes
2023-03-02T18:18:52.988+09:00,nozerose,KeyEvent,101:69:0,_012___Standard_IO,Editor,/Users/nozerose/Desktop/2023학년도 1학기 수업/CB3500572-063 C++프로그래밍과실습(Prof.김태연)/실습 012 - Standard IO/main.cpp,,0,15,Changes
2023-03-02T18:18:53.133+09:00,nozerose,KeyEvent,97:65:0,_012___Standard_IO,Editor,/Users/nozerose/Desktop/2023학년도 1학기 수업/CB3500572-063 C++프로그래밍과실습(Prof.김태연)/실습 012 - Standard IO/main.cpp,,0,16,Changes
2023-03-02T18:18:53.295+09:00,nozerose,KeyEvent,109:77:0,_012___Standard_IO,Editor,/Users/nozerose/Desktop/2023학년도 1학기 수업/CB3500572-063 C++프로그래밍과실습(Prof.김태연)/실습 012 - Standard IO/main.cpp,,0,17,Changes
2023-03-02T18:18:53.902+09:00,nozerose,KeyEvent,65535:16:1,_012___Standard_IO,Editor,/Users/nozerose/Desktop/2023학년도 1학기 수업/CB3500572-063 C++프로그래밍과실습(Prof.김태연)/실습 012 - Standard IO/main.cpp,,0,18,Changes
2023-03-02T18:18:54.086+09:00,nozerose,KeyEvent,62:46:1,_012___Standard_IO,Editor,/Users/nozerose/Desktop/2023학년도 1학기 수업/CB3500572-063 C++프로그래밍과실습(Prof.김태연)/실습 012 - Standard IO/main.cpp,,0,18,Changes
2023-03-02T18:18:54.526+09:00,nozerose,Action,EditorEnter,_012___Standard_IO,Editor,/Users/nozerose/Desktop/2023학년도 1학기 수업/CB3500572-063 C++프로그래밍과실습(Prof.김태연)/실습 012 - Standard IO/main.cpp,,0,19,Changes
2023-03-02T18:18:54.529+09:00,nozerose,KeyEvent,10:10:0,_012___Standard_IO,Editor,/Users/nozerose/Desktop/2023학년도 1학기 수업/CB3500572-063 C++프로그래밍과실습(Prof.김태연)/실습 012 - Standard IO/main.cpp,,1,0,Changes
2023-03-02T18:18:55.130+09:00,nozerose,KeyEvent,117:85:0,_012___Standard_IO,Editor,/Users/nozerose/Desktop/2023학년도 1학기 수업/CB3500572-063 C++프로그래밍과실습(Prof.김태연)/실습 012 - Standard IO/main.cpp,,1,0,Changes
2023-03-02T18:18:55.232+09:00,nozerose,KeyEvent,115:83:0,_012___Standard_IO,Editor,/Users/nozerose/Desktop/2023학년도 1학기 수업/CB3500572-063 C++프로그래밍과실습(Prof.김태연)/실습 012 - Standard IO/main.cpp,,1,1,Changes
2023-03-02T18:18:55.308+09:00,nozerose,KeyEvent,105:73:0,_012___Standard_IO,Editor,/Users/nozerose/Desktop/2023학년도 1학기 수업/CB3500572-063 C++프로그래밍과실습(Prof.김태연)/실습 012 - Standard IO/main.cpp,,1,2,Changes
2023-03-02T18:18:55.416+09:00,nozerose,KeyEvent,110:78:0,_012___Standard_IO,Editor,/Users/nozerose/Desktop/2023학년도 1학기 수업/CB3500572-063 C++프로그래밍과실습(Prof.김태연)/실습 012 - Standard IO/main.cpp,,1,3,Changes
2023-03-02T18:18:55.537+09:00,nozerose,KeyEvent,103:71:0,_012___Standard_IO,Editor,/Users/nozerose/Desktop/2023학년도 1학기 수업/CB3500572-063 C++프로그래밍과실습(Prof.김태연)/실습 012 - Standard IO/main.cpp,,1,4,Changes
2023-03-02T18:18:55.646+09:00,nozerose,KeyEvent,32:32:0,_012___Standard_IO,Editor,/Users/nozerose/Desktop/2023학년도 1학기 수업/CB3500572-063 C++프로그래밍과실습(Prof.김태연)/실습 012 - Standard IO/main.cpp,,1,5,Changes
2023-03-02T18:18:55.806+09:00,nozerose,KeyEvent,110:78:0,_012___Standard_IO,Editor,/Users/nozerose/Desktop/2023학년도 1학기 수업/CB3500572-063 C++프로그래밍과실습(Prof.김태연)/실습 012 - Standard IO/main.cpp,,1,6,Changes
2023-03-02T18:18:55.883+09:00,nozerose,KeyEvent,97:65:0,_012___Standard_IO,Editor,/Users/nozerose/Desktop/2023학년도 1학기 수업/CB3500572-063 C++프로그래밍과실습(Prof.김태연)/실습 012 - Standard IO/main.cpp,,1,7,Changes
2023-03-02T18:18:56.004+09:00,nozerose,KeyEvent,109:77:0,_012___Standard_IO,Editor,/Users/nozerose/Desktop/2023학년도 1학기 수업/CB3500572-063 C++프로그래밍과실습(Prof.김태연)/실습 012 - Standard IO/main.cpp,,1,8,Changes
2023-03-02T18:18:56.138+09:00,nozerose,KeyEvent,101:69:0,_012___Standard_IO,Editor,/Users/nozerose/Desktop/2023학년도 1학기 수업/CB3500572-063 C++프로그래밍과실습(Prof.김태연)/실습 012 - Standard IO/main.cpp,,1,9,Changes
2023-03-02T18:18:56.298+09:00,nozerose,KeyEvent,115:83:0,_012___Standard_IO,Editor,/Users/nozerose/Desktop/2023학년도 1학기 수업/CB3500572-063 C++프로그래밍과실습(Prof.김태연)/실습 012 - Standard IO/main.cpp,,1,10,Changes
2023-03-02T18:18:56.445+09:00,nozerose,KeyEvent,112:80:0,_012___Standard_IO,Editor,/Users/nozerose/Desktop/2023학년도 1학기 수업/CB3500572-063 C++프로그래밍과실습(Prof.김태연)/실습 012 - Standard IO/main.cpp,,1,11,Changes
2023-03-02T18:18:56.521+09:00,nozerose,KeyEvent,97:65:0,_012___Standard_IO,Editor,/Users/nozerose/Desktop/2023학년도 1학기 수업/CB3500572-063 C++프로그래밍과실습(Prof.김태연)/실습 012 - Standard IO/main.cpp,,1,12,Changes
2023-03-02T18:18:56.634+09:00,nozerose,KeyEvent,99:67:0,_012___Standard_IO,Editor,/Users/nozerose/Desktop/2023학년도 1학기 수업/CB3500572-063 C++프로그래밍과실습(Prof.김태연)/실습 012 - Standard IO/main.cpp,,1,13,Changes
2023-03-02T18:18:56.799+09:00,nozerose,KeyEvent,101:69:0,_012___Standard_IO,Editor,/Users/nozerose/Desktop/2023학년도 1학기 수업/CB3500572-063 C++프로그래밍과실습(Prof.김태연)/실습 012 - Standard IO/main.cpp,,1,14,Changes
2023-03-02T18:18:57.378+09:00,nozerose,KeyEvent,32:32:0,_012___Standard_IO,Editor,/Users/nozerose/Desktop/2023학년도 1학기 수업/CB3500572-063 C++프로그래밍과실습(Prof.김태연)/실습 012 - Standard IO/main.cpp,,1,15,Changes
2023-03-02T18:18:57.595+09:00,nozerose,KeyEvent,115:83:0,_012___Standard_IO,Editor,/Users/nozerose/Desktop/2023학년도 1학기 수업/CB3500572-063 C++프로그래밍과실습(Prof.김태연)/실습 012 - Standard IO/main.cpp,,1,16,Changes
2023-03-02T18:18:57.789+09:00,nozerose,KeyEvent,116:84:0,_012___Standard_IO,Editor,/Users/nozerose/Desktop/2023학년도 1학기 수업/CB3500572-063 C++프로그래밍과실습(Prof.김태연)/실습 012 - Standard IO/main.cpp,,1,17,Changes
2023-03-02T18:18:57.974+09:00,nozerose,KeyEvent,100:68:0,_012___Standard_IO,Editor,/Users/nozerose/Desktop/2023학년도 1학기 수업/CB3500572-063 C++프로그래밍과실습(Prof.김태연)/실습 012 - Standard IO/main.cpp,,1,18,Changes
2023-03-02T18:18:58.491+09:00,nozerose,KeyEvent,59:59:0,_012___Standard_IO,Editor,/Users/nozerose/Desktop/2023학년도 1학기 수업/CB3500572-063 C++프로그래밍과실습(Prof.김태연)/실습 012 - Standard IO/main.cpp,,1,19,Changes
2023-03-02T18:18:58.662+09:00,nozerose,Action,EditorEnter,_012___Standard_IO,Editor,/Users/nozerose/Desktop/2023학년도 1학기 수업/CB3500572-063 C++프로그래밍과실습(Prof.김태연)/실습 012 - Standard IO/main.cpp,,1,20,Changes
2023-03-02T18:18:58.668+09:00,nozerose,KeyEvent,10:10:0,_012___Standard_IO,Editor,/Users/nozerose/Desktop/2023학년도 1학기 수업/CB3500572-063 C++프로그래밍과실습(Prof.김태연)/실습 012 - Standard IO/main.cpp,,2,0,Changes
2023-03-02T18:18:58.847+09:00,nozerose,Action,EditorEnter,_012___Standard_IO,Editor,/Users/nozerose/Desktop/2023학년도 1학기 수업/CB3500572-063 C++프로그래밍과실습(Prof.김태연)/실습 012 - Standard IO/main.cpp,,2,0,Changes
2023-03-02T18:18:58.850+09:00,nozerose,KeyEvent,10:10:0,_012___Standard_IO,Editor,/Users/nozerose/Desktop/2023학년도 1학기 수업/CB3500572-063 C++프로그래밍과실습(Prof.김태연)/실습 012 - Standard IO/main.cpp,,3,0,Changes
2023-03-02T18:18:59.310+09:00,nozerose,KeyEvent,105:73:0,_012___Standard_IO,Editor,/Users/nozerose/Desktop/2023학년도 1학기 수업/CB3500572-063 C++프로그래밍과실습(Prof.김태연)/실습 012 - Standard IO/main.cpp,,3,0,Changes
2023-03-02T18:18:59.479+09:00,nozerose,KeyEvent,110:78:0,_012___Standard_IO,Editor,/Users/nozerose/Desktop/2023학년도 1학기 수업/CB3500572-063 C++프로그래밍과실습(Prof.김태연)/실습 012 - Standard IO/main.cpp,,3,1,Changes
2023-03-02T18:18:59.568+09:00,nozerose,KeyEvent,116:84:0,_012___Standard_IO,Editor,/Users/nozerose/Desktop/2023학년도 1학기 수업/CB3500572-063 C++프로그래밍과실습(Prof.김태연)/실습 012 - Standard IO/main.cpp,,3,2,Changes
2023-03-02T18:18:59.677+09:00,nozerose,KeyEvent,32:32:0,_012___Standard_IO,Editor,/Users/nozerose/Desktop/2023학년도 1학기 수업/CB3500572-063 C++프로그래밍과실습(Prof.김태연)/실습 012 - Standard IO/main.cpp,,3,3,Changes
2023-03-02T18:18:59.831+09:00,nozerose,KeyEvent,109:77:0,_012___Standard_IO,Editor,/Users/nozerose/Desktop/2023학년도 1학기 수업/CB3500572-063 C++프로그래밍과실습(Prof.김태연)/실습 012 - Standard IO/main.cpp,,3,4,Changes
2023-03-02T18:18:59.971+09:00,nozerose,KeyEvent,97:65:0,_012___Standard_IO,Editor,/Users/nozerose/Desktop/2023학년도 1학기 수업/CB3500572-063 C++프로그래밍과실습(Prof.김태연)/실습 012 - Standard IO/main.cpp,,3,5,Changes
2023-03-02T18:19:00.077+09:00,nozerose,KeyEvent,105:73:0,_012___Standard_IO,Editor,/Users/nozerose/Desktop/2023학년도 1학기 수업/CB3500572-063 C++프로그래밍과실습(Prof.김태연)/실습 012 - Standard IO/main.cpp,,3,6,Changes
2023-03-02T18:19:00.160+09:00,nozerose,KeyEvent,110:78:0,_012___Standard_IO,Editor,/Users/nozerose/Desktop/2023학년도 1학기 수업/CB3500572-063 C++프로그래밍과실습(Prof.김태연)/실습 012 - Standard IO/main.cpp,,3,7,Changes
2023-03-02T18:19:00.662+09:00,nozerose,KeyEvent,65535:16:1,_012___Standard_IO,Editor,/Users/nozerose/Desktop/2023학년도 1학기 수업/CB3500572-063 C++프로그래밍과실습(Prof.김태연)/실습 012 - Standard IO/main.cpp,,3,8,Changes
2023-03-02T18:19:00.897+09:00,nozerose,KeyEvent,40:519:1,_012___Standard_IO,Editor,/Users/nozerose/Desktop/2023학년도 1학기 수업/CB3500572-063 C++프로그래밍과실습(Prof.김태연)/실습 012 - Standard IO/main.cpp,,3,8,Changes
2023-03-02T18:19:01.040+09:00,nozerose,KeyEvent,41:522:1,_012___Standard_IO,Editor,/Users/nozerose/Desktop/2023학년도 1학기 수업/CB3500572-063 C++프로그래밍과실습(Prof.김태연)/실습 012 - Standard IO/main.cpp,,3,9,Changes
2023-03-02T18:19:06.003+09:00,nozerose,KeyEvent,32:32:0,_012___Standard_IO,Editor,/Users/nozerose/Desktop/2023학년도 1학기 수업/CB3500572-063 C++프로그래밍과실습(Prof.김태연)/실습 012 - Standard IO/main.cpp,,3,10,Changes
2023-03-02T18:19:06.112+09:00,nozerose,KeyEvent,65535:16:1,_012___Standard_IO,Editor,/Users/nozerose/Desktop/2023학년도 1학기 수업/CB3500572-063 C++프로그래밍과실습(Prof.김태연)/실습 012 - Standard IO/main.cpp,,3,11,Changes
2023-03-02T18:19:06.299+09:00,nozerose,KeyEvent,123:91:1,_012___Standard_IO,Editor,/Users/nozerose/Desktop/2023학년도 1학기 수업/CB3500572-063 C++프로그래밍과실습(Prof.김태연)/실습 012 - Standard IO/main.cpp,,3,11,Changes
2023-03-02T18:19:06.475+09:00,nozerose,Action,EditorEnter,_012___Standard_IO,Editor,/Users/nozerose/Desktop/2023학년도 1학기 수업/CB3500572-063 C++프로그래밍과실습(Prof.김태연)/실습 012 - Standard IO/main.cpp,,3,12,Changes
2023-03-02T18:19:06.485+09:00,nozerose,KeyEvent,10:10:0,_012___Standard_IO,Editor,/Users/nozerose/Desktop/2023학년도 1학기 수업/CB3500572-063 C++프로그래밍과실습(Prof.김태연)/실습 012 - Standard IO/main.cpp,,4,2,Changes
2023-03-02T18:19:15.077+09:00,nozerose,KeyEvent,105:73:0,_012___Standard_IO,Editor,/Users/nozerose/Desktop/2023학년도 1학기 수업/CB3500572-063 C++프로그래밍과실습(Prof.김태연)/실습 012 - Standard IO/main.cpp,,4,2,Changes
2023-03-02T18:19:15.231+09:00,nozerose,KeyEvent,110:78:0,_012___Standard_IO,Editor,/Users/nozerose/Desktop/2023학년도 1학기 수업/CB3500572-063 C++프로그래밍과실습(Prof.김태연)/실습 012 - Standard IO/main.cpp,,4,3,Changes
2023-03-02T18:19:15.287+09:00,nozerose,KeyEvent,116:84:0,_012___Standard_IO,Editor,/Users/nozerose/Desktop/2023학년도 1학기 수업/CB3500572-063 C++프로그래밍과실습(Prof.김태연)/실습 012 - Standard IO/main.cpp,,4,4,Changes
2023-03-02T18:19:15.424+09:00,nozerose,KeyEvent,32:32:0,_012___Standard_IO,Editor,/Users/nozerose/Desktop/2023학년도 1학기 수업/CB3500572-063 C++프로그래밍과실습(Prof.김태연)/실습 012 - Standard IO/main.cpp,,4,5,Changes
2023-03-02T18:19:15.609+09:00,nozerose,KeyEvent,97:65:0,_012___Standard_IO,Editor,/Users/nozerose/Desktop/2023학년도 1학기 수업/CB3500572-063 C++프로그래밍과실습(Prof.김태연)/실습 012 - Standard IO/main.cpp,,4,6,Changes
2023-03-02T18:19:16.295+09:00,nozerose,KeyEvent,44:44:0,_012___Standard_IO,Editor,/Users/nozerose/Desktop/2023학년도 1학기 수업/CB3500572-063 C++프로그래밍과실습(Prof.김태연)/실습 012 - Standard IO/main.cpp,,4,7,Changes
2023-03-02T18:19:16.471+09:00,nozerose,KeyEvent,32:32:0,_012___Standard_IO,Editor,/Users/nozerose/Desktop/2023학년도 1학기 수업/CB3500572-063 C++프로그래밍과실습(Prof.김태연)/실습 012 - Standard IO/main.cpp,,4,8,Changes
2023-03-02T18:19:16.661+09:00,nozerose,KeyEvent,98:66:0,_012___Standard_IO,Editor,/Users/nozerose/Desktop/2023학년도 1학기 수업/CB3500572-063 C++프로그래밍과실습(Prof.김태연)/실습 012 - Standard IO/main.cpp,,4,9,Changes
2023-03-02T18:19:16.913+09:00,nozerose,KeyEvent,44:44:0,_012___Standard_IO,Editor,/Users/nozerose/Desktop/2023학년도 1학기 수업/CB3500572-063 C++프로그래밍과실습(Prof.김태연)/실습 012 - Standard IO/main.cpp,,4,10,Changes
2023-03-02T18:19:17.036+09:00,nozerose,KeyEvent,32:32:0,_012___Standard_IO,Editor,/Users/nozerose/Desktop/2023학년도 1학기 수업/CB3500572-063 C++프로그래밍과실습(Prof.김태연)/실습 012 - Standard IO/main.cpp,,4,11,Changes
2023-03-02T18:19:17.335+09:00,nozerose,KeyEvent,99:67:0,_012___Standard_IO,Editor,/Users/nozerose/Desktop/2023학년도 1학기 수업/CB3500572-063 C++프로그래밍과실습(Prof.김태연)/실습 012 - Standard IO/main.cpp,,4,12,Changes
2023-03-02T18:19:17.762+09:00,nozerose,Action,EditorBackSpace,_012___Standard_IO,Editor,/Users/nozerose/Desktop/2023학년도 1학기 수업/CB3500572-063 C++프로그래밍과실습(Prof.김태연)/실습 012 - Standard IO/main.cpp,,4,13,Changes
2023-03-02T18:19:17.777+09:00,nozerose,KeyEvent,8:8:0,_012___Standard_IO,Editor,/Users/nozerose/Desktop/2023학년도 1학기 수업/CB3500572-063 C++프로그래밍과실습(Prof.김태연)/실습 012 - Standard IO/main.cpp,,4,12,Changes
2023-03-02T18:19:17.914+09:00,nozerose,Action,EditorBackSpace,_012___Standard_IO,Editor,/Users/nozerose/Desktop/2023학년도 1학기 수업/CB3500572-063 C++프로그래밍과실습(Prof.김태연)/실습 012 - Standard IO/main.cpp,,4,12,Changes
2023-03-02T18:19:17.916+09:00,nozerose,KeyEvent,8:8:0,_012___Standard_IO,Editor,/Users/nozerose/Desktop/2023학년도 1학기 수업/CB3500572-063 C++프로그래밍과실습(Prof.김태연)/실습 012 - Standard IO/main.cpp,,4,11,Changes
2023-03-02T18:19:18.080+09:00,nozerose,Action,EditorBackSpace,_012___Standard_IO,Editor,/Users/nozerose/Desktop/2023학년도 1학기 수업/CB3500572-063 C++프로그래밍과실습(Prof.김태연)/실습 012 - Standard IO/main.cpp,,4,11,Changes
2023-03-02T18:19:18.084+09:00,nozerose,KeyEvent,8:8:0,_012___Standard_IO,Editor,/Users/nozerose/Desktop/2023학년도 1학기 수업/CB3500572-063 C++프로그래밍과실습(Prof.김태연)/실습 012 - Standard IO/main.cpp,,4,10,Changes
2023-03-02T18:19:18.244+09:00,nozerose,Action,EditorBackSpace,_012___Standard_IO,Editor,/Users/nozerose/Desktop/2023학년도 1학기 수업/CB3500572-063 C++프로그래밍과실습(Prof.김태연)/실습 012 - Standard IO/main.cpp,,4,10,Changes
2023-03-02T18:19:18.246+09:00,nozerose,KeyEvent,8:8:0,_012___Standard_IO,Editor,/Users/nozerose/Desktop/2023학년도 1학기 수업/CB3500572-063 C++프로그래밍과실습(Prof.김태연)/실습 012 - Standard IO/main.cpp,,4,9,Changes
2023-03-02T18:19:18.381+09:00,nozerose,Action,EditorBackSpace,_012___Standard_IO,Editor,/Users/nozerose/Desktop/2023학년도 1학기 수업/CB3500572-063 C++프로그래밍과실습(Prof.김태연)/실습 012 - Standard IO/main.cpp,,4,9,Changes
2023-03-02T18:19:18.383+09:00,nozerose,KeyEvent,8:8:0,_012___Standard_IO,Editor,/Users/nozerose/Desktop/2023학년도 1학기 수업/CB3500572-063 C++프로그래밍과실습(Prof.김태연)/실습 012 - Standard IO/main.cpp,,4,8,Changes
2023-03-02T18:19:18.539+09:00,nozerose,Action,EditorBackSpace,_012___Standard_IO,Editor,/Users/nozerose/Desktop/2023학년도 1학기 수업/CB3500572-063 C++프로그래밍과실습(Prof.김태연)/실습 012 - Standard IO/main.cpp,,4,8,Changes
2023-03-02T18:19:18.544+09:00,nozerose,KeyEvent,8:8:0,_012___Standard_IO,Editor,/Users/nozerose/Desktop/2023학년도 1학기 수업/CB3500572-063 C++프로그래밍과실습(Prof.김태연)/실습 012 - Standard IO/main.cpp,,4,7,Changes
2023-03-02T18:19:18.697+09:00,nozerose,Action,EditorBackSpace,_012___Standard_IO,Editor,/Users/nozerose/Desktop/2023학년도 1학기 수업/CB3500572-063 C++프로그래밍과실습(Prof.김태연)/실습 012 - Standard IO/main.cpp,,4,7,Changes
2023-03-02T18:19:18.699+09:00,nozerose,KeyEvent,8:8:0,_012___Standard_IO,Editor,/Users/nozerose/Desktop/2023학년도 1학기 수업/CB3500572-063 C++프로그래밍과실습(Prof.김태연)/실습 012 - Standard IO/main.cpp,,4,6,Changes
2023-03-02T18:19:19.197+09:00,nozerose,KeyEvent,110:78:0,_012___Standard_IO,Editor,/Users/nozerose/Desktop/2023학년도 1학기 수업/CB3500572-063 C++프로그래밍과실습(Prof.김태연)/실습 012 - Standard IO/main.cpp,,4,6,Changes
2023-03-02T18:19:19.402+09:00,nozerose,KeyEvent,117:85:0,_012___Standard_IO,Editor,/Users/nozerose/Desktop/2023학년도 1학기 수업/CB3500572-063 C++프로그래밍과실습(Prof.김태연)/실습 012 - Standard IO/main.cpp,,4,7,Changes
2023-03-02T18:19:19.595+09:00,nozerose,KeyEvent,109:77:0,_012___Standard_IO,Editor,/Users/nozerose/Desktop/2023학년도 1학기 수업/CB3500572-063 C++프로그래밍과실습(Prof.김태연)/실습 012 - Standard IO/main.cpp,,4,8,Changes
2023-03-02T18:19:19.726+09:00,nozerose,KeyEvent,49:49:0,_012___Standard_IO,Editor,/Users/nozerose/Desktop/2023학년도 1학기 수업/CB3500572-063 C++프로그래밍과실습(Prof.김태연)/실습 012 - Standard IO/main.cpp,,4,9,Changes
2023-03-02T18:19:19.926+09:00,nozerose,KeyEvent,44:44:0,_012___Standard_IO,Editor,/Users/nozerose/Desktop/2023학년도 1학기 수업/CB3500572-063 C++프로그래밍과실습(Prof.김태연)/실습 012 - Standard IO/main.cpp,,4,10,Changes
2023-03-02T18:19:20.192+09:00,nozerose,KeyEvent,32:32:0,_012___Standard_IO,Editor,/Users/nozerose/Desktop/2023학년도 1학기 수업/CB3500572-063 C++프로그래밍과실습(Prof.김태연)/실습 012 - Standard IO/main.cpp,,4,11,Changes
2023-03-02T18:19:20.404+09:00,nozerose,KeyEvent,110:78:0,_012___Standard_IO,Editor,/Users/nozerose/Desktop/2023학년도 1학기 수업/CB3500572-063 C++프로그래밍과실습(Prof.김태연)/실습 012 - Standard IO/main.cpp,,4,12,Changes
2023-03-02T18:19:20.596+09:00,nozerose,KeyEvent,117:85:0,_012___Standard_IO,Editor,/Users/nozerose/Desktop/2023학년도 1학기 수업/CB3500572-063 C++프로그래밍과실습(Prof.김태연)/실습 012 - Standard IO/main.cpp,,4,13,Changes
2023-03-02T18:19:20.813+09:00,nozerose,KeyEvent,109:77:0,_012___Standard_IO,Editor,/Users/nozerose/Desktop/2023학년도 1학기 수업/CB3500572-063 C++프로그래밍과실습(Prof.김태연)/실습 012 - Standard IO/main.cpp,,4,14,Changes
2023-03-02T18:19:20.932+09:00,nozerose,KeyEvent,50:50:0,_012___Standard_IO,Editor,/Users/nozerose/Desktop/2023학년도 1학기 수업/CB3500572-063 C++프로그래밍과실습(Prof.김태연)/실습 012 - Standard IO/main.cpp,,4,15,Changes
2023-03-02T18:19:21.081+09:00,nozerose,KeyEvent,44:44:0,_012___Standard_IO,Editor,/Users/nozerose/Desktop/2023학년도 1학기 수업/CB3500572-063 C++프로그래밍과실습(Prof.김태연)/실습 012 - Standard IO/main.cpp,,4,16,Changes
2023-03-02T18:19:21.420+09:00,nozerose,KeyEvent,32:32:0,_012___Standard_IO,Editor,/Users/nozerose/Desktop/2023학년도 1학기 수업/CB3500572-063 C++프로그래밍과실습(Prof.김태연)/실습 012 - Standard IO/main.cpp,,4,17,Changes
2023-03-02T18:19:21.572+09:00,nozerose,KeyEvent,110:78:0,_012___Standard_IO,Editor,/Users/nozerose/Desktop/2023학년도 1학기 수업/CB3500572-063 C++프로그래밍과실습(Prof.김태연)/실습 012 - Standard IO/main.cpp,,4,18,Changes
2023-03-02T18:19:21.746+09:00,nozerose,KeyEvent,117:85:0,_012___Standard_IO,Editor,/Users/nozerose/Desktop/2023학년도 1학기 수업/CB3500572-063 C++프로그래밍과실습(Prof.김태연)/실습 012 - Standard IO/main.cpp,,4,19,Changes
2023-03-02T18:19:21.965+09:00,nozerose,KeyEvent,109:77:0,_012___Standard_IO,Editor,/Users/nozerose/Desktop/2023학년도 1학기 수업/CB3500572-063 C++프로그래밍과실습(Prof.김태연)/실습 012 - Standard IO/main.cpp,,4,20,Changes
2023-03-02T18:19:22.065+09:00,nozerose,KeyEvent,51:51:0,_012___Standard_IO,Editor,/Users/nozerose/Desktop/2023학년도 1학기 수업/CB3500572-063 C++프로그래밍과실습(Prof.김태연)/실습 012 - Standard IO/main.cpp,,4,21,Changes
2023-03-02T18:19:24.139+09:00,nozerose,KeyEvent,59:59:0,_012___Standard_IO,Editor,/Users/nozerose/Desktop/2023학년도 1학기 수업/CB3500572-063 C++프로그래밍과실습(Prof.김태연)/실습 012 - Standard IO/main.cpp,,4,22,Changes
2023-03-02T18:19:24.470+09:00,nozerose,Action,EditorEnter,_012___Standard_IO,Editor,/Users/nozerose/Desktop/2023학년도 1학기 수업/CB3500572-063 C++프로그래밍과실습(Prof.김태연)/실습 012 - Standard IO/main.cpp,,4,23,Changes
2023-03-02T18:19:24.478+09:00,nozerose,KeyEvent,10:10:0,_012___Standard_IO,Editor,/Users/nozerose/Desktop/2023학년도 1학기 수업/CB3500572-063 C++프로그래밍과실습(Prof.김태연)/실습 012 - Standard IO/main.cpp,,5,2,Changes
2023-03-02T18:19:25.863+09:00,nozerose,KeyEvent,99:67:0,_012___Standard_IO,Editor,/Users/nozerose/Desktop/2023학년도 1학기 수업/CB3500572-063 C++프로그래밍과실습(Prof.김태연)/실습 012 - Standard IO/main.cpp,,5,2,Changes
2023-03-02T18:19:26.005+09:00,nozerose,KeyEvent,105:73:0,_012___Standard_IO,Editor,/Users/nozerose/Desktop/2023학년도 1학기 수업/CB3500572-063 C++프로그래밍과실습(Prof.김태연)/실습 012 - Standard IO/main.cpp,,5,3,Changes
2023-03-02T18:19:26.102+09:00,nozerose,KeyEvent,110:78:0,_012___Standard_IO,Editor,/Users/nozerose/Desktop/2023학년도 1학기 수업/CB3500572-063 C++프로그래밍과실습(Prof.김태연)/실습 012 - Standard IO/main.cpp,,5,4,Changes
2023-03-02T18:19:26.452+09:00,nozerose,KeyEvent,32:32:0,_012___Standard_IO,Editor,/Users/nozerose/Desktop/2023학년도 1학기 수업/CB3500572-063 C++프로그래밍과실습(Prof.김태연)/실습 012 - Standard IO/main.cpp,,5,5,Changes
2023-03-02T18:19:26.920+09:00,nozerose,KeyEvent,65535:16:1,_012___Standard_IO,Editor,/Users/nozerose/Desktop/2023학년도 1학기 수업/CB3500572-063 C++프로그래밍과실습(Prof.김태연)/실습 012 - Standard IO/main.cpp,,5,6,Changes
2023-03-02T18:19:27.069+09:00,nozerose,KeyEvent,62:46:1,_012___Standard_IO,Editor,/Users/nozerose/Desktop/2023학년도 1학기 수업/CB3500572-063 C++프로그래밍과실습(Prof.김태연)/실습 012 - Standard IO/main.cpp,,5,6,Changes
2023-03-02T18:19:27.224+09:00,nozerose,KeyEvent,62:46:1,_012___Standard_IO,Editor,/Users/nozerose/Desktop/2023학년도 1학기 수업/CB3500572-063 C++프로그래밍과실습(Prof.김태연)/실습 012 - Standard IO/main.cpp,,5,7,Changes
2023-03-02T18:19:27.421+09:00,nozerose,KeyEvent,32:32:0,_012___Standard_IO,Editor,/Users/nozerose/Desktop/2023학년도 1학기 수업/CB3500572-063 C++프로그래밍과실습(Prof.김태연)/실습 012 - Standard IO/main.cpp,,5,8,Changes
2023-03-02T18:19:27.670+09:00,nozerose,KeyEvent,110:78:0,_012___Standard_IO,Editor,/Users/nozerose/Desktop/2023학년도 1학기 수업/CB3500572-063 C++프로그래밍과실습(Prof.김태연)/실습 012 - Standard IO/main.cpp,,5,9,Changes
2023-03-02T18:19:27.886+09:00,nozerose,KeyEvent,117:85:0,_012___Standard_IO,Editor,/Users/nozerose/Desktop/2023학년도 1학기 수업/CB3500572-063 C++프로그래밍과실습(Prof.김태연)/실습 012 - Standard IO/main.cpp,,5,10,Changes
2023-03-02T18:19:28.084+09:00,nozerose,KeyEvent,109:77:0,_012___Standard_IO,Editor,/Users/nozerose/Desktop/2023학년도 1학기 수업/CB3500572-063 C++프로그래밍과실습(Prof.김태연)/실습 012 - Standard IO/main.cpp,,5,11,Changes
2023-03-02T18:19:28.220+09:00,nozerose,KeyEvent,49:49:0,_012___Standard_IO,Editor,/Users/nozerose/Desktop/2023학년도 1학기 수업/CB3500572-063 C++프로그래밍과실습(Prof.김태연)/실습 012 - Standard IO/main.cpp,,5,12,Changes
2023-03-02T18:19:28.540+09:00,nozerose,KeyEvent,32:32:0,_012___Standard_IO,Editor,/Users/nozerose/Desktop/2023학년도 1학기 수업/CB3500572-063 C++프로그래밍과실습(Prof.김태연)/실습 012 - Standard IO/main.cpp,,5,13,Changes
2023-03-02T18:19:28.662+09:00,nozerose,KeyEvent,65535:16:1,_012___Standard_IO,Editor,/Users/nozerose/Desktop/2023학년도 1학기 수업/CB3500572-063 C++프로그래밍과실습(Prof.김태연)/실습 012 - Standard IO/main.cpp,,5,14,Changes
2023-03-02T18:19:28.805+09:00,nozerose,KeyEvent,62:46:1,_012___Standard_IO,Editor,/Users/nozerose/Desktop/2023학년도 1학기 수업/CB3500572-063 C++프로그래밍과실습(Prof.김태연)/실습 012 - Standard IO/main.cpp,,5,14,Changes
2023-03-02T18:19:28.954+09:00,nozerose,KeyEvent,62:46:1,_012___Standard_IO,Editor,/Users/nozerose/Desktop/2023학년도 1학기 수업/CB3500572-063 C++프로그래밍과실습(Prof.김태연)/실습 012 - Standard IO/main.cpp,,5,15,Changes
2023-03-02T18:19:29.111+09:00,nozerose,KeyEvent,32:32:0,_012___Standard_IO,Editor,/Users/nozerose/Desktop/2023학년도 1학기 수업/CB3500572-063 C++프로그래밍과실습(Prof.김태연)/실습 012 - Standard IO/main.cpp,,5,16,Changes
2023-03-02T18:19:29.398+09:00,nozerose,KeyEvent,110:78:0,_012___Standard_IO,Editor,/Users/nozerose/Desktop/2023학년도 1학기 수업/CB3500572-063 C++프로그래밍과실습(Prof.김태연)/실습 012 - Standard IO/main.cpp,,5,17,Changes
2023-03-02T18:19:29.613+09:00,nozerose,KeyEvent,117:85:0,_012___Standard_IO,Editor,/Users/nozerose/Desktop/2023학년도 1학기 수업/CB3500572-063 C++프로그래밍과실습(Prof.김태연)/실습 012 - Standard IO/main.cpp,,5,18,Changes
2023-03-02T18:19:29.794+09:00,nozerose,KeyEvent,109:77:0,_012___Standard_IO,Editor,/Users/nozerose/Desktop/2023학년도 1학기 수업/CB3500572-063 C++프로그래밍과실습(Prof.김태연)/실습 012 - Standard IO/main.cpp,,5,19,Changes
2023-03-02T18:19:29.893+09:00,nozerose,KeyEvent,50:50:0,_012___Standard_IO,Editor,/Users/nozerose/Desktop/2023학년도 1학기 수업/CB3500572-063 C++프로그래밍과실습(Prof.김태연)/실습 012 - Standard IO/main.cpp,,5,20,Changes
2023-03-02T18:19:30.037+09:00,nozerose,KeyEvent,32:32:0,_012___Standard_IO,Editor,/Users/nozerose/Desktop/2023학년도 1학기 수업/CB3500572-063 C++프로그래밍과실습(Prof.김태연)/실습 012 - Standard IO/main.cpp,,5,21,Changes
2023-03-02T18:19:30.170+09:00,nozerose,KeyEvent,65535:16:1,_012___Standard_IO,Editor,/Users/nozerose/Desktop/2023학년도 1학기 수업/CB3500572-063 C++프로그래밍과실습(Prof.김태연)/실습 012 - Standard IO/main.cpp,,5,22,Changes
2023-03-02T18:19:30.434+09:00,nozerose,KeyEvent,62:46:1,_012___Standard_IO,Editor,/Users/nozerose/Desktop/2023학년도 1학기 수업/CB3500572-063 C++프로그래밍과실습(Prof.김태연)/실습 012 - Standard IO/main.cpp,,5,22,Changes
2023-03-02T18:19:30.552+09:00,nozerose,KeyEvent,62:46:1,_012___Standard_IO,Editor,/Users/nozerose/Desktop/2023학년도 1학기 수업/CB3500572-063 C++프로그래밍과실습(Prof.김태연)/실습 012 - Standard IO/main.cpp,,5,23,Changes
2023-03-02T18:19:30.737+09:00,nozerose,KeyEvent,32:32:0,_012___Standard_IO,Editor,/Users/nozerose/Desktop/2023학년도 1학기 수업/CB3500572-063 C++프로그래밍과실습(Prof.김태연)/실습 012 - Standard IO/main.cpp,,5,24,Changes
2023-03-02T18:19:30.915+09:00,nozerose,KeyEvent,110:78:0,_012___Standard_IO,Editor,/Users/nozerose/Desktop/2023학년도 1학기 수업/CB3500572-063 C++프로그래밍과실습(Prof.김태연)/실습 012 - Standard IO/main.cpp,,5,25,Changes
2023-03-02T18:19:31.113+09:00,nozerose,KeyEvent,117:85:0,_012___Standard_IO,Editor,/Users/nozerose/Desktop/2023학년도 1학기 수업/CB3500572-063 C++프로그래밍과실습(Prof.김태연)/실습 012 - Standard IO/main.cpp,,5,26,Changes
2023-03-02T18:19:31.297+09:00,nozerose,KeyEvent,109:77:0,_012___Standard_IO,Editor,/Users/nozerose/Desktop/2023학년도 1학기 수업/CB3500572-063 C++프로그래밍과실습(Prof.김태연)/실습 012 - Standard IO/main.cpp,,5,27,Changes
2023-03-02T18:19:31.385+09:00,nozerose,KeyEvent,51:51:0,_012___Standard_IO,Editor,/Users/nozerose/Desktop/2023학년도 1학기 수업/CB3500572-063 C++프로그래밍과실습(Prof.김태연)/실습 012 - Standard IO/main.cpp,,5,28,Changes
2023-03-02T18:19:31.858+09:00,nozerose,KeyEvent,59:59:0,_012___Standard_IO,Editor,/Users/nozerose/Desktop/2023학년도 1학기 수업/CB3500572-063 C++프로그래밍과실습(Prof.김태연)/실습 012 - Standard IO/main.cpp,,5,29,Changes
2023-03-02T18:19:32.061+09:00,nozerose,Action,EditorEnter,_012___Standard_IO,Editor,/Users/nozerose/Desktop/2023학년도 1학기 수업/CB3500572-063 C++프로그래밍과실습(Prof.김태연)/실습 012 - Standard IO/main.cpp,,5,30,Changes
2023-03-02T18:19:32.069+09:00,nozerose,KeyEvent,10:10:0,_012___Standard_IO,Editor,/Users/nozerose/Desktop/2023학년도 1학기 수업/CB3500572-063 C++프로그래밍과실습(Prof.김태연)/실습 012 - Standard IO/main.cpp,,6,2,Changes
2023-03-02T18:19:32.404+09:00,nozerose,Action,EditorEnter,_012___Standard_IO,Editor,/Users/nozerose/Desktop/2023학년도 1학기 수업/CB3500572-063 C++프로그래밍과실습(Prof.김태연)/실습 012 - Standard IO/main.cpp,,6,2,Changes
2023-03-02T18:19:32.416+09:00,nozerose,KeyEvent,10:10:0,_012___Standard_IO,Editor,/Users/nozerose/Desktop/2023학년도 1학기 수업/CB3500572-063 C++프로그래밍과실습(Prof.김태연)/실습 012 - Standard IO/main.cpp,,7,2,Changes
2023-03-02T18:19:38.775+09:00,nozerose,KeyEvent,99:67:0,_012___Standard_IO,Editor,/Users/nozerose/Desktop/2023학년도 1학기 수업/CB3500572-063 C++프로그래밍과실습(Prof.김태연)/실습 012 - Standard IO/main.cpp,,7,2,Changes
2023-03-02T18:19:38.951+09:00,nozerose,KeyEvent,111:79:0,_012___Standard_IO,Editor,/Users/nozerose/Desktop/2023학년도 1학기 수업/CB3500572-063 C++프로그래밍과실습(Prof.김태연)/실습 012 - Standard IO/main.cpp,,7,3,Changes
2023-03-02T18:19:39.107+09:00,nozerose,KeyEvent,117:85:0,_012___Standard_IO,Editor,/Users/nozerose/Desktop/2023학년도 1학기 수업/CB3500572-063 C++프로그래밍과실습(Prof.김태연)/실습 012 - Standard IO/main.cpp,,7,4,Changes
2023-03-02T18:19:39.226+09:00,nozerose,KeyEvent,116:84:0,_012___Standard_IO,Editor,/Users/nozerose/Desktop/2023학년도 1학기 수업/CB3500572-063 C++프로그래밍과실습(Prof.김태연)/실습 012 - Standard IO/main.cpp,,7,5,Changes
2023-03-02T18:19:39.359+09:00,nozerose,KeyEvent,32:32:0,_012___Standard_IO,Editor,/Users/nozerose/Desktop/2023학년도 1학기 수업/CB3500572-063 C++프로그래밍과실습(Prof.김태연)/실습 012 - Standard IO/main.cpp,,7,6,Changes
2023-03-02T18:19:39.655+09:00,nozerose,KeyEvent,65535:16:1,_012___Standard_IO,Editor,/Users/nozerose/Desktop/2023학년도 1학기 수업/CB3500572-063 C++프로그래밍과실습(Prof.김태연)/실습 012 - Standard IO/main.cpp,,7,7,Changes
2023-03-02T18:19:39.840+09:00,nozerose,KeyEvent,60:153:1,_012___Standard_IO,Editor,/Users/nozerose/Desktop/2023학년도 1학기 수업/CB3500572-063 C++프로그래밍과실습(Prof.김태연)/실습 012 - Standard IO/main.cpp,,7,7,Changes
2023-03-02T18:19:39.969+09:00,nozerose,KeyEvent,60:153:1,_012___Standard_IO,Editor,/Users/nozerose/Desktop/2023학년도 1학기 수업/CB3500572-063 C++프로그래밍과실습(Prof.김태연)/실습 012 - Standard IO/main.cpp,,7,8,Changes
2023-03-02T18:19:40.149+09:00,nozerose,KeyEvent,32:32:0,_012___Standard_IO,Editor,/Users/nozerose/Desktop/2023학년도 1학기 수업/CB3500572-063 C++프로그래밍과실습(Prof.김태연)/실습 012 - Standard IO/main.cpp,,7,9,Changes
2023-03-02T18:19:40.359+09:00,nozerose,KeyEvent,110:78:0,_012___Standard_IO,Editor,/Users/nozerose/Desktop/2023학년도 1학기 수업/CB3500572-063 C++프로그래밍과실습(Prof.김태연)/실습 012 - Standard IO/main.cpp,,7,10,Changes
2023-03-02T18:19:40.567+09:00,nozerose,KeyEvent,117:85:0,_012___Standard_IO,Editor,/Users/nozerose/Desktop/2023학년도 1학기 수업/CB3500572-063 C++프로그래밍과실습(Prof.김태연)/실습 012 - Standard IO/main.cpp,,7,11,Changes
2023-03-02T18:19:40.750+09:00,nozerose,KeyEvent,109:77:0,_012___Standard_IO,Editor,/Users/nozerose/Desktop/2023학년도 1학기 수업/CB3500572-063 C++프로그래밍과실습(Prof.김태연)/실습 012 - Standard IO/main.cpp,,7,12,Changes
2023-03-02T18:19:40.880+09:00,nozerose,KeyEvent,49:49:0,_012___Standard_IO,Editor,/Users/nozerose/Desktop/2023학년도 1학기 수업/CB3500572-063 C++프로그래밍과실습(Prof.김태연)/실습 012 - Standard IO/main.cpp,,7,13,Changes
2023-03-02T18:19:41.022+09:00,nozerose,KeyEvent,32:32:0,_012___Standard_IO,Editor,/Users/nozerose/Desktop/2023학년도 1학기 수업/CB3500572-063 C++프로그래밍과실습(Prof.김태연)/실습 012 - Standard IO/main.cpp,,7,14,Changes
2023-03-02T18:19:41.292+09:00,nozerose,KeyEvent,65535:16:1,_012___Standard_IO,Editor,/Users/nozerose/Desktop/2023학년도 1학기 수업/CB3500572-063 C++프로그래밍과실습(Prof.김태연)/실습 012 - Standard IO/main.cpp,,7,15,Changes
2023-03-02T18:19:41.471+09:00,nozerose,KeyEvent,43:521:1,_012___Standard_IO,Editor,/Users/nozerose/Desktop/2023학년도 1학기 수업/CB3500572-063 C++프로그래밍과실습(Prof.김태연)/실습 012 - Standard IO/main.cpp,,7,15,Changes
2023-03-02T18:19:41.659+09:00,nozerose,KeyEvent,32:32:0,_012___Standard_IO,Editor,/Users/nozerose/Desktop/2023학년도 1학기 수업/CB3500572-063 C++프로그래밍과실습(Prof.김태연)/실습 012 - Standard IO/main.cpp,,7,16,Changes
2023-03-02T18:19:41.987+09:00,nozerose,KeyEvent,110:78:0,_012___Standard_IO,Editor,/Users/nozerose/Desktop/2023학년도 1학기 수업/CB3500572-063 C++프로그래밍과실습(Prof.김태연)/실습 012 - Standard IO/main.cpp,,7,17,Changes
2023-03-02T18:19:42.176+09:00,nozerose,KeyEvent,117:85:0,_012___Standard_IO,Editor,/Users/nozerose/Desktop/2023학년도 1학기 수업/CB3500572-063 C++프로그래밍과실습(Prof.김태연)/실습 012 - Standard IO/main.cpp,,7,18,Changes
2023-03-02T18:19:42.364+09:00,nozerose,KeyEvent,109:77:0,_012___Standard_IO,Editor,/Users/nozerose/Desktop/2023학년도 1학기 수업/CB3500572-063 C++프로그래밍과실습(Prof.김태연)/실습 012 - Standard IO/main.cpp,,7,19,Changes
2023-03-02T18:19:42.484+09:00,nozerose,KeyEvent,50:50:0,_012___Standard_IO,Editor,/Users/nozerose/Desktop/2023학년도 1학기 수업/CB3500572-063 C++프로그래밍과실습(Prof.김태연)/실습 012 - Standard IO/main.cpp,,7,20,Changes
2023-03-02T18:19:42.647+09:00,nozerose,KeyEvent,32:32:0,_012___Standard_IO,Editor,/Users/nozerose/Desktop/2023학년도 1학기 수업/CB3500572-063 C++프로그래밍과실습(Prof.김태연)/실습 012 - Standard IO/main.cpp,,7,21,Changes
2023-03-02T18:19:42.953+09:00,nozerose,KeyEvent,65535:16:1,_012___Standard_IO,Editor,/Users/nozerose/Desktop/2023학년도 1학기 수업/CB3500572-063 C++프로그래밍과실습(Prof.김태연)/실습 012 - Standard IO/main.cpp,,7,22,Changes
2023-03-02T18:19:43.127+09:00,nozerose,KeyEvent,43:521:1,_012___Standard_IO,Editor,/Users/nozerose/Desktop/2023학년도 1학기 수업/CB3500572-063 C++프로그래밍과실습(Prof.김태연)/실습 012 - Standard IO/main.cpp,,7,22,Changes
2023-03-02T18:19:43.310+09:00,nozerose,KeyEvent,32:32:0,_012___Standard_IO,Editor,/Users/nozerose/Desktop/2023학년도 1학기 수업/CB3500572-063 C++프로그래밍과실습(Prof.김태연)/실습 012 - Standard IO/main.cpp,,7,23,Changes
2023-03-02T18:19:43.545+09:00,nozerose,KeyEvent,110:78:0,_012___Standard_IO,Editor,/Users/nozerose/Desktop/2023학년도 1학기 수업/CB3500572-063 C++프로그래밍과실습(Prof.김태연)/실습 012 - Standard IO/main.cpp,,7,24,Changes
2023-03-02T18:19:43.737+09:00,nozerose,KeyEvent,117:85:0,_012___Standard_IO,Editor,/Users/nozerose/Desktop/2023학년도 1학기 수업/CB3500572-063 C++프로그래밍과실습(Prof.김태연)/실습 012 - Standard IO/main.cpp,,7,25,Changes
2023-03-02T18:19:43.936+09:00,nozerose,KeyEvent,109:77:0,_012___Standard_IO,Editor,/Users/nozerose/Desktop/2023학년도 1학기 수업/CB3500572-063 C++프로그래밍과실습(Prof.김태연)/실습 012 - Standard IO/main.cpp,,7,26,Changes
2023-03-02T18:19:44.008+09:00,nozerose,KeyEvent,51:51:0,_012___Standard_IO,Editor,/Users/nozerose/Desktop/2023학년도 1학기 수업/CB3500572-063 C++프로그래밍과실습(Prof.김태연)/실습 012 - Standard IO/main.cpp,,7,27,Changes
2023-03-02T18:19:44.458+09:00,nozerose,KeyEvent,59:59:0,_012___Standard_IO,Editor,/Users/nozerose/Desktop/2023학년도 1학기 수업/CB3500572-063 C++프로그래밍과실습(Prof.김태연)/실습 012 - Standard IO/main.cpp,,7,28,Changes
2023-03-02T18:19:46.926+09:00,nozerose,Action,EditorEnter,_012___Standard_IO,Editor,/Users/nozerose/Desktop/2023학년도 1학기 수업/CB3500572-063 C++프로그래밍과실습(Prof.김태연)/실습 012 - Standard IO/main.cpp,,7,29,Changes
2023-03-02T18:19:46.934+09:00,nozerose,KeyEvent,10:10:0,_012___Standard_IO,Editor,/Users/nozerose/Desktop/2023학년도 1학기 수업/CB3500572-063 C++프로그래밍과실습(Prof.김태연)/실습 012 - Standard IO/main.cpp,,8,2,Changes
2023-03-02T18:19:48.038+09:00,nozerose,KeyEvent,114:82:0,_012___Standard_IO,Editor,/Users/nozerose/Desktop/2023학년도 1학기 수업/CB3500572-063 C++프로그래밍과실습(Prof.김태연)/실습 012 - Standard IO/main.cpp,,8,2,Changes
2023-03-02T18:19:48.157+09:00,nozerose,KeyEvent,101:69:0,_012___Standard_IO,Editor,/Users/nozerose/Desktop/2023학년도 1학기 수업/CB3500572-063 C++프로그래밍과실습(Prof.김태연)/실습 012 - Standard IO/main.cpp,,8,3,Changes
2023-03-02T18:19:48.337+09:00,nozerose,KeyEvent,116:84:0,_012___Standard_IO,Editor,/Users/nozerose/Desktop/2023학년도 1학기 수업/CB3500572-063 C++프로그래밍과실습(Prof.김태연)/실습 012 - Standard IO/main.cpp,,8,4,Changes
2023-03-02T18:19:48.460+09:00,nozerose,KeyEvent,117:85:0,_012___Standard_IO,Editor,/Users/nozerose/Desktop/2023학년도 1학기 수업/CB3500572-063 C++프로그래밍과실습(Prof.김태연)/실습 012 - Standard IO/main.cpp,,8,5,Changes
2023-03-02T18:19:48.508+09:00,nozerose,KeyEvent,114:82:0,_012___Standard_IO,Editor,/Users/nozerose/Desktop/2023학년도 1학기 수업/CB3500572-063 C++프로그래밍과실습(Prof.김태연)/실습 012 - Standard IO/main.cpp,,8,6,Changes
2023-03-02T18:19:48.655+09:00,nozerose,KeyEvent,110:78:0,_012___Standard_IO,Editor,/Users/nozerose/Desktop/2023학년도 1학기 수업/CB3500572-063 C++프로그래밍과실습(Prof.김태연)/실습 012 - Standard IO/main.cpp,,8,7,Changes
2023-03-02T18:19:48.812+09:00,nozerose,KeyEvent,32:32:0,_012___Standard_IO,Editor,/Users/nozerose/Desktop/2023학년도 1학기 수업/CB3500572-063 C++프로그래밍과실습(Prof.김태연)/실습 012 - Standard IO/main.cpp,,8,8,Changes
2023-03-02T18:19:49.209+09:00,nozerose,KeyEvent,48:48:0,_012___Standard_IO,Editor,/Users/nozerose/Desktop/2023학년도 1학기 수업/CB3500572-063 C++프로그래밍과실습(Prof.김태연)/실습 012 - Standard IO/main.cpp,,8,9,Changes
2023-03-02T18:19:49.499+09:00,nozerose,KeyEvent,59:59:0,_012___Standard_IO,Editor,/Users/nozerose/Desktop/2023학년도 1학기 수업/CB3500572-063 C++프로그래밍과실습(Prof.김태연)/실습 012 - Standard IO/main.cpp,,8,10,Changes
2023-03-02T18:19:51.800+09:00,nozerose,Action,Run,_012___Standard_IO,Editor,/Users/nozerose/Desktop/2023학년도 1학기 수업/CB3500572-063 C++프로그래밍과실습(Prof.김태연)/실습 012 - Standard IO/main.cpp,,8,11,Changes
2023-03-02T18:19:52.407+09:00,nozerose,Execution,"Run:'CMake Application: _012___Standard_IO':""/Users/nozerose/Desktop/2023학년도 1학기 수업/CB3500572-063 C++프로그래밍과실습(Prof.김태연)/실습 012 - Standard IO/cmake-build-debug/_012___Standard_IO""",_012___Standard_IO,Editor,/Users/nozerose/Desktop/2023학년도 1학기 수업/CB3500572-063 C++프로그래밍과실습(Prof.김태연)/실습 012 - Standard IO/main.cpp,,8,11,Changes
2023-03-02T18:19:54.296+09:00,nozerose,KeyEvent,49:49:0,_012___Standard_IO,Editor,/Users/nozerose/Desktop/2023학년도 1학기 수업/CB3500572-063 C++프로그래밍과실습(Prof.김태연)/실습 012 - Standard IO/main.cpp,,8,11,Changes
2023-03-02T18:19:54.464+09:00,nozerose,KeyEvent,32:32:0,_012___Standard_IO,Editor,/Users/nozerose/Desktop/2023학년도 1학기 수업/CB3500572-063 C++프로그래밍과실습(Prof.김태연)/실습 012 - Standard IO/main.cpp,,8,11,Changes
2023-03-02T18:19:54.591+09:00,nozerose,KeyEvent,50:50:0,_012___Standard_IO,Editor,/Users/nozerose/Desktop/2023학년도 1학기 수업/CB3500572-063 C++프로그래밍과실습(Prof.김태연)/실습 012 - Standard IO/main.cpp,,8,11,Changes
2023-03-02T18:19:54.734+09:00,nozerose,KeyEvent,32:32:0,_012___Standard_IO,Editor,/Users/nozerose/Desktop/2023학년도 1학기 수업/CB3500572-063 C++프로그래밍과실습(Prof.김태연)/실습 012 - Standard IO/main.cpp,,8,11,Changes
2023-03-02T18:19:54.845+09:00,nozerose,KeyEvent,51:51:0,_012___Standard_IO,Editor,/Users/nozerose/Desktop/2023학년도 1학기 수업/CB3500572-063 C++프로그래밍과실습(Prof.김태연)/실습 012 - Standard IO/main.cpp,,8,11,Changes
2023-03-02T18:19:55.117+09:00,nozerose,KeyEvent,10:10:0,_012___Standard_IO,Editor,/Users/nozerose/Desktop/2023학년도 1학기 수업/CB3500572-063 C++프로그래밍과실습(Prof.김태연)/실습 012 - Standard IO/main.cpp,,8,11,Changes
2023-03-02T18:19:57.437+09:00,nozerose,Action,Run,_012___Standard_IO,Editor,/Users/nozerose/Desktop/2023학년도 1학기 수업/CB3500572-063 C++프로그래밍과실습(Prof.김태연)/실습 012 - Standard IO/main.cpp,,8,11,Changes
2023-03-02T18:19:57.696+09:00,nozerose,Execution,"Run:'CMake Application: _012___Standard_IO':""/Users/nozerose/Desktop/2023학년도 1학기 수업/CB3500572-063 C++프로그래밍과실습(Prof.김태연)/실습 012 - Standard IO/cmake-build-debug/_012___Standard_IO""",_012___Standard_IO,Editor,/Users/nozerose/Desktop/2023학년도 1학기 수업/CB3500572-063 C++프로그래밍과실습(Prof.김태연)/실습 012 - Standard IO/main.cpp,,8,11,Changes
2023-03-02T18:19:59.125+09:00,nozerose,KeyEvent,49:49:0,_012___Standard_IO,Editor,/Users/nozerose/Desktop/2023학년도 1학기 수업/CB3500572-063 C++프로그래밍과실습(Prof.김태연)/실습 012 - Standard IO/main.cpp,,8,11,Changes
2023-03-02T18:19:59.265+09:00,nozerose,KeyEvent,48:48:0,_012___Standard_IO,Editor,/Users/nozerose/Desktop/2023학년도 1학기 수업/CB3500572-063 C++프로그래밍과실습(Prof.김태연)/실습 012 - Standard IO/main.cpp,,8,11,Changes
2023-03-02T18:19:59.390+09:00,nozerose,KeyEvent,32:32:0,_012___Standard_IO,Editor,/Users/nozerose/Desktop/2023학년도 1학기 수업/CB3500572-063 C++프로그래밍과실습(Prof.김태연)/실습 012 - Standard IO/main.cpp,,8,11,Changes
2023-03-02T18:19:59.525+09:00,nozerose,KeyEvent,50:50:0,_012___Standard_IO,Editor,/Users/nozerose/Desktop/2023학년도 1학기 수업/CB3500572-063 C++프로그래밍과실습(Prof.김태연)/실습 012 - Standard IO/main.cpp,,8,11,Changes
2023-03-02T18:19:59.628+09:00,nozerose,KeyEvent,48:48:0,_012___Standard_IO,Editor,/Users/nozerose/Desktop/2023학년도 1학기 수업/CB3500572-063 C++프로그래밍과실습(Prof.김태연)/실습 012 - Standard IO/main.cpp,,8,11,Changes
2023-03-02T18:19:59.759+09:00,nozerose,KeyEvent,32:32:0,_012___Standard_IO,Editor,/Users/nozerose/Desktop/2023학년도 1학기 수업/CB3500572-063 C++프로그래밍과실습(Prof.김태연)/실습 012 - Standard IO/main.cpp,,8,11,Changes
2023-03-02T18:19:59.870+09:00,nozerose,KeyEvent,51:51:0,_012___Standard_IO,Editor,/Users/nozerose/Desktop/2023학년도 1학기 수업/CB3500572-063 C++프로그래밍과실습(Prof.김태연)/실습 012 - Standard IO/main.cpp,,8,11,Changes
2023-03-02T18:19:59.991+09:00,nozerose,KeyEvent,48:48:0,_012___Standard_IO,Editor,/Users/nozerose/Desktop/2023학년도 1학기 수업/CB3500572-063 C++프로그래밍과실습(Prof.김태연)/실습 012 - Standard IO/main.cpp,,8,11,Changes
2023-03-02T18:20:00.379+09:00,nozerose,KeyEvent,10:10:0,_012___Standard_IO,Editor,/Users/nozerose/Desktop/2023학년도 1학기 수업/CB3500572-063 C++프로그래밍과실습(Prof.김태연)/실습 012 - Standard IO/main.cpp,,8,11,Changes
2023-03-02T18:20:02.107+09:00,nozerose,Action,Run,_012___Standard_IO,Editor,/Users/nozerose/Desktop/2023학년도 1학기 수업/CB3500572-063 C++프로그래밍과실습(Prof.김태연)/실습 012 - Standard IO/main.cpp,,8,11,Changes
2023-03-02T18:20:02.379+09:00,nozerose,Execution,"Run:'CMake Application: _012___Standard_IO':""/Users/nozerose/Desktop/2023학년도 1학기 수업/CB3500572-063 C++프로그래밍과실습(Prof.김태연)/실습 012 - Standard IO/cmake-build-debug/_012___Standard_IO""",_012___Standard_IO,Editor,/Users/nozerose/Desktop/2023학년도 1학기 수업/CB3500572-063 C++프로그래밍과실습(Prof.김태연)/실습 012 - Standard IO/main.cpp,,8,11,Changes
2023-03-02T18:20:04.391+09:00,nozerose,KeyEvent,53:53:0,_012___Standard_IO,Editor,/Users/nozerose/Desktop/2023학년도 1학기 수업/CB3500572-063 C++프로그래밍과실습(Prof.김태연)/실습 012 - Standard IO/main.cpp,,8,11,Changes
2023-03-02T18:20:04.570+09:00,nozerose,KeyEvent,32:32:0,_012___Standard_IO,Editor,/Users/nozerose/Desktop/2023학년도 1학기 수업/CB3500572-063 C++프로그래밍과실습(Prof.김태연)/실습 012 - Standard IO/main.cpp,,8,11,Changes
2023-03-02T18:20:04.770+09:00,nozerose,KeyEvent,55:55:0,_012___Standard_IO,Editor,/Users/nozerose/Desktop/2023학년도 1학기 수업/CB3500572-063 C++프로그래밍과실습(Prof.김태연)/실습 012 - Standard IO/main.cpp,,8,11,Changes
2023-03-02T18:20:04.907+09:00,nozerose,KeyEvent,32:32:0,_012___Standard_IO,Editor,/Users/nozerose/Desktop/2023학년도 1학기 수업/CB3500572-063 C++프로그래밍과실습(Prof.김태연)/실습 012 - Standard IO/main.cpp,,8,11,Changes
2023-03-02T18:20:05.036+09:00,nozerose,KeyEvent,57:57:0,_012___Standard_IO,Editor,/Users/nozerose/Desktop/2023학년도 1학기 수업/CB3500572-063 C++프로그래밍과실습(Prof.김태연)/실습 012 - Standard IO/main.cpp,,8,11,Changes
2023-03-02T18:20:05.486+09:00,nozerose,KeyEvent,10:10:0,_012___Standard_IO,Editor,/Users/nozerose/Desktop/2023학년도 1학기 수업/CB3500572-063 C++프로그래밍과실습(Prof.김태연)/실습 012 - Standard IO/main.cpp,,8,11,Changes
2023-03-02T18:20:09.283+09:00,nozerose,Action,Start/Stop Activity Tracking,,,,,-1,-1,
