2023-03-21T17:20:52.998+09:00,nozerose,Action,Clear Tracking Log,,,,,-1,-1,
2023-03-21T17:26:51.959+09:00,nozerose,Action,EditorEnter,_042___const_,Editor,/Users/nozerose/Desktop/2023학년도 1학기 수업/CB3500572-063 C++프로그래밍과실습(Prof.김태연)/실습/실습 042 - const 파라미터/const_print.cpp,,0,19,Changes
2023-03-21T17:26:51.998+09:00,nozerose,KeyEvent,10:10:0,_042___const_,Editor,/Users/nozerose/Desktop/2023학년도 1학기 수업/CB3500572-063 C++프로그래밍과실습(Prof.김태연)/실습/실습 042 - const 파라미터/const_print.cpp,,1,0,Changes
2023-03-21T17:26:52.777+09:00,nozerose,KeyEvent,117:85:0,_042___const_,Editor,/Users/nozerose/Desktop/2023학년도 1학기 수업/CB3500572-063 C++프로그래밍과실습(Prof.김태연)/실습/실습 042 - const 파라미터/const_print.cpp,,1,0,Changes
2023-03-21T17:26:53.368+09:00,nozerose,KeyEvent,115:83:0,_042___const_,Editor,/Users/nozerose/Desktop/2023학년도 1학기 수업/CB3500572-063 C++프로그래밍과실습(Prof.김태연)/실습/실습 042 - const 파라미터/const_print.cpp,,1,1,Changes
2023-03-21T17:26:53.456+09:00,nozerose,KeyEvent,105:73:0,_042___const_,Editor,/Users/nozerose/Desktop/2023학년도 1학기 수업/CB3500572-063 C++프로그래밍과실습(Prof.김태연)/실습/실습 042 - const 파라미터/const_print.cpp,,1,2,Changes
2023-03-21T17:26:53.595+09:00,nozerose,KeyEvent,110:78:0,_042___const_,Editor,/Users/nozerose/Desktop/2023학년도 1학기 수업/CB3500572-063 C++프로그래밍과실습(Prof.김태연)/실습/실습 042 - const 파라미터/const_print.cpp,,1,3,Changes
2023-03-21T17:26:53.744+09:00,nozerose,KeyEvent,103:71:0,_042___const_,Editor,/Users/nozerose/Desktop/2023학년도 1학기 수업/CB3500572-063 C++프로그래밍과실습(Prof.김태연)/실습/실습 042 - const 파라미터/const_print.cpp,,1,4,Changes
2023-03-21T17:26:53.922+09:00,nozerose,KeyEvent,32:32:0,_042___const_,Editor,/Users/nozerose/Desktop/2023학년도 1학기 수업/CB3500572-063 C++프로그래밍과실습(Prof.김태연)/실습/실습 042 - const 파라미터/const_print.cpp,,1,5,Changes
2023-03-21T17:26:54.098+09:00,nozerose,KeyEvent,110:78:0,_042___const_,Editor,/Users/nozerose/Desktop/2023학년도 1학기 수업/CB3500572-063 C++프로그래밍과실습(Prof.김태연)/실습/실습 042 - const 파라미터/const_print.cpp,,1,6,Changes
2023-03-21T17:26:54.240+09:00,nozerose,KeyEvent,97:65:0,_042___const_,Editor,/Users/nozerose/Desktop/2023학년도 1학기 수업/CB3500572-063 C++프로그래밍과실습(Prof.김태연)/실습/실습 042 - const 파라미터/const_print.cpp,,1,7,Changes
2023-03-21T17:26:54.307+09:00,nozerose,KeyEvent,109:77:0,_042___const_,Editor,/Users/nozerose/Desktop/2023학년도 1학기 수업/CB3500572-063 C++프로그래밍과실습(Prof.김태연)/실습/실습 042 - const 파라미터/const_print.cpp,,1,8,Changes
2023-03-21T17:26:54.431+09:00,nozerose,KeyEvent,101:69:0,_042___const_,Editor,/Users/nozerose/Desktop/2023학년도 1학기 수업/CB3500572-063 C++프로그래밍과실습(Prof.김태연)/실습/실습 042 - const 파라미터/const_print.cpp,,1,9,Changes
2023-03-21T17:26:54.616+09:00,nozerose,KeyEvent,115:83:0,_042___const_,Editor,/Users/nozerose/Desktop/2023학년도 1학기 수업/CB3500572-063 C++프로그래밍과실습(Prof.김태연)/실습/실습 042 - const 파라미터/const_print.cpp,,1,10,Changes
2023-03-21T17:26:54.708+09:00,nozerose,KeyEvent,112:80:0,_042___const_,Editor,/Users/nozerose/Desktop/2023학년도 1학기 수업/CB3500572-063 C++프로그래밍과실습(Prof.김태연)/실습/실습 042 - const 파라미터/const_print.cpp,,1,11,Changes
2023-03-21T17:26:54.813+09:00,nozerose,KeyEvent,97:65:0,_042___const_,Editor,/Users/nozerose/Desktop/2023학년도 1학기 수업/CB3500572-063 C++프로그래밍과실습(Prof.김태연)/실습/실습 042 - const 파라미터/const_print.cpp,,1,12,Changes
2023-03-21T17:26:55.025+09:00,nozerose,KeyEvent,99:67:0,_042___const_,Editor,/Users/nozerose/Desktop/2023학년도 1학기 수업/CB3500572-063 C++프로그래밍과실습(Prof.김태연)/실습/실습 042 - const 파라미터/const_print.cpp,,1,13,Changes
2023-03-21T17:26:55.239+09:00,nozerose,KeyEvent,101:69:0,_042___const_,Editor,/Users/nozerose/Desktop/2023학년도 1학기 수업/CB3500572-063 C++프로그래밍과실습(Prof.김태연)/실습/실습 042 - const 파라미터/const_print.cpp,,1,14,Changes
2023-03-21T17:26:55.480+09:00,nozerose,KeyEvent,32:32:0,_042___const_,Editor,/Users/nozerose/Desktop/2023학년도 1학기 수업/CB3500572-063 C++프로그래밍과실습(Prof.김태연)/실습/실습 042 - const 파라미터/const_print.cpp,,1,15,Changes
2023-03-21T17:26:55.641+09:00,nozerose,KeyEvent,115:83:0,_042___const_,Editor,/Users/nozerose/Desktop/2023학년도 1학기 수업/CB3500572-063 C++프로그래밍과실습(Prof.김태연)/실습/실습 042 - const 파라미터/const_print.cpp,,1,16,Changes
2023-03-21T17:26:55.843+09:00,nozerose,KeyEvent,116:84:0,_042___const_,Editor,/Users/nozerose/Desktop/2023학년도 1학기 수업/CB3500572-063 C++프로그래밍과실습(Prof.김태연)/실습/실습 042 - const 파라미터/const_print.cpp,,1,17,Changes
2023-03-21T17:26:56.067+09:00,nozerose,KeyEvent,100:68:0,_042___const_,Editor,/Users/nozerose/Desktop/2023학년도 1학기 수업/CB3500572-063 C++프로그래밍과실습(Prof.김태연)/실습/실습 042 - const 파라미터/const_print.cpp,,1,18,Changes
2023-03-21T17:26:56.202+09:00,nozerose,KeyEvent,59:59:0,_042___const_,Editor,/Users/nozerose/Desktop/2023학년도 1학기 수업/CB3500572-063 C++프로그래밍과실습(Prof.김태연)/실습/실습 042 - const 파라미터/const_print.cpp,,1,19,Changes
2023-03-21T17:26:57.718+09:00,nozerose,Action,EditorEnter,_042___const_,Editor,/Users/nozerose/Desktop/2023학년도 1학기 수업/CB3500572-063 C++프로그래밍과실습(Prof.김태연)/실습/실습 042 - const 파라미터/const_print.cpp,,1,20,Changes
2023-03-21T17:26:57.738+09:00,nozerose,KeyEvent,10:10:0,_042___const_,Editor,/Users/nozerose/Desktop/2023학년도 1학기 수업/CB3500572-063 C++프로그래밍과실습(Prof.김태연)/실습/실습 042 - const 파라미터/const_print.cpp,,2,0,Changes
2023-03-21T17:26:58.195+09:00,nozerose,Action,EditorEnter,_042___const_,Editor,/Users/nozerose/Desktop/2023학년도 1학기 수업/CB3500572-063 C++프로그래밍과실습(Prof.김태연)/실습/실습 042 - const 파라미터/const_print.cpp,,2,0,Changes
2023-03-21T17:26:58.201+09:00,nozerose,KeyEvent,10:10:0,_042___const_,Editor,/Users/nozerose/Desktop/2023학년도 1학기 수업/CB3500572-063 C++프로그래밍과실습(Prof.김태연)/실습/실습 042 - const 파라미터/const_print.cpp,,3,0,Changes
2023-03-21T17:26:58.449+09:00,nozerose,KeyEvent,118:86:0,_042___const_,Editor,/Users/nozerose/Desktop/2023학년도 1학기 수업/CB3500572-063 C++프로그래밍과실습(Prof.김태연)/실습/실습 042 - const 파라미터/const_print.cpp,,3,0,Changes
2023-03-21T17:26:58.573+09:00,nozerose,KeyEvent,111:79:0,_042___const_,Editor,/Users/nozerose/Desktop/2023학년도 1학기 수업/CB3500572-063 C++프로그래밍과실습(Prof.김태연)/실습/실습 042 - const 파라미터/const_print.cpp,,3,1,Changes
2023-03-21T17:26:58.708+09:00,nozerose,KeyEvent,105:73:0,_042___const_,Editor,/Users/nozerose/Desktop/2023학년도 1학기 수업/CB3500572-063 C++프로그래밍과실습(Prof.김태연)/실습/실습 042 - const 파라미터/const_print.cpp,,3,2,Changes
2023-03-21T17:26:58.801+09:00,nozerose,KeyEvent,100:68:0,_042___const_,Editor,/Users/nozerose/Desktop/2023학년도 1학기 수업/CB3500572-063 C++프로그래밍과실습(Prof.김태연)/실습/실습 042 - const 파라미터/const_print.cpp,,3,3,Changes
2023-03-21T17:26:59.558+09:00,nozerose,KeyEvent,32:32:0,_042___const_,Editor,/Users/nozerose/Desktop/2023학년도 1학기 수업/CB3500572-063 C++프로그래밍과실습(Prof.김태연)/실습/실습 042 - const 파라미터/const_print.cpp,,3,4,Changes
2023-03-21T17:26:59.893+09:00,nozerose,KeyEvent,112:80:0,_042___const_,Editor,/Users/nozerose/Desktop/2023학년도 1학기 수업/CB3500572-063 C++프로그래밍과실습(Prof.김태연)/실습/실습 042 - const 파라미터/const_print.cpp,,3,5,Changes
2023-03-21T17:27:00.133+09:00,nozerose,KeyEvent,114:82:0,_042___const_,Editor,/Users/nozerose/Desktop/2023학년도 1학기 수업/CB3500572-063 C++프로그래밍과실습(Prof.김태연)/실습/실습 042 - const 파라미터/const_print.cpp,,3,6,Changes
2023-03-21T17:27:00.173+09:00,nozerose,KeyEvent,105:73:0,_042___const_,Editor,/Users/nozerose/Desktop/2023학년도 1학기 수업/CB3500572-063 C++프로그래밍과실습(Prof.김태연)/실습/실습 042 - const 파라미터/const_print.cpp,,3,7,Changes
2023-03-21T17:27:00.336+09:00,nozerose,KeyEvent,110:78:0,_042___const_,Editor,/Users/nozerose/Desktop/2023학년도 1학기 수업/CB3500572-063 C++프로그래밍과실습(Prof.김태연)/실습/실습 042 - const 파라미터/const_print.cpp,,3,8,Changes
2023-03-21T17:27:00.465+09:00,nozerose,KeyEvent,116:84:0,_042___const_,Editor,/Users/nozerose/Desktop/2023학년도 1학기 수업/CB3500572-063 C++프로그래밍과실습(Prof.김태연)/실습/실습 042 - const 파라미터/const_print.cpp,,3,9,Changes
2023-03-21T17:27:00.743+09:00,nozerose,KeyEvent,108:76:0,_042___const_,Editor,/Users/nozerose/Desktop/2023학년도 1학기 수업/CB3500572-063 C++프로그래밍과실습(Prof.김태연)/실습/실습 042 - const 파라미터/const_print.cpp,,3,10,Changes
2023-03-21T17:27:00.990+09:00,nozerose,KeyEvent,110:78:0,_042___const_,Editor,/Users/nozerose/Desktop/2023학년도 1학기 수업/CB3500572-063 C++프로그래밍과실습(Prof.김태연)/실습/실습 042 - const 파라미터/const_print.cpp,,3,11,Changes
2023-03-21T17:27:02.003+09:00,nozerose,KeyEvent,65535:16:1,_042___const_,Editor,/Users/nozerose/Desktop/2023학년도 1학기 수업/CB3500572-063 C++프로그래밍과실습(Prof.김태연)/실습/실습 042 - const 파라미터/const_print.cpp,,3,12,Changes
2023-03-21T17:27:02.416+09:00,nozerose,KeyEvent,40:519:1,_042___const_,Editor,/Users/nozerose/Desktop/2023학년도 1학기 수업/CB3500572-063 C++프로그래밍과실습(Prof.김태연)/실습/실습 042 - const 파라미터/const_print.cpp,,3,12,Changes
2023-03-21T17:27:04.659+09:00,nozerose,KeyEvent,115:83:0,_042___const_,Editor,/Users/nozerose/Desktop/2023학년도 1학기 수업/CB3500572-063 C++프로그래밍과실습(Prof.김태연)/실습/실습 042 - const 파라미터/const_print.cpp,,3,13,Changes
2023-03-21T17:27:05.024+09:00,nozerose,KeyEvent,116:84:0,_042___const_,Editor,/Users/nozerose/Desktop/2023학년도 1학기 수업/CB3500572-063 C++프로그래밍과실습(Prof.김태연)/실습/실습 042 - const 파라미터/const_print.cpp,,3,14,Changes
2023-03-21T17:27:05.217+09:00,nozerose,KeyEvent,114:82:0,_042___const_,Editor,/Users/nozerose/Desktop/2023학년도 1학기 수업/CB3500572-063 C++프로그래밍과실습(Prof.김태연)/실습/실습 042 - const 파라미터/const_print.cpp,,3,15,Changes
2023-03-21T17:27:05.325+09:00,nozerose,KeyEvent,105:73:0,_042___const_,Editor,/Users/nozerose/Desktop/2023학년도 1학기 수업/CB3500572-063 C++프로그래밍과실습(Prof.김태연)/실습/실습 042 - const 파라미터/const_print.cpp,,3,16,Changes
2023-03-21T17:27:05.425+09:00,nozerose,KeyEvent,110:78:0,_042___const_,Editor,/Users/nozerose/Desktop/2023학년도 1학기 수업/CB3500572-063 C++프로그래밍과실습(Prof.김태연)/실습/실습 042 - const 파라미터/const_print.cpp,,3,17,Changes
2023-03-21T17:27:05.554+09:00,nozerose,KeyEvent,103:71:0,_042___const_,Editor,/Users/nozerose/Desktop/2023학년도 1학기 수업/CB3500572-063 C++프로그래밍과실습(Prof.김태연)/실습/실습 042 - const 파라미터/const_print.cpp,,3,18,Changes
2023-03-21T17:27:05.802+09:00,nozerose,KeyEvent,32:32:0,_042___const_,Editor,/Users/nozerose/Desktop/2023학년도 1학기 수업/CB3500572-063 C++프로그래밍과실습(Prof.김태연)/실습/실습 042 - const 파라미터/const_print.cpp,,3,19,Changes
2023-03-21T17:27:06.054+09:00,nozerose,KeyEvent,115:83:0,_042___const_,Editor,/Users/nozerose/Desktop/2023학년도 1학기 수업/CB3500572-063 C++프로그래밍과실습(Prof.김태연)/실습/실습 042 - const 파라미터/const_print.cpp,,3,20,Changes
2023-03-21T17:27:06.305+09:00,nozerose,KeyEvent,116:84:0,_042___const_,Editor,/Users/nozerose/Desktop/2023학년도 1학기 수업/CB3500572-063 C++프로그래밍과실습(Prof.김태연)/실습/실습 042 - const 파라미터/const_print.cpp,,3,21,Changes
2023-03-21T17:27:06.477+09:00,nozerose,KeyEvent,114:82:0,_042___const_,Editor,/Users/nozerose/Desktop/2023학년도 1학기 수업/CB3500572-063 C++프로그래밍과실습(Prof.김태연)/실습/실습 042 - const 파라미터/const_print.cpp,,3,22,Changes
2023-03-21T17:27:07.620+09:00,nozerose,Action,EditorRight,_042___const_,Editor,/Users/nozerose/Desktop/2023학년도 1학기 수업/CB3500572-063 C++프로그래밍과실습(Prof.김태연)/실습/실습 042 - const 파라미터/const_print.cpp,,3,23,Changes
2023-03-21T17:27:07.630+09:00,nozerose,KeyEvent,65535:39:0,_042___const_,Editor,/Users/nozerose/Desktop/2023학년도 1학기 수업/CB3500572-063 C++프로그래밍과실습(Prof.김태연)/실습/실습 042 - const 파라미터/const_print.cpp,,3,24,Changes
2023-03-21T17:27:08.108+09:00,nozerose,KeyEvent,59:59:0,_042___const_,Editor,/Users/nozerose/Desktop/2023학년도 1학기 수업/CB3500572-063 C++프로그래밍과실습(Prof.김태연)/실습/실습 042 - const 파라미터/const_print.cpp,,3,24,Changes
2023-03-21T17:27:08.376+09:00,nozerose,Action,EditorEnter,_042___const_,Editor,/Users/nozerose/Desktop/2023학년도 1학기 수업/CB3500572-063 C++프로그래밍과실습(Prof.김태연)/실습/실습 042 - const 파라미터/const_print.cpp,,3,25,Changes
2023-03-21T17:27:08.380+09:00,nozerose,KeyEvent,10:10:0,_042___const_,Editor,/Users/nozerose/Desktop/2023학년도 1학기 수업/CB3500572-063 C++프로그래밍과실습(Prof.김태연)/실습/실습 042 - const 파라미터/const_print.cpp,,4,0,Changes
2023-03-21T17:27:10.577+09:00,nozerose,Action,EditorDown,_042___const_,Editor,/Users/nozerose/Desktop/2023학년도 1학기 수업/CB3500572-063 C++프로그래밍과실습(Prof.김태연)/실습/실습 042 - const 파라미터/const_print.cpp,,4,0,Changes
2023-03-21T17:27:10.581+09:00,nozerose,KeyEvent,65535:40:0,_042___const_,Editor,/Users/nozerose/Desktop/2023학년도 1학기 수업/CB3500572-063 C++프로그래밍과실습(Prof.김태연)/실습/실습 042 - const 파라미터/const_print.cpp,,5,0,Changes
2023-03-21T17:27:10.708+09:00,nozerose,Action,EditorBackSpace,_042___const_,Editor,/Users/nozerose/Desktop/2023학년도 1학기 수업/CB3500572-063 C++프로그래밍과실습(Prof.김태연)/실습/실습 042 - const 파라미터/const_print.cpp,,5,0,Changes
2023-03-21T17:27:10.722+09:00,nozerose,KeyEvent,8:8:0,_042___const_,Editor,/Users/nozerose/Desktop/2023학년도 1학기 수업/CB3500572-063 C++프로그래밍과실습(Prof.김태연)/실습/실습 042 - const 파라미터/const_print.cpp,,4,0,Changes
2023-03-21T17:27:13.130+09:00,nozerose,Action,EditorBackSpace,_042___const_,Editor,/Users/nozerose/Desktop/2023학년도 1학기 수업/CB3500572-063 C++프로그래밍과실습(Prof.김태연)/실습/실습 042 - const 파라미터/const_print.cpp,,6,0,Changes
2023-03-21T17:27:13.133+09:00,nozerose,KeyEvent,8:8:0,_042___const_,Editor,/Users/nozerose/Desktop/2023학년도 1학기 수업/CB3500572-063 C++프로그래밍과실습(Prof.김태연)/실습/실습 042 - const 파라미터/const_print.cpp,,6,0,Changes
2023-03-21T17:27:13.455+09:00,nozerose,Action,EditorTab,_042___const_,Editor,/Users/nozerose/Desktop/2023학년도 1학기 수업/CB3500572-063 C++프로그래밍과실습(Prof.김태연)/실습/실습 042 - const 파라미터/const_print.cpp,,6,0,Changes
2023-03-21T17:27:13.465+09:00,nozerose,KeyEvent,9:9:0,_042___const_,Editor,/Users/nozerose/Desktop/2023학년도 1학기 수업/CB3500572-063 C++프로그래밍과실습(Prof.김태연)/실습/실습 042 - const 파라미터/const_print.cpp,,6,2,Changes
2023-03-21T17:27:14.901+09:00,nozerose,KeyEvent,115:83:0,_042___const_,Editor,/Users/nozerose/Desktop/2023학년도 1학기 수업/CB3500572-063 C++프로그래밍과실습(Prof.김태연)/실습/실습 042 - const 파라미터/const_print.cpp,,6,2,Changes
2023-03-21T17:27:15.179+09:00,nozerose,KeyEvent,116:84:0,_042___const_,Editor,/Users/nozerose/Desktop/2023학년도 1학기 수업/CB3500572-063 C++프로그래밍과실습(Prof.김태연)/실습/실습 042 - const 파라미터/const_print.cpp,,6,3,Changes
2023-03-21T17:27:15.371+09:00,nozerose,KeyEvent,114:82:0,_042___const_,Editor,/Users/nozerose/Desktop/2023학년도 1학기 수업/CB3500572-063 C++프로그래밍과실습(Prof.김태연)/실습/실습 042 - const 파라미터/const_print.cpp,,6,4,Changes
2023-03-21T17:27:15.423+09:00,nozerose,KeyEvent,105:73:0,_042___const_,Editor,/Users/nozerose/Desktop/2023학년도 1학기 수업/CB3500572-063 C++프로그래밍과실습(Prof.김태연)/실습/실습 042 - const 파라미터/const_print.cpp,,6,5,Changes
2023-03-21T17:27:15.523+09:00,nozerose,KeyEvent,110:78:0,_042___const_,Editor,/Users/nozerose/Desktop/2023학년도 1학기 수업/CB3500572-063 C++프로그래밍과실습(Prof.김태연)/실습/실습 042 - const 파라미터/const_print.cpp,,6,6,Changes
2023-03-21T17:27:15.623+09:00,nozerose,KeyEvent,103:71:0,_042___const_,Editor,/Users/nozerose/Desktop/2023학년도 1학기 수업/CB3500572-063 C++프로그래밍과실습(Prof.김태연)/실습/실습 042 - const 파라미터/const_print.cpp,,6,7,Changes
2023-03-21T17:27:15.793+09:00,nozerose,KeyEvent,32:32:0,_042___const_,Editor,/Users/nozerose/Desktop/2023학년도 1학기 수업/CB3500572-063 C++프로그래밍과실습(Prof.김태연)/실습/실습 042 - const 파라미터/const_print.cpp,,6,8,Changes
2023-03-21T17:27:16.072+09:00,nozerose,KeyEvent,115:83:0,_042___const_,Editor,/Users/nozerose/Desktop/2023학년도 1학기 수업/CB3500572-063 C++프로그래밍과실습(Prof.김태연)/실습/실습 042 - const 파라미터/const_print.cpp,,6,9,Changes
2023-03-21T17:27:16.363+09:00,nozerose,KeyEvent,116:84:0,_042___const_,Editor,/Users/nozerose/Desktop/2023학년도 1학기 수업/CB3500572-063 C++프로그래밍과실습(Prof.김태연)/실습/실습 042 - const 파라미터/const_print.cpp,,6,10,Changes
2023-03-21T17:27:16.581+09:00,nozerose,KeyEvent,114:82:0,_042___const_,Editor,/Users/nozerose/Desktop/2023학년도 1학기 수업/CB3500572-063 C++프로그래밍과실습(Prof.김태연)/실습/실습 042 - const 파라미터/const_print.cpp,,6,11,Changes
2023-03-21T17:27:16.781+09:00,nozerose,KeyEvent,32:32:0,_042___const_,Editor,/Users/nozerose/Desktop/2023학년도 1학기 수업/CB3500572-063 C++프로그래밍과실습(Prof.김태연)/실습/실습 042 - const 파라미터/const_print.cpp,,6,12,Changes
2023-03-21T17:27:17.010+09:00,nozerose,KeyEvent,61:61:0,_042___const_,Editor,/Users/nozerose/Desktop/2023학년도 1학기 수업/CB3500572-063 C++프로그래밍과실습(Prof.김태연)/실습/실습 042 - const 파라미터/const_print.cpp,,6,13,Changes
2023-03-21T17:27:17.132+09:00,nozerose,KeyEvent,32:32:0,_042___const_,Editor,/Users/nozerose/Desktop/2023학년도 1학기 수업/CB3500572-063 C++프로그래밍과실습(Prof.김태연)/실습/실습 042 - const 파라미터/const_print.cpp,,6,14,Changes
2023-03-21T17:27:18.344+09:00,nozerose,KeyEvent,65535:16:1,_042___const_,Editor,/Users/nozerose/Desktop/2023학년도 1학기 수업/CB3500572-063 C++프로그래밍과실습(Prof.김태연)/실습/실습 042 - const 파라미터/const_print.cpp,,6,15,Changes
2023-03-21T17:27:18.550+09:00,nozerose,KeyEvent,34:152:1,_042___const_,Editor,/Users/nozerose/Desktop/2023학년도 1학기 수업/CB3500572-063 C++프로그래밍과실습(Prof.김태연)/실습/실습 042 - const 파라미터/const_print.cpp,,6,15,Changes
2023-03-21T17:27:19.779+09:00,nozerose,KeyEvent,104:72:0,_042___const_,Editor,/Users/nozerose/Desktop/2023학년도 1학기 수업/CB3500572-063 C++프로그래밍과실습(Prof.김태연)/실습/실습 042 - const 파라미터/const_print.cpp,,6,16,Changes
2023-03-21T17:27:20.052+09:00,nozerose,KeyEvent,101:69:0,_042___const_,Editor,/Users/nozerose/Desktop/2023학년도 1학기 수업/CB3500572-063 C++프로그래밍과실습(Prof.김태연)/실습/실습 042 - const 파라미터/const_print.cpp,,6,17,Changes
2023-03-21T17:27:20.303+09:00,nozerose,KeyEvent,108:76:0,_042___const_,Editor,/Users/nozerose/Desktop/2023학년도 1학기 수업/CB3500572-063 C++프로그래밍과실습(Prof.김태연)/실습/실습 042 - const 파라미터/const_print.cpp,,6,18,Changes
2023-03-21T17:27:20.454+09:00,nozerose,KeyEvent,108:76:0,_042___const_,Editor,/Users/nozerose/Desktop/2023학년도 1학기 수업/CB3500572-063 C++프로그래밍과실습(Prof.김태연)/실습/실습 042 - const 파라미터/const_print.cpp,,6,19,Changes
2023-03-21T17:27:20.668+09:00,nozerose,KeyEvent,111:79:0,_042___const_,Editor,/Users/nozerose/Desktop/2023학년도 1학기 수업/CB3500572-063 C++프로그래밍과실습(Prof.김태연)/실습/실습 042 - const 파라미터/const_print.cpp,,6,20,Changes
2023-03-21T17:27:21.071+09:00,nozerose,KeyEvent,44:44:0,_042___const_,Editor,/Users/nozerose/Desktop/2023학년도 1학기 수업/CB3500572-063 C++프로그래밍과실습(Prof.김태연)/실습/실습 042 - const 파라미터/const_print.cpp,,6,21,Changes
2023-03-21T17:27:21.625+09:00,nozerose,KeyEvent,32:32:0,_042___const_,Editor,/Users/nozerose/Desktop/2023학년도 1학기 수업/CB3500572-063 C++프로그래밍과실습(Prof.김태연)/실습/실습 042 - const 파라미터/const_print.cpp,,6,22,Changes
2023-03-21T17:27:21.854+09:00,nozerose,KeyEvent,119:87:0,_042___const_,Editor,/Users/nozerose/Desktop/2023학년도 1학기 수업/CB3500572-063 C++프로그래밍과실습(Prof.김태연)/실습/실습 042 - const 파라미터/const_print.cpp,,6,23,Changes
2023-03-21T17:27:21.964+09:00,nozerose,KeyEvent,111:79:0,_042___const_,Editor,/Users/nozerose/Desktop/2023학년도 1학기 수업/CB3500572-063 C++프로그래밍과실습(Prof.김태연)/실습/실습 042 - const 파라미터/const_print.cpp,,6,24,Changes
2023-03-21T17:27:22.103+09:00,nozerose,KeyEvent,114:82:0,_042___const_,Editor,/Users/nozerose/Desktop/2023학년도 1학기 수업/CB3500572-063 C++프로그래밍과실습(Prof.김태연)/실습/실습 042 - const 파라미터/const_print.cpp,,6,25,Changes
2023-03-21T17:27:22.256+09:00,nozerose,KeyEvent,108:76:0,_042___const_,Editor,/Users/nozerose/Desktop/2023학년도 1학기 수업/CB3500572-063 C++프로그래밍과실습(Prof.김태연)/실습/실습 042 - const 파라미터/const_print.cpp,,6,26,Changes
2023-03-21T17:27:22.407+09:00,nozerose,KeyEvent,100:68:0,_042___const_,Editor,/Users/nozerose/Desktop/2023학년도 1학기 수업/CB3500572-063 C++프로그래밍과실습(Prof.김태연)/실습/실습 042 - const 파라미터/const_print.cpp,,6,27,Changes
2023-03-21T17:27:22.683+09:00,nozerose,KeyEvent,65535:16:1,_042___const_,Editor,/Users/nozerose/Desktop/2023학년도 1학기 수업/CB3500572-063 C++프로그래밍과실습(Prof.김태연)/실습/실습 042 - const 파라미터/const_print.cpp,,6,28,Changes
2023-03-21T17:27:22.864+09:00,nozerose,KeyEvent,33:517:1,_042___const_,Editor,/Users/nozerose/Desktop/2023학년도 1학기 수업/CB3500572-063 C++프로그래밍과실습(Prof.김태연)/실습/실습 042 - const 파라미터/const_print.cpp,,6,28,Changes
2023-03-21T17:27:23.840+09:00,nozerose,Action,EditorRight,_042___const_,Editor,/Users/nozerose/Desktop/2023학년도 1학기 수업/CB3500572-063 C++프로그래밍과실습(Prof.김태연)/실습/실습 042 - const 파라미터/const_print.cpp,,6,29,Changes
2023-03-21T17:27:23.842+09:00,nozerose,KeyEvent,65535:39:0,_042___const_,Editor,/Users/nozerose/Desktop/2023학년도 1학기 수업/CB3500572-063 C++프로그래밍과실습(Prof.김태연)/실습/실습 042 - const 파라미터/const_print.cpp,,6,30,Changes
2023-03-21T17:27:24.569+09:00,nozerose,KeyEvent,59:59:0,_042___const_,Editor,/Users/nozerose/Desktop/2023학년도 1학기 수업/CB3500572-063 C++프로그래밍과실습(Prof.김태연)/실습/실습 042 - const 파라미터/const_print.cpp,,6,30,Changes
2023-03-21T17:27:25.487+09:00,nozerose,Action,EditorEnter,_042___const_,Editor,/Users/nozerose/Desktop/2023학년도 1학기 수업/CB3500572-063 C++프로그래밍과실습(Prof.김태연)/실습/실습 042 - const 파라미터/const_print.cpp,,6,31,Changes
2023-03-21T17:27:25.493+09:00,nozerose,KeyEvent,10:10:0,_042___const_,Editor,/Users/nozerose/Desktop/2023학년도 1학기 수업/CB3500572-063 C++프로그래밍과실습(Prof.김태연)/실습/실습 042 - const 파라미터/const_print.cpp,,7,2,Changes
2023-03-21T17:27:26.225+09:00,nozerose,KeyEvent,112:80:0,_042___const_,Editor,/Users/nozerose/Desktop/2023학년도 1학기 수업/CB3500572-063 C++프로그래밍과실습(Prof.김태연)/실습/실습 042 - const 파라미터/const_print.cpp,,7,2,Changes
2023-03-21T17:27:26.348+09:00,nozerose,KeyEvent,114:82:0,_042___const_,Editor,/Users/nozerose/Desktop/2023학년도 1학기 수업/CB3500572-063 C++프로그래밍과실습(Prof.김태연)/실습/실습 042 - const 파라미터/const_print.cpp,,7,3,Changes
2023-03-21T17:27:26.410+09:00,nozerose,KeyEvent,105:73:0,_042___const_,Editor,/Users/nozerose/Desktop/2023학년도 1학기 수업/CB3500572-063 C++프로그래밍과실습(Prof.김태연)/실습/실습 042 - const 파라미터/const_print.cpp,,7,4,Changes
2023-03-21T17:27:26.546+09:00,nozerose,KeyEvent,110:78:0,_042___const_,Editor,/Users/nozerose/Desktop/2023학년도 1학기 수업/CB3500572-063 C++프로그래밍과실습(Prof.김태연)/실습/실습 042 - const 파라미터/const_print.cpp,,7,5,Changes
2023-03-21T17:27:26.709+09:00,nozerose,KeyEvent,116:84:0,_042___const_,Editor,/Users/nozerose/Desktop/2023학년도 1학기 수업/CB3500572-063 C++프로그래밍과실습(Prof.김태연)/실습/실습 042 - const 파라미터/const_print.cpp,,7,6,Changes
2023-03-21T17:27:27.593+09:00,nozerose,KeyEvent,108:76:0,_042___const_,Editor,/Users/nozerose/Desktop/2023학년도 1학기 수업/CB3500572-063 C++프로그래밍과실습(Prof.김태연)/실습/실습 042 - const 파라미터/const_print.cpp,,7,7,Changes
2023-03-21T17:27:27.832+09:00,nozerose,KeyEvent,110:78:0,_042___const_,Editor,/Users/nozerose/Desktop/2023학년도 1학기 수업/CB3500572-063 C++프로그래밍과실습(Prof.김태연)/실습/실습 042 - const 파라미터/const_print.cpp,,7,8,Changes
2023-03-21T17:27:28.359+09:00,nozerose,KeyEvent,65535:16:1,_042___const_,Editor,/Users/nozerose/Desktop/2023학년도 1학기 수업/CB3500572-063 C++프로그래밍과실습(Prof.김태연)/실습/실습 042 - const 파라미터/const_print.cpp,,7,9,Changes
2023-03-21T17:27:28.762+09:00,nozerose,KeyEvent,40:519:1,_042___const_,Editor,/Users/nozerose/Desktop/2023학년도 1학기 수업/CB3500572-063 C++프로그래밍과실습(Prof.김태연)/실습/실습 042 - const 파라미터/const_print.cpp,,7,9,Changes
2023-03-21T17:27:29.145+09:00,nozerose,KeyEvent,115:83:0,_042___const_,Editor,/Users/nozerose/Desktop/2023학년도 1학기 수업/CB3500572-063 C++프로그래밍과실습(Prof.김태연)/실습/실습 042 - const 파라미터/const_print.cpp,,7,10,Changes
2023-03-21T17:27:29.466+09:00,nozerose,KeyEvent,116:84:0,_042___const_,Editor,/Users/nozerose/Desktop/2023학년도 1학기 수업/CB3500572-063 C++프로그래밍과실습(Prof.김태연)/실습/실습 042 - const 파라미터/const_print.cpp,,7,11,Changes
2023-03-21T17:27:29.662+09:00,nozerose,KeyEvent,114:82:0,_042___const_,Editor,/Users/nozerose/Desktop/2023학년도 1학기 수업/CB3500572-063 C++프로그래밍과실습(Prof.김태연)/실습/실습 042 - const 파라미터/const_print.cpp,,7,12,Changes
2023-03-21T17:27:29.809+09:00,nozerose,Action,EditorRight,_042___const_,Editor,/Users/nozerose/Desktop/2023학년도 1학기 수업/CB3500572-063 C++프로그래밍과실습(Prof.김태연)/실습/실습 042 - const 파라미터/const_print.cpp,,7,13,Changes
2023-03-21T17:27:29.812+09:00,nozerose,KeyEvent,65535:39:0,_042___const_,Editor,/Users/nozerose/Desktop/2023학년도 1학기 수업/CB3500572-063 C++프로그래밍과실습(Prof.김태연)/실습/실습 042 - const 파라미터/const_print.cpp,,7,14,Changes
2023-03-21T17:27:30.403+09:00,nozerose,KeyEvent,59:59:0,_042___const_,Editor,/Users/nozerose/Desktop/2023학년도 1학기 수업/CB3500572-063 C++프로그래밍과실습(Prof.김태연)/실습/실습 042 - const 파라미터/const_print.cpp,,7,14,Changes
2023-03-21T17:27:31.679+09:00,nozerose,Action,EditorEnter,_042___const_,Editor,/Users/nozerose/Desktop/2023학년도 1학기 수업/CB3500572-063 C++프로그래밍과실습(Prof.김태연)/실습/실습 042 - const 파라미터/const_print.cpp,,7,15,Changes
2023-03-21T17:27:31.688+09:00,nozerose,KeyEvent,10:10:0,_042___const_,Editor,/Users/nozerose/Desktop/2023학년도 1학기 수업/CB3500572-063 C++프로그래밍과실습(Prof.김태연)/실습/실습 042 - const 파라미터/const_print.cpp,,8,2,Changes
2023-03-21T17:27:32.757+09:00,nozerose,KeyEvent,102:70:0,_042___const_,Editor,/Users/nozerose/Desktop/2023학년도 1학기 수업/CB3500572-063 C++프로그래밍과실습(Prof.김태연)/실습/실습 042 - const 파라미터/const_print.cpp,,8,2,Changes
2023-03-21T17:27:32.868+09:00,nozerose,KeyEvent,111:79:0,_042___const_,Editor,/Users/nozerose/Desktop/2023학년도 1학기 수업/CB3500572-063 C++프로그래밍과실습(Prof.김태연)/실습/실습 042 - const 파라미터/const_print.cpp,,8,3,Changes
2023-03-21T17:27:32.992+09:00,nozerose,KeyEvent,114:82:0,_042___const_,Editor,/Users/nozerose/Desktop/2023학년도 1학기 수업/CB3500572-063 C++프로그래밍과실습(Prof.김태연)/실습/실습 042 - const 파라미터/const_print.cpp,,8,4,Changes
2023-03-21T17:27:33.634+09:00,nozerose,KeyEvent,32:32:0,_042___const_,Editor,/Users/nozerose/Desktop/2023학년도 1학기 수업/CB3500572-063 C++프로그래밍과실습(Prof.김태연)/실습/실습 042 - const 파라미터/const_print.cpp,,8,5,Changes
2023-03-21T17:27:33.780+09:00,nozerose,KeyEvent,65535:16:1,_042___const_,Editor,/Users/nozerose/Desktop/2023학년도 1학기 수업/CB3500572-063 C++프로그래밍과실습(Prof.김태연)/실습/실습 042 - const 파라미터/const_print.cpp,,8,6,Changes
2023-03-21T17:27:33.966+09:00,nozerose,KeyEvent,40:519:1,_042___const_,Editor,/Users/nozerose/Desktop/2023학년도 1학기 수업/CB3500572-063 C++프로그래밍과실습(Prof.김태연)/실습/실습 042 - const 파라미터/const_print.cpp,,8,6,Changes
2023-03-21T17:27:34.217+09:00,nozerose,KeyEvent,105:73:0,_042___const_,Editor,/Users/nozerose/Desktop/2023학년도 1학기 수업/CB3500572-063 C++프로그래밍과실습(Prof.김태연)/실습/실습 042 - const 파라미터/const_print.cpp,,8,7,Changes
2023-03-21T17:27:34.321+09:00,nozerose,KeyEvent,110:78:0,_042___const_,Editor,/Users/nozerose/Desktop/2023학년도 1학기 수업/CB3500572-063 C++프로그래밍과실습(Prof.김태연)/실습/실습 042 - const 파라미터/const_print.cpp,,8,8,Changes
2023-03-21T17:27:34.393+09:00,nozerose,KeyEvent,116:84:0,_042___const_,Editor,/Users/nozerose/Desktop/2023학년도 1학기 수업/CB3500572-063 C++프로그래밍과실습(Prof.김태연)/실습/실습 042 - const 파라미터/const_print.cpp,,8,9,Changes
2023-03-21T17:27:34.522+09:00,nozerose,KeyEvent,32:32:0,_042___const_,Editor,/Users/nozerose/Desktop/2023학년도 1학기 수업/CB3500572-063 C++프로그래밍과실습(Prof.김태연)/실습/실습 042 - const 파라미터/const_print.cpp,,8,10,Changes
2023-03-21T17:27:34.685+09:00,nozerose,KeyEvent,105:73:0,_042___const_,Editor,/Users/nozerose/Desktop/2023학년도 1학기 수업/CB3500572-063 C++프로그래밍과실습(Prof.김태연)/실습/실습 042 - const 파라미터/const_print.cpp,,8,11,Changes
2023-03-21T17:27:34.994+09:00,nozerose,KeyEvent,32:32:0,_042___const_,Editor,/Users/nozerose/Desktop/2023학년도 1학기 수업/CB3500572-063 C++프로그래밍과실습(Prof.김태연)/실습/실습 042 - const 파라미터/const_print.cpp,,8,12,Changes
2023-03-21T17:27:35.275+09:00,nozerose,KeyEvent,61:61:0,_042___const_,Editor,/Users/nozerose/Desktop/2023학년도 1학기 수업/CB3500572-063 C++프로그래밍과실습(Prof.김태연)/실습/실습 042 - const 파라미터/const_print.cpp,,8,13,Changes
2023-03-21T17:27:35.373+09:00,nozerose,KeyEvent,32:32:0,_042___const_,Editor,/Users/nozerose/Desktop/2023학년도 1학기 수업/CB3500572-063 C++프로그래밍과실습(Prof.김태연)/실습/실습 042 - const 파라미터/const_print.cpp,,8,14,Changes
2023-03-21T17:27:35.564+09:00,nozerose,KeyEvent,48:48:0,_042___const_,Editor,/Users/nozerose/Desktop/2023학년도 1학기 수업/CB3500572-063 C++프로그래밍과실습(Prof.김태연)/실습/실습 042 - const 파라미터/const_print.cpp,,8,15,Changes
2023-03-21T17:27:35.840+09:00,nozerose,KeyEvent,59:59:0,_042___const_,Editor,/Users/nozerose/Desktop/2023학년도 1학기 수업/CB3500572-063 C++프로그래밍과실습(Prof.김태연)/실습/실습 042 - const 파라미터/const_print.cpp,,8,16,Changes
2023-03-21T17:27:36.164+09:00,nozerose,KeyEvent,32:32:0,_042___const_,Editor,/Users/nozerose/Desktop/2023학년도 1학기 수업/CB3500572-063 C++프로그래밍과실습(Prof.김태연)/실습/실습 042 - const 파라미터/const_print.cpp,,8,17,Changes
2023-03-21T17:27:36.432+09:00,nozerose,KeyEvent,105:73:0,_042___const_,Editor,/Users/nozerose/Desktop/2023학년도 1학기 수업/CB3500572-063 C++프로그래밍과실습(Prof.김태연)/실습/실습 042 - const 파라미터/const_print.cpp,,8,18,Changes
2023-03-21T17:27:36.635+09:00,nozerose,KeyEvent,32:32:0,_042___const_,Editor,/Users/nozerose/Desktop/2023학년도 1학기 수업/CB3500572-063 C++프로그래밍과실습(Prof.김태연)/실습/실습 042 - const 파라미터/const_print.cpp,,8,19,Changes
2023-03-21T17:27:36.844+09:00,nozerose,KeyEvent,65535:16:1,_042___const_,Editor,/Users/nozerose/Desktop/2023학년도 1학기 수업/CB3500572-063 C++프로그래밍과실습(Prof.김태연)/실습/실습 042 - const 파라미터/const_print.cpp,,8,20,Changes
2023-03-21T17:27:37.063+09:00,nozerose,KeyEvent,60:153:1,_042___const_,Editor,/Users/nozerose/Desktop/2023학년도 1학기 수업/CB3500572-063 C++프로그래밍과실습(Prof.김태연)/실습/실습 042 - const 파라미터/const_print.cpp,,8,20,Changes
2023-03-21T17:27:37.223+09:00,nozerose,KeyEvent,32:32:0,_042___const_,Editor,/Users/nozerose/Desktop/2023학년도 1학기 수업/CB3500572-063 C++프로그래밍과실습(Prof.김태연)/실습/실습 042 - const 파라미터/const_print.cpp,,8,21,Changes
2023-03-21T17:27:37.519+09:00,nozerose,KeyEvent,51:51:0,_042___const_,Editor,/Users/nozerose/Desktop/2023학년도 1학기 수업/CB3500572-063 C++프로그래밍과실습(Prof.김태연)/실습/실습 042 - const 파라미터/const_print.cpp,,8,22,Changes
2023-03-21T17:27:37.707+09:00,nozerose,KeyEvent,59:59:0,_042___const_,Editor,/Users/nozerose/Desktop/2023학년도 1학기 수업/CB3500572-063 C++프로그래밍과실습(Prof.김태연)/실습/실습 042 - const 파라미터/const_print.cpp,,8,23,Changes
2023-03-21T17:27:37.842+09:00,nozerose,KeyEvent,32:32:0,_042___const_,Editor,/Users/nozerose/Desktop/2023학년도 1학기 수업/CB3500572-063 C++프로그래밍과실습(Prof.김태연)/실습/실습 042 - const 파라미터/const_print.cpp,,8,24,Changes
2023-03-21T17:27:38.318+09:00,nozerose,KeyEvent,105:73:0,_042___const_,Editor,/Users/nozerose/Desktop/2023학년도 1학기 수업/CB3500572-063 C++프로그래밍과실습(Prof.김태연)/실습/실습 042 - const 파라미터/const_print.cpp,,8,25,Changes
2023-03-21T17:27:38.926+09:00,nozerose,KeyEvent,65535:16:1,_042___const_,Editor,/Users/nozerose/Desktop/2023학년도 1학기 수업/CB3500572-063 C++프로그래밍과실습(Prof.김태연)/실습/실습 042 - const 파라미터/const_print.cpp,,8,26,Changes
2023-03-21T17:27:39.160+09:00,nozerose,KeyEvent,43:521:1,_042___const_,Editor,/Users/nozerose/Desktop/2023학년도 1학기 수업/CB3500572-063 C++프로그래밍과실습(Prof.김태연)/실습/실습 042 - const 파라미터/const_print.cpp,,8,26,Changes
2023-03-21T17:27:39.316+09:00,nozerose,KeyEvent,43:521:1,_042___const_,Editor,/Users/nozerose/Desktop/2023학년도 1학기 수업/CB3500572-063 C++프로그래밍과실습(Prof.김태연)/실습/실습 042 - const 파라미터/const_print.cpp,,8,27,Changes
2023-03-21T17:27:39.800+09:00,nozerose,Action,EditorRight,_042___const_,Editor,/Users/nozerose/Desktop/2023학년도 1학기 수업/CB3500572-063 C++프로그래밍과실습(Prof.김태연)/실습/실습 042 - const 파라미터/const_print.cpp,,8,28,Changes
2023-03-21T17:27:39.802+09:00,nozerose,KeyEvent,65535:39:0,_042___const_,Editor,/Users/nozerose/Desktop/2023학년도 1학기 수업/CB3500572-063 C++프로그래밍과실습(Prof.김태연)/실습/실습 042 - const 파라미터/const_print.cpp,,8,29,Changes
2023-03-21T17:27:40.025+09:00,nozerose,Action,EditorEnter,_042___const_,Editor,/Users/nozerose/Desktop/2023학년도 1학기 수업/CB3500572-063 C++프로그래밍과실습(Prof.김태연)/실습/실습 042 - const 파라미터/const_print.cpp,,8,29,Changes
2023-03-21T17:27:40.033+09:00,nozerose,KeyEvent,10:10:0,_042___const_,Editor,/Users/nozerose/Desktop/2023학년도 1학기 수업/CB3500572-063 C++프로그래밍과실습(Prof.김태연)/실습/실습 042 - const 파라미터/const_print.cpp,,9,4,Changes
2023-03-21T17:27:41.565+09:00,nozerose,KeyEvent,112:80:0,_042___const_,Editor,/Users/nozerose/Desktop/2023학년도 1학기 수업/CB3500572-063 C++프로그래밍과실습(Prof.김태연)/실습/실습 042 - const 파라미터/const_print.cpp,,9,4,Changes
2023-03-21T17:27:41.735+09:00,nozerose,KeyEvent,114:82:0,_042___const_,Editor,/Users/nozerose/Desktop/2023학년도 1학기 수업/CB3500572-063 C++프로그래밍과실습(Prof.김태연)/실습/실습 042 - const 파라미터/const_print.cpp,,9,5,Changes
2023-03-21T17:27:41.783+09:00,nozerose,KeyEvent,105:73:0,_042___const_,Editor,/Users/nozerose/Desktop/2023학년도 1학기 수업/CB3500572-063 C++프로그래밍과실습(Prof.김태연)/실습/실습 042 - const 파라미터/const_print.cpp,,9,6,Changes
2023-03-21T17:27:41.895+09:00,nozerose,KeyEvent,110:78:0,_042___const_,Editor,/Users/nozerose/Desktop/2023학년도 1학기 수업/CB3500572-063 C++프로그래밍과실습(Prof.김태연)/실습/실습 042 - const 파라미터/const_print.cpp,,9,7,Changes
2023-03-21T17:27:42.053+09:00,nozerose,KeyEvent,116:84:0,_042___const_,Editor,/Users/nozerose/Desktop/2023학년도 1학기 수업/CB3500572-063 C++프로그래밍과실습(Prof.김태연)/실습/실습 042 - const 파라미터/const_print.cpp,,9,8,Changes
2023-03-21T17:27:42.254+09:00,nozerose,KeyEvent,108:76:0,_042___const_,Editor,/Users/nozerose/Desktop/2023학년도 1학기 수업/CB3500572-063 C++프로그래밍과실습(Prof.김태연)/실습/실습 042 - const 파라미터/const_print.cpp,,9,9,Changes
2023-03-21T17:27:42.354+09:00,nozerose,KeyEvent,110:78:0,_042___const_,Editor,/Users/nozerose/Desktop/2023학년도 1학기 수업/CB3500572-063 C++프로그래밍과실습(Prof.김태연)/실습/실습 042 - const 파라미터/const_print.cpp,,9,10,Changes
2023-03-21T17:27:43.179+09:00,nozerose,KeyEvent,65535:16:1,_042___const_,Editor,/Users/nozerose/Desktop/2023학년도 1학기 수업/CB3500572-063 C++프로그래밍과실습(Prof.김태연)/실습/실습 042 - const 파라미터/const_print.cpp,,9,11,Changes
2023-03-21T17:27:43.477+09:00,nozerose,KeyEvent,40:519:1,_042___const_,Editor,/Users/nozerose/Desktop/2023학년도 1학기 수업/CB3500572-063 C++프로그래밍과실습(Prof.김태연)/실습/실습 042 - const 파라미터/const_print.cpp,,9,11,Changes
2023-03-21T17:27:43.722+09:00,nozerose,KeyEvent,115:83:0,_042___const_,Editor,/Users/nozerose/Desktop/2023학년도 1학기 수업/CB3500572-063 C++프로그래밍과실습(Prof.김태연)/실습/실습 042 - const 파라미터/const_print.cpp,,9,12,Changes
2023-03-21T17:27:44.195+09:00,nozerose,KeyEvent,116:84:0,_042___const_,Editor,/Users/nozerose/Desktop/2023학년도 1학기 수업/CB3500572-063 C++프로그래밍과실습(Prof.김태연)/실습/실습 042 - const 파라미터/const_print.cpp,,9,13,Changes
2023-03-21T17:27:44.418+09:00,nozerose,KeyEvent,114:82:0,_042___const_,Editor,/Users/nozerose/Desktop/2023학년도 1학기 수업/CB3500572-063 C++프로그래밍과실습(Prof.김태연)/실습/실습 042 - const 파라미터/const_print.cpp,,9,14,Changes
2023-03-21T17:27:44.847+09:00,nozerose,Action,EditorRight,_042___const_,Editor,/Users/nozerose/Desktop/2023학년도 1학기 수업/CB3500572-063 C++프로그래밍과실습(Prof.김태연)/실습/실습 042 - const 파라미터/const_print.cpp,,9,15,Changes
2023-03-21T17:27:44.850+09:00,nozerose,KeyEvent,65535:39:0,_042___const_,Editor,/Users/nozerose/Desktop/2023학년도 1학기 수업/CB3500572-063 C++프로그래밍과실습(Prof.김태연)/실습/실습 042 - const 파라미터/const_print.cpp,,9,16,Changes
2023-03-21T17:27:45.403+09:00,nozerose,KeyEvent,59:59:0,_042___const_,Editor,/Users/nozerose/Desktop/2023학년도 1학기 수업/CB3500572-063 C++프로그래밍과실습(Prof.김태연)/실습/실습 042 - const 파라미터/const_print.cpp,,9,16,Changes
2023-03-21T17:27:47.012+09:00,nozerose,Action,EditorEnter,_042___const_,Editor,/Users/nozerose/Desktop/2023학년도 1학기 수업/CB3500572-063 C++프로그래밍과실습(Prof.김태연)/실습/실습 042 - const 파라미터/const_print.cpp,,9,17,Changes
2023-03-21T17:27:47.022+09:00,nozerose,KeyEvent,10:10:0,_042___const_,Editor,/Users/nozerose/Desktop/2023학년도 1학기 수업/CB3500572-063 C++프로그래밍과실습(Prof.김태연)/실습/실습 042 - const 파라미터/const_print.cpp,,10,2,Changes
2023-03-21T17:27:49.797+09:00,nozerose,Action,EditorEnter,_042___const_,Editor,/Users/nozerose/Desktop/2023학년도 1학기 수업/CB3500572-063 C++프로그래밍과실습(Prof.김태연)/실습/실습 042 - const 파라미터/const_print.cpp,,6,31,Changes
2023-03-21T17:27:49.803+09:00,nozerose,KeyEvent,10:10:0,_042___const_,Editor,/Users/nozerose/Desktop/2023학년도 1학기 수업/CB3500572-063 C++프로그래밍과실습(Prof.김태연)/실습/실습 042 - const 파라미터/const_print.cpp,,7,2,Changes
2023-03-21T17:27:51.103+09:00,nozerose,Action,EditorEnter,_042___const_,Editor,/Users/nozerose/Desktop/2023학년도 1학기 수업/CB3500572-063 C++프로그래밍과실습(Prof.김태연)/실습/실습 042 - const 파라미터/const_print.cpp,,8,15,Changes
2023-03-21T17:27:51.110+09:00,nozerose,KeyEvent,10:10:0,_042___const_,Editor,/Users/nozerose/Desktop/2023학년도 1학기 수업/CB3500572-063 C++프로그래밍과실습(Prof.김태연)/실습/실습 042 - const 파라미터/const_print.cpp,,9,2,Changes
2023-03-21T17:28:00.607+09:00,nozerose,Action,EditorEnter,_042___const_,Editor,/Users/nozerose/Desktop/2023학년도 1학기 수업/CB3500572-063 C++프로그래밍과실습(Prof.김태연)/실습/실습 042 - const 파라미터/const_print.cpp,,14,1,Changes
2023-03-21T17:28:00.614+09:00,nozerose,KeyEvent,10:10:0,_042___const_,Editor,/Users/nozerose/Desktop/2023학년도 1학기 수업/CB3500572-063 C++프로그래밍과실습(Prof.김태연)/실습/실습 042 - const 파라미터/const_print.cpp,,15,0,Changes
2023-03-21T17:28:00.991+09:00,nozerose,Action,EditorEnter,_042___const_,Editor,/Users/nozerose/Desktop/2023학년도 1학기 수업/CB3500572-063 C++프로그래밍과실습(Prof.김태연)/실습/실습 042 - const 파라미터/const_print.cpp,,15,0,Changes
2023-03-21T17:28:01.004+09:00,nozerose,KeyEvent,10:10:0,_042___const_,Editor,/Users/nozerose/Desktop/2023학년도 1학기 수업/CB3500572-063 C++프로그래밍과실습(Prof.김태연)/실습/실습 042 - const 파라미터/const_print.cpp,,16,0,Changes
2023-03-21T17:28:02.081+09:00,nozerose,KeyEvent,118:86:0,_042___const_,Editor,/Users/nozerose/Desktop/2023학년도 1학기 수업/CB3500572-063 C++프로그래밍과실습(Prof.김태연)/실습/실습 042 - const 파라미터/const_print.cpp,,16,0,Changes
2023-03-21T17:28:02.222+09:00,nozerose,KeyEvent,111:79:0,_042___const_,Editor,/Users/nozerose/Desktop/2023학년도 1학기 수업/CB3500572-063 C++프로그래밍과실습(Prof.김태연)/실습/실습 042 - const 파라미터/const_print.cpp,,16,1,Changes
2023-03-21T17:28:02.386+09:00,nozerose,KeyEvent,105:73:0,_042___const_,Editor,/Users/nozerose/Desktop/2023학년도 1학기 수업/CB3500572-063 C++프로그래밍과실습(Prof.김태연)/실습/실습 042 - const 파라미터/const_print.cpp,,16,2,Changes
2023-03-21T17:28:02.550+09:00,nozerose,KeyEvent,100:68:0,_042___const_,Editor,/Users/nozerose/Desktop/2023학년도 1학기 수업/CB3500572-063 C++프로그래밍과실습(Prof.김태연)/실습/실습 042 - const 파라미터/const_print.cpp,,16,3,Changes
2023-03-21T17:28:02.773+09:00,nozerose,KeyEvent,32:32:0,_042___const_,Editor,/Users/nozerose/Desktop/2023학년도 1학기 수업/CB3500572-063 C++프로그래밍과실습(Prof.김태연)/실습/실습 042 - const 파라미터/const_print.cpp,,16,4,Changes
2023-03-21T17:28:03.008+09:00,nozerose,KeyEvent,112:80:0,_042___const_,Editor,/Users/nozerose/Desktop/2023학년도 1학기 수업/CB3500572-063 C++프로그래밍과실습(Prof.김태연)/실습/실습 042 - const 파라미터/const_print.cpp,,16,5,Changes
2023-03-21T17:28:03.202+09:00,nozerose,KeyEvent,114:82:0,_042___const_,Editor,/Users/nozerose/Desktop/2023학년도 1학기 수업/CB3500572-063 C++프로그래밍과실습(Prof.김태연)/실습/실습 042 - const 파라미터/const_print.cpp,,16,6,Changes
2023-03-21T17:28:03.265+09:00,nozerose,KeyEvent,105:73:0,_042___const_,Editor,/Users/nozerose/Desktop/2023학년도 1학기 수업/CB3500572-063 C++프로그래밍과실습(Prof.김태연)/실습/실습 042 - const 파라미터/const_print.cpp,,16,7,Changes
2023-03-21T17:28:03.381+09:00,nozerose,KeyEvent,110:78:0,_042___const_,Editor,/Users/nozerose/Desktop/2023학년도 1학기 수업/CB3500572-063 C++프로그래밍과실습(Prof.김태연)/실습/실습 042 - const 파라미터/const_print.cpp,,16,8,Changes
2023-03-21T17:28:03.560+09:00,nozerose,KeyEvent,116:84:0,_042___const_,Editor,/Users/nozerose/Desktop/2023학년도 1학기 수업/CB3500572-063 C++프로그래밍과실습(Prof.김태연)/실습/실습 042 - const 파라미터/const_print.cpp,,16,9,Changes
2023-03-21T17:28:04.491+09:00,nozerose,KeyEvent,108:76:0,_042___const_,Editor,/Users/nozerose/Desktop/2023학년도 1학기 수업/CB3500572-063 C++프로그래밍과실습(Prof.김태연)/실습/실습 042 - const 파라미터/const_print.cpp,,16,10,Changes
2023-03-21T17:28:04.611+09:00,nozerose,KeyEvent,110:78:0,_042___const_,Editor,/Users/nozerose/Desktop/2023학년도 1학기 수업/CB3500572-063 C++프로그래밍과실습(Prof.김태연)/실습/실습 042 - const 파라미터/const_print.cpp,,16,11,Changes
2023-03-21T17:28:05.247+09:00,nozerose,KeyEvent,65535:16:1,_042___const_,Editor,/Users/nozerose/Desktop/2023학년도 1학기 수업/CB3500572-063 C++프로그래밍과실습(Prof.김태연)/실습/실습 042 - const 파라미터/const_print.cpp,,16,12,Changes
2023-03-21T17:28:05.581+09:00,nozerose,KeyEvent,40:519:1,_042___const_,Editor,/Users/nozerose/Desktop/2023학년도 1학기 수업/CB3500572-063 C++프로그래밍과실습(Prof.김태연)/실습/실습 042 - const 파라미터/const_print.cpp,,16,12,Changes
2023-03-21T17:28:06.079+09:00,nozerose,KeyEvent,115:83:0,_042___const_,Editor,/Users/nozerose/Desktop/2023학년도 1학기 수업/CB3500572-063 C++프로그래밍과실습(Prof.김태연)/실습/실습 042 - const 파라미터/const_print.cpp,,16,13,Changes
2023-03-21T17:28:06.384+09:00,nozerose,KeyEvent,116:84:0,_042___const_,Editor,/Users/nozerose/Desktop/2023학년도 1학기 수업/CB3500572-063 C++프로그래밍과실습(Prof.김태연)/실습/실습 042 - const 파라미터/const_print.cpp,,16,14,Changes
2023-03-21T17:28:06.561+09:00,nozerose,KeyEvent,114:82:0,_042___const_,Editor,/Users/nozerose/Desktop/2023학년도 1학기 수업/CB3500572-063 C++프로그래밍과실습(Prof.김태연)/실습/실습 042 - const 파라미터/const_print.cpp,,16,15,Changes
2023-03-21T17:28:06.672+09:00,nozerose,KeyEvent,105:73:0,_042___const_,Editor,/Users/nozerose/Desktop/2023학년도 1학기 수업/CB3500572-063 C++프로그래밍과실습(Prof.김태연)/실습/실습 042 - const 파라미터/const_print.cpp,,16,16,Changes
2023-03-21T17:28:06.764+09:00,nozerose,KeyEvent,110:78:0,_042___const_,Editor,/Users/nozerose/Desktop/2023학년도 1학기 수업/CB3500572-063 C++프로그래밍과실습(Prof.김태연)/실습/실습 042 - const 파라미터/const_print.cpp,,16,17,Changes
2023-03-21T17:28:06.911+09:00,nozerose,KeyEvent,103:71:0,_042___const_,Editor,/Users/nozerose/Desktop/2023학년도 1학기 수업/CB3500572-063 C++프로그래밍과실습(Prof.김태연)/실습/실습 042 - const 파라미터/const_print.cpp,,16,18,Changes
2023-03-21T17:28:12.571+09:00,nozerose,KeyEvent,32:32:0,_042___const_,Editor,/Users/nozerose/Desktop/2023학년도 1학기 수업/CB3500572-063 C++프로그래밍과실습(Prof.김태연)/실습/실습 042 - const 파라미터/const_print.cpp,,16,19,Changes
2023-03-21T17:28:12.781+09:00,nozerose,KeyEvent,65535:16:1,_042___const_,Editor,/Users/nozerose/Desktop/2023학년도 1학기 수업/CB3500572-063 C++프로그래밍과실습(Prof.김태연)/실습/실습 042 - const 파라미터/const_print.cpp,,16,20,Changes
2023-03-21T17:28:13.024+09:00,nozerose,KeyEvent,38:150:1,_042___const_,Editor,/Users/nozerose/Desktop/2023학년도 1학기 수업/CB3500572-063 C++프로그래밍과실습(Prof.김태연)/실습/실습 042 - const 파라미터/const_print.cpp,,16,20,Changes
2023-03-21T17:28:13.558+09:00,nozerose,KeyEvent,115:83:0,_042___const_,Editor,/Users/nozerose/Desktop/2023학년도 1학기 수업/CB3500572-063 C++프로그래밍과실습(Prof.김태연)/실습/실습 042 - const 파라미터/const_print.cpp,,16,21,Changes
2023-03-21T17:28:13.833+09:00,nozerose,KeyEvent,116:84:0,_042___const_,Editor,/Users/nozerose/Desktop/2023학년도 1학기 수업/CB3500572-063 C++프로그래밍과실습(Prof.김태연)/실습/실습 042 - const 파라미터/const_print.cpp,,16,22,Changes
2023-03-21T17:28:13.999+09:00,nozerose,KeyEvent,114:82:0,_042___const_,Editor,/Users/nozerose/Desktop/2023학년도 1학기 수업/CB3500572-063 C++프로그래밍과실습(Prof.김태연)/실습/실습 042 - const 파라미터/const_print.cpp,,16,23,Changes
2023-03-21T17:28:14.732+09:00,nozerose,Action,EditorRight,_042___const_,Editor,/Users/nozerose/Desktop/2023학년도 1학기 수업/CB3500572-063 C++프로그래밍과실습(Prof.김태연)/실습/실습 042 - const 파라미터/const_print.cpp,,16,24,Changes
2023-03-21T17:28:14.733+09:00,nozerose,KeyEvent,65535:39:0,_042___const_,Editor,/Users/nozerose/Desktop/2023학년도 1학기 수업/CB3500572-063 C++프로그래밍과실습(Prof.김태연)/실습/실습 042 - const 파라미터/const_print.cpp,,16,25,Changes
2023-03-21T17:28:15.080+09:00,nozerose,KeyEvent,32:32:0,_042___const_,Editor,/Users/nozerose/Desktop/2023학년도 1학기 수업/CB3500572-063 C++프로그래밍과실습(Prof.김태연)/실습/실습 042 - const 파라미터/const_print.cpp,,16,25,Changes
2023-03-21T17:28:15.307+09:00,nozerose,KeyEvent,65535:16:1,_042___const_,Editor,/Users/nozerose/Desktop/2023학년도 1학기 수업/CB3500572-063 C++프로그래밍과실습(Prof.김태연)/실습/실습 042 - const 파라미터/const_print.cpp,,16,26,Changes
2023-03-21T17:28:15.528+09:00,nozerose,KeyEvent,123:91:1,_042___const_,Editor,/Users/nozerose/Desktop/2023학년도 1학기 수업/CB3500572-063 C++프로그래밍과실습(Prof.김태연)/실습/실습 042 - const 파라미터/const_print.cpp,,16,26,Changes
2023-03-21T17:28:15.839+09:00,nozerose,Action,EditorEnter,_042___const_,Editor,/Users/nozerose/Desktop/2023학년도 1학기 수업/CB3500572-063 C++프로그래밍과실습(Prof.김태연)/실습/실습 042 - const 파라미터/const_print.cpp,,16,27,Changes
2023-03-21T17:28:15.850+09:00,nozerose,KeyEvent,10:10:0,_042___const_,Editor,/Users/nozerose/Desktop/2023학년도 1학기 수업/CB3500572-063 C++프로그래밍과실습(Prof.김태연)/실습/실습 042 - const 파라미터/const_print.cpp,,17,2,Changes
2023-03-21T17:28:17.656+09:00,nozerose,KeyEvent,115:83:0,_042___const_,Editor,/Users/nozerose/Desktop/2023학년도 1학기 수업/CB3500572-063 C++프로그래밍과실습(Prof.김태연)/실습/실습 042 - const 파라미터/const_print.cpp,,17,2,Changes
2023-03-21T17:28:17.921+09:00,nozerose,KeyEvent,116:84:0,_042___const_,Editor,/Users/nozerose/Desktop/2023학년도 1학기 수업/CB3500572-063 C++프로그래밍과실습(Prof.김태연)/실습/실습 042 - const 파라미터/const_print.cpp,,17,3,Changes
2023-03-21T17:28:18.104+09:00,nozerose,KeyEvent,114:82:0,_042___const_,Editor,/Users/nozerose/Desktop/2023학년도 1학기 수업/CB3500572-063 C++프로그래밍과실습(Prof.김태연)/실습/실습 042 - const 파라미터/const_print.cpp,,17,4,Changes
2023-03-21T17:28:18.193+09:00,nozerose,KeyEvent,46:46:0,_042___const_,Editor,/Users/nozerose/Desktop/2023학년도 1학기 수업/CB3500572-063 C++프로그래밍과실습(Prof.김태연)/실습/실습 042 - const 파라미터/const_print.cpp,,17,5,Changes
2023-03-21T17:28:19.055+09:00,nozerose,KeyEvent,112:80:0,_042___const_,Editor,/Users/nozerose/Desktop/2023학년도 1학기 수업/CB3500572-063 C++프로그래밍과실습(Prof.김태연)/실습/실습 042 - const 파라미터/const_print.cpp,,17,6,Changes
2023-03-21T17:28:19.250+09:00,nozerose,KeyEvent,117:85:0,_042___const_,Editor,/Users/nozerose/Desktop/2023학년도 1학기 수업/CB3500572-063 C++프로그래밍과실습(Prof.김태연)/실습/실습 042 - const 파라미터/const_print.cpp,,17,7,Changes
2023-03-21T17:28:19.402+09:00,nozerose,KeyEvent,115:83:0,_042___const_,Editor,/Users/nozerose/Desktop/2023학년도 1학기 수업/CB3500572-063 C++프로그래밍과실습(Prof.김태연)/실습/실습 042 - const 파라미터/const_print.cpp,,17,8,Changes
2023-03-21T17:28:19.502+09:00,nozerose,KeyEvent,104:72:0,_042___const_,Editor,/Users/nozerose/Desktop/2023학년도 1학기 수업/CB3500572-063 C++프로그래밍과실습(Prof.김태연)/실습/실습 042 - const 파라미터/const_print.cpp,,17,9,Changes
2023-03-21T17:28:19.960+09:00,nozerose,Action,EditorChooseLookupItem,_042___const_,Editor,/Users/nozerose/Desktop/2023학년도 1학기 수업/CB3500572-063 C++프로그래밍과실습(Prof.김태연)/실습/실습 042 - const 파라미터/const_print.cpp,,17,10,Changes
2023-03-21T17:28:19.993+09:00,nozerose,KeyEvent,10:10:0,_042___const_,Editor,/Users/nozerose/Desktop/2023학년도 1학기 수업/CB3500572-063 C++프로그래밍과실습(Prof.김태연)/실습/실습 042 - const 파라미터/const_print.cpp,,17,16,Changes
2023-03-21T17:28:21.906+09:00,nozerose,KeyEvent,65535:16:1,_042___const_,Editor,/Users/nozerose/Desktop/2023학년도 1학기 수업/CB3500572-063 C++프로그래밍과실습(Prof.김태연)/실습/실습 042 - const 파라미터/const_print.cpp,,17,16,Changes
2023-03-21T17:28:22.022+09:00,nozerose,KeyEvent,34:152:1,_042___const_,Editor,/Users/nozerose/Desktop/2023학년도 1학기 수업/CB3500572-063 C++프로그래밍과실습(Prof.김태연)/실습/실습 042 - const 파라미터/const_print.cpp,,17,16,Changes
2023-03-21T17:28:22.525+09:00,nozerose,KeyEvent,92:92:0,_042___const_,Editor,/Users/nozerose/Desktop/2023학년도 1학기 수업/CB3500572-063 C++프로그래밍과실습(Prof.김태연)/실습/실습 042 - const 파라미터/const_print.cpp,,17,17,Changes
2023-03-21T17:28:22.924+09:00,nozerose,KeyEvent,110:78:0,_042___const_,Editor,/Users/nozerose/Desktop/2023학년도 1학기 수업/CB3500572-063 C++프로그래밍과실습(Prof.김태연)/실습/실습 042 - const 파라미터/const_print.cpp,,17,18,Changes
2023-03-21T17:28:23.573+09:00,nozerose,Action,EditorRight,_042___const_,Editor,/Users/nozerose/Desktop/2023학년도 1학기 수업/CB3500572-063 C++프로그래밍과실습(Prof.김태연)/실습/실습 042 - const 파라미터/const_print.cpp,,17,19,Changes
2023-03-21T17:28:23.576+09:00,nozerose,KeyEvent,65535:39:0,_042___const_,Editor,/Users/nozerose/Desktop/2023학년도 1학기 수업/CB3500572-063 C++프로그래밍과실습(Prof.김태연)/실습/실습 042 - const 파라미터/const_print.cpp,,17,20,Changes
2023-03-21T17:28:23.858+09:00,nozerose,Action,EditorRight,_042___const_,Editor,/Users/nozerose/Desktop/2023학년도 1학기 수업/CB3500572-063 C++프로그래밍과실습(Prof.김태연)/실습/실습 042 - const 파라미터/const_print.cpp,,17,20,Changes
2023-03-21T17:28:23.859+09:00,nozerose,KeyEvent,65535:39:0,_042___const_,Editor,/Users/nozerose/Desktop/2023학년도 1학기 수업/CB3500572-063 C++프로그래밍과실습(Prof.김태연)/실습/실습 042 - const 파라미터/const_print.cpp,,17,21,Changes
2023-03-21T17:28:24.389+09:00,nozerose,KeyEvent,59:59:0,_042___const_,Editor,/Users/nozerose/Desktop/2023학년도 1학기 수업/CB3500572-063 C++프로그래밍과실습(Prof.김태연)/실습/실습 042 - const 파라미터/const_print.cpp,,17,21,Changes
2023-03-21T17:28:27.124+09:00,nozerose,Action,EditorLeft,_042___const_,Editor,/Users/nozerose/Desktop/2023학년도 1학기 수업/CB3500572-063 C++프로그래밍과실습(Prof.김태연)/실습/실습 042 - const 파라미터/const_print.cpp,,17,22,Changes
2023-03-21T17:28:27.126+09:00,nozerose,KeyEvent,65535:37:0,_042___const_,Editor,/Users/nozerose/Desktop/2023학년도 1학기 수업/CB3500572-063 C++프로그래밍과실습(Prof.김태연)/실습/실습 042 - const 파라미터/const_print.cpp,,17,21,Changes
2023-03-21T17:28:27.459+09:00,nozerose,Action,EditorLeft,_042___const_,Editor,/Users/nozerose/Desktop/2023학년도 1학기 수업/CB3500572-063 C++프로그래밍과실습(Prof.김태연)/실습/실습 042 - const 파라미터/const_print.cpp,,17,21,Changes
2023-03-21T17:28:27.460+09:00,nozerose,KeyEvent,65535:37:0,_042___const_,Editor,/Users/nozerose/Desktop/2023학년도 1학기 수업/CB3500572-063 C++프로그래밍과실습(Prof.김태연)/실습/실습 042 - const 파라미터/const_print.cpp,,17,20,Changes
2023-03-21T17:28:27.910+09:00,nozerose,Action,EditorBackSpace,_042___const_,Editor,/Users/nozerose/Desktop/2023학년도 1학기 수업/CB3500572-063 C++프로그래밍과실습(Prof.김태연)/실습/실습 042 - const 파라미터/const_print.cpp,,17,20,Changes
2023-03-21T17:28:27.916+09:00,nozerose,KeyEvent,8:8:0,_042___const_,Editor,/Users/nozerose/Desktop/2023학년도 1학기 수업/CB3500572-063 C++프로그래밍과실습(Prof.김태연)/실습/실습 042 - const 파라미터/const_print.cpp,,17,19,Changes
2023-03-21T17:28:28.066+09:00,nozerose,Action,EditorBackSpace,_042___const_,Editor,/Users/nozerose/Desktop/2023학년도 1학기 수업/CB3500572-063 C++프로그래밍과실습(Prof.김태연)/실습/실습 042 - const 파라미터/const_print.cpp,,17,19,Changes
2023-03-21T17:28:28.072+09:00,nozerose,KeyEvent,8:8:0,_042___const_,Editor,/Users/nozerose/Desktop/2023학년도 1학기 수업/CB3500572-063 C++프로그래밍과실습(Prof.김태연)/실습/실습 042 - const 파라미터/const_print.cpp,,17,18,Changes
2023-03-21T17:28:28.302+09:00,nozerose,Action,EditorBackSpace,_042___const_,Editor,/Users/nozerose/Desktop/2023학년도 1학기 수업/CB3500572-063 C++프로그래밍과실습(Prof.김태연)/실습/실습 042 - const 파라미터/const_print.cpp,,17,18,Changes
2023-03-21T17:28:28.305+09:00,nozerose,KeyEvent,8:8:0,_042___const_,Editor,/Users/nozerose/Desktop/2023학년도 1학기 수업/CB3500572-063 C++프로그래밍과실습(Prof.김태연)/실습/실습 042 - const 파라미터/const_print.cpp,,17,17,Changes
2023-03-21T17:28:28.545+09:00,nozerose,Action,EditorBackSpace,_042___const_,Editor,/Users/nozerose/Desktop/2023학년도 1학기 수업/CB3500572-063 C++프로그래밍과실습(Prof.김태연)/실습/실습 042 - const 파라미터/const_print.cpp,,17,17,Changes
2023-03-21T17:28:28.552+09:00,nozerose,KeyEvent,8:8:0,_042___const_,Editor,/Users/nozerose/Desktop/2023학년도 1학기 수업/CB3500572-063 C++프로그래밍과실습(Prof.김태연)/실습/실습 042 - const 파라미터/const_print.cpp,,17,16,Changes
2023-03-21T17:28:29.235+09:00,nozerose,KeyEvent,39:222:0,_042___const_,Editor,/Users/nozerose/Desktop/2023학년도 1학기 수업/CB3500572-063 C++프로그래밍과실습(Prof.김태연)/실습/실습 042 - const 파라미터/const_print.cpp,,17,16,Changes
2023-03-21T17:28:29.416+09:00,nozerose,KeyEvent,92:92:0,_042___const_,Editor,/Users/nozerose/Desktop/2023학년도 1학기 수업/CB3500572-063 C++프로그래밍과실습(Prof.김태연)/실습/실습 042 - const 파라미터/const_print.cpp,,17,17,Changes
2023-03-21T17:28:29.815+09:00,nozerose,KeyEvent,110:78:0,_042___const_,Editor,/Users/nozerose/Desktop/2023학년도 1학기 수업/CB3500572-063 C++프로그래밍과실습(Prof.김태연)/실습/실습 042 - const 파라미터/const_print.cpp,,17,18,Changes
2023-03-21T17:28:31.419+09:00,nozerose,Action,EditorRight,_042___const_,Editor,/Users/nozerose/Desktop/2023학년도 1학기 수업/CB3500572-063 C++프로그래밍과실습(Prof.김태연)/실습/실습 042 - const 파라미터/const_print.cpp,,17,19,Changes
2023-03-21T17:28:31.421+09:00,nozerose,KeyEvent,65535:39:0,_042___const_,Editor,/Users/nozerose/Desktop/2023학년도 1학기 수업/CB3500572-063 C++프로그래밍과실습(Prof.김태연)/실습/실습 042 - const 파라미터/const_print.cpp,,17,20,Changes
2023-03-21T17:28:31.782+09:00,nozerose,Action,EditorRight,_042___const_,Editor,/Users/nozerose/Desktop/2023학년도 1학기 수업/CB3500572-063 C++프로그래밍과실습(Prof.김태연)/실습/실습 042 - const 파라미터/const_print.cpp,,17,20,Changes
2023-03-21T17:28:31.785+09:00,nozerose,KeyEvent,65535:39:0,_042___const_,Editor,/Users/nozerose/Desktop/2023학년도 1학기 수업/CB3500572-063 C++프로그래밍과실습(Prof.김태연)/실습/실습 042 - const 파라미터/const_print.cpp,,17,21,Changes
2023-03-21T17:28:32.096+09:00,nozerose,Action,EditorRight,_042___const_,Editor,/Users/nozerose/Desktop/2023학년도 1학기 수업/CB3500572-063 C++프로그래밍과실습(Prof.김태연)/실습/실습 042 - const 파라미터/const_print.cpp,,17,21,Changes
2023-03-21T17:28:32.098+09:00,nozerose,KeyEvent,65535:39:0,_042___const_,Editor,/Users/nozerose/Desktop/2023학년도 1학기 수업/CB3500572-063 C++프로그래밍과실습(Prof.김태연)/실습/실습 042 - const 파라미터/const_print.cpp,,17,22,Changes
2023-03-21T17:28:32.765+09:00,nozerose,Action,EditorEnter,_042___const_,Editor,/Users/nozerose/Desktop/2023학년도 1학기 수업/CB3500572-063 C++프로그래밍과실습(Prof.김태연)/실습/실습 042 - const 파라미터/const_print.cpp,,17,22,Changes
2023-03-21T17:28:32.773+09:00,nozerose,KeyEvent,10:10:0,_042___const_,Editor,/Users/nozerose/Desktop/2023학년도 1학기 수업/CB3500572-063 C++프로그래밍과실습(Prof.김태연)/실습/실습 042 - const 파라미터/const_print.cpp,,18,2,Changes
2023-03-21T17:28:34.171+09:00,nozerose,KeyEvent,99:67:0,_042___const_,Editor,/Users/nozerose/Desktop/2023학년도 1학기 수업/CB3500572-063 C++프로그래밍과실습(Prof.김태연)/실습/실습 042 - const 파라미터/const_print.cpp,,18,2,Changes
2023-03-21T17:28:34.268+09:00,nozerose,KeyEvent,111:79:0,_042___const_,Editor,/Users/nozerose/Desktop/2023학년도 1학기 수업/CB3500572-063 C++프로그래밍과실습(Prof.김태연)/실습/실습 042 - const 파라미터/const_print.cpp,,18,3,Changes
2023-03-21T17:28:34.490+09:00,nozerose,KeyEvent,117:85:0,_042___const_,Editor,/Users/nozerose/Desktop/2023학년도 1학기 수업/CB3500572-063 C++프로그래밍과실습(Prof.김태연)/실습/실습 042 - const 파라미터/const_print.cpp,,18,4,Changes
2023-03-21T17:28:34.622+09:00,nozerose,KeyEvent,116:84:0,_042___const_,Editor,/Users/nozerose/Desktop/2023학년도 1학기 수업/CB3500572-063 C++프로그래밍과실습(Prof.김태연)/실습/실습 042 - const 파라미터/const_print.cpp,,18,5,Changes
2023-03-21T17:28:34.838+09:00,nozerose,KeyEvent,32:32:0,_042___const_,Editor,/Users/nozerose/Desktop/2023학년도 1학기 수업/CB3500572-063 C++프로그래밍과실습(Prof.김태연)/실습/실습 042 - const 파라미터/const_print.cpp,,18,6,Changes
2023-03-21T17:28:35.078+09:00,nozerose,KeyEvent,65535:16:1,_042___const_,Editor,/Users/nozerose/Desktop/2023학년도 1학기 수업/CB3500572-063 C++프로그래밍과실습(Prof.김태연)/실습/실습 042 - const 파라미터/const_print.cpp,,18,7,Changes
2023-03-21T17:28:35.297+09:00,nozerose,KeyEvent,60:153:1,_042___const_,Editor,/Users/nozerose/Desktop/2023학년도 1학기 수업/CB3500572-063 C++프로그래밍과실습(Prof.김태연)/실습/실습 042 - const 파라미터/const_print.cpp,,18,7,Changes
2023-03-21T17:28:35.453+09:00,nozerose,KeyEvent,60:153:1,_042___const_,Editor,/Users/nozerose/Desktop/2023학년도 1학기 수업/CB3500572-063 C++프로그래밍과실습(Prof.김태연)/실습/실습 042 - const 파라미터/const_print.cpp,,18,8,Changes
2023-03-21T17:28:35.653+09:00,nozerose,KeyEvent,32:32:0,_042___const_,Editor,/Users/nozerose/Desktop/2023학년도 1학기 수업/CB3500572-063 C++프로그래밍과실습(Prof.김태연)/실습/실습 042 - const 파라미터/const_print.cpp,,18,9,Changes
2023-03-21T17:28:35.879+09:00,nozerose,KeyEvent,115:83:0,_042___const_,Editor,/Users/nozerose/Desktop/2023학년도 1학기 수업/CB3500572-063 C++프로그래밍과실습(Prof.김태연)/실습/실습 042 - const 파라미터/const_print.cpp,,18,10,Changes
2023-03-21T17:28:36.171+09:00,nozerose,KeyEvent,116:84:0,_042___const_,Editor,/Users/nozerose/Desktop/2023학년도 1학기 수업/CB3500572-063 C++프로그래밍과실습(Prof.김태연)/실습/실습 042 - const 파라미터/const_print.cpp,,18,11,Changes
2023-03-21T17:28:36.361+09:00,nozerose,KeyEvent,114:82:0,_042___const_,Editor,/Users/nozerose/Desktop/2023학년도 1학기 수업/CB3500572-063 C++프로그래밍과실습(Prof.김태연)/실습/실습 042 - const 파라미터/const_print.cpp,,18,12,Changes
2023-03-21T17:28:36.552+09:00,nozerose,KeyEvent,59:59:0,_042___const_,Editor,/Users/nozerose/Desktop/2023학년도 1학기 수업/CB3500572-063 C++프로그래밍과실습(Prof.김태연)/실습/실습 042 - const 파라미터/const_print.cpp,,18,13,Changes
2023-03-21T17:28:43.134+09:00,nozerose,Action,Run,_042___const_,Editor,/Users/nozerose/Desktop/2023학년도 1학기 수업/CB3500572-063 C++프로그래밍과실습(Prof.김태연)/실습/실습 042 - const 파라미터/const_print.cpp,,20,0,Changes
2023-03-21T17:32:22.597+09:00,nozerose,Action,EditorEnter,_042___const_,Editor,/Users/nozerose/Desktop/2023학년도 1학기 수업/CB3500572-063 C++프로그래밍과실습(Prof.김태연)/실습/실습 042 - const 파라미터/const_print.cpp,,8,15,Changes
2023-03-21T17:32:22.603+09:00,nozerose,KeyEvent,10:10:0,_042___const_,Editor,/Users/nozerose/Desktop/2023학년도 1학기 수업/CB3500572-063 C++프로그래밍과실습(Prof.김태연)/실습/실습 042 - const 파라미터/const_print.cpp,,9,2,Changes
2023-03-21T17:32:22.912+09:00,nozerose,KeyEvent,99:67:0,_042___const_,Editor,/Users/nozerose/Desktop/2023학년도 1학기 수업/CB3500572-063 C++프로그래밍과실습(Prof.김태연)/실습/실습 042 - const 파라미터/const_print.cpp,,9,2,Changes
2023-03-21T17:32:23.133+09:00,nozerose,KeyEvent,111:79:0,_042___const_,Editor,/Users/nozerose/Desktop/2023학년도 1학기 수업/CB3500572-063 C++프로그래밍과실습(Prof.김태연)/실습/실습 042 - const 파라미터/const_print.cpp,,9,3,Changes
2023-03-21T17:32:23.301+09:00,nozerose,KeyEvent,110:78:0,_042___const_,Editor,/Users/nozerose/Desktop/2023학년도 1학기 수업/CB3500572-063 C++프로그래밍과실습(Prof.김태연)/실습/실습 042 - const 파라미터/const_print.cpp,,9,4,Changes
2023-03-21T17:32:23.440+09:00,nozerose,KeyEvent,115:83:0,_042___const_,Editor,/Users/nozerose/Desktop/2023학년도 1학기 수업/CB3500572-063 C++프로그래밍과실습(Prof.김태연)/실습/실습 042 - const 파라미터/const_print.cpp,,9,5,Changes
2023-03-21T17:32:23.699+09:00,nozerose,KeyEvent,116:84:0,_042___const_,Editor,/Users/nozerose/Desktop/2023학년도 1학기 수업/CB3500572-063 C++프로그래밍과실습(Prof.김태연)/실습/실습 042 - const 파라미터/const_print.cpp,,9,6,Changes
2023-03-21T17:32:23.907+09:00,nozerose,KeyEvent,32:32:0,_042___const_,Editor,/Users/nozerose/Desktop/2023학년도 1학기 수업/CB3500572-063 C++프로그래밍과실습(Prof.김태연)/실습/실습 042 - const 파라미터/const_print.cpp,,9,7,Changes
2023-03-21T17:32:24.125+09:00,nozerose,KeyEvent,115:83:0,_042___const_,Editor,/Users/nozerose/Desktop/2023학년도 1학기 수업/CB3500572-063 C++프로그래밍과실습(Prof.김태연)/실습/실습 042 - const 파라미터/const_print.cpp,,9,8,Changes
2023-03-21T17:32:24.352+09:00,nozerose,KeyEvent,116:84:0,_042___const_,Editor,/Users/nozerose/Desktop/2023학년도 1학기 수업/CB3500572-063 C++프로그래밍과실습(Prof.김태연)/실습/실습 042 - const 파라미터/const_print.cpp,,9,9,Changes
2023-03-21T17:32:24.536+09:00,nozerose,KeyEvent,114:82:0,_042___const_,Editor,/Users/nozerose/Desktop/2023학년도 1학기 수업/CB3500572-063 C++프로그래밍과실습(Prof.김태연)/실습/실습 042 - const 파라미터/const_print.cpp,,9,10,Changes
2023-03-21T17:32:24.664+09:00,nozerose,KeyEvent,59:59:0,_042___const_,Editor,/Users/nozerose/Desktop/2023학년도 1학기 수업/CB3500572-063 C++프로그래밍과실습(Prof.김태연)/실습/실습 042 - const 파라미터/const_print.cpp,,9,11,Changes
2023-03-21T17:32:27.148+09:00,nozerose,Action,EditorBackSpace,_042___const_,Editor,/Users/nozerose/Desktop/2023학년도 1학기 수업/CB3500572-063 C++프로그래밍과실습(Prof.김태연)/실습/실습 042 - const 파라미터/const_print.cpp,,9,12,Changes
2023-03-21T17:32:27.153+09:00,nozerose,KeyEvent,8:8:0,_042___const_,Editor,/Users/nozerose/Desktop/2023학년도 1학기 수업/CB3500572-063 C++프로그래밍과실습(Prof.김태연)/실습/실습 042 - const 파라미터/const_print.cpp,,9,11,Changes
2023-03-21T17:32:28.460+09:00,nozerose,KeyEvent,32:32:0,_042___const_,Editor,/Users/nozerose/Desktop/2023학년도 1학기 수업/CB3500572-063 C++프로그래밍과실습(Prof.김태연)/실습/실습 042 - const 파라미터/const_print.cpp,,9,11,Changes
2023-03-21T17:32:29.253+09:00,nozerose,Action,EditorBackSpace,_042___const_,Editor,/Users/nozerose/Desktop/2023학년도 1학기 수업/CB3500572-063 C++프로그래밍과실습(Prof.김태연)/실습/실습 042 - const 파라미터/const_print.cpp,,9,12,Changes
2023-03-21T17:32:29.259+09:00,nozerose,KeyEvent,8:8:0,_042___const_,Editor,/Users/nozerose/Desktop/2023학년도 1학기 수업/CB3500572-063 C++프로그래밍과실습(Prof.김태연)/실습/실습 042 - const 파라미터/const_print.cpp,,9,11,Changes
2023-03-21T17:32:29.752+09:00,nozerose,KeyEvent,49:49:0,_042___const_,Editor,/Users/nozerose/Desktop/2023학년도 1학기 수업/CB3500572-063 C++프로그래밍과실습(Prof.김태연)/실습/실습 042 - const 파라미터/const_print.cpp,,9,11,Changes
2023-03-21T17:32:30.162+09:00,nozerose,KeyEvent,32:32:0,_042___const_,Editor,/Users/nozerose/Desktop/2023학년도 1학기 수업/CB3500572-063 C++프로그래밍과실습(Prof.김태연)/실습/실습 042 - const 파라미터/const_print.cpp,,9,12,Changes
2023-03-21T17:32:31.290+09:00,nozerose,Action,EditorBackSpace,_042___const_,Editor,/Users/nozerose/Desktop/2023학년도 1학기 수업/CB3500572-063 C++프로그래밍과실습(Prof.김태연)/실습/실습 042 - const 파라미터/const_print.cpp,,9,13,Changes
2023-03-21T17:32:31.296+09:00,nozerose,KeyEvent,8:8:0,_042___const_,Editor,/Users/nozerose/Desktop/2023학년도 1학기 수업/CB3500572-063 C++프로그래밍과실습(Prof.김태연)/실습/실습 042 - const 파라미터/const_print.cpp,,9,12,Changes
2023-03-21T17:32:31.436+09:00,nozerose,Action,EditorBackSpace,_042___const_,Editor,/Users/nozerose/Desktop/2023학년도 1학기 수업/CB3500572-063 C++프로그래밍과실습(Prof.김태연)/실습/실습 042 - const 파라미터/const_print.cpp,,9,12,Changes
2023-03-21T17:32:31.450+09:00,nozerose,KeyEvent,8:8:0,_042___const_,Editor,/Users/nozerose/Desktop/2023학년도 1학기 수업/CB3500572-063 C++프로그래밍과실습(Prof.김태연)/실습/실습 042 - const 파라미터/const_print.cpp,,9,11,Changes
2023-03-21T17:32:31.600+09:00,nozerose,Action,EditorBackSpace,_042___const_,Editor,/Users/nozerose/Desktop/2023학년도 1학기 수업/CB3500572-063 C++프로그래밍과실습(Prof.김태연)/실습/실습 042 - const 파라미터/const_print.cpp,,9,11,Changes
2023-03-21T17:32:31.604+09:00,nozerose,KeyEvent,8:8:0,_042___const_,Editor,/Users/nozerose/Desktop/2023학년도 1학기 수업/CB3500572-063 C++프로그래밍과실습(Prof.김태연)/실습/실습 042 - const 파라미터/const_print.cpp,,9,10,Changes
2023-03-21T17:32:31.774+09:00,nozerose,Action,EditorBackSpace,_042___const_,Editor,/Users/nozerose/Desktop/2023학년도 1학기 수업/CB3500572-063 C++프로그래밍과실습(Prof.김태연)/실습/실습 042 - const 파라미터/const_print.cpp,,9,10,Changes
2023-03-21T17:32:31.785+09:00,nozerose,KeyEvent,8:8:0,_042___const_,Editor,/Users/nozerose/Desktop/2023학년도 1학기 수업/CB3500572-063 C++프로그래밍과실습(Prof.김태연)/실습/실습 042 - const 파라미터/const_print.cpp,,9,9,Changes
2023-03-21T17:32:31.959+09:00,nozerose,Action,EditorBackSpace,_042___const_,Editor,/Users/nozerose/Desktop/2023학년도 1학기 수업/CB3500572-063 C++프로그래밍과실습(Prof.김태연)/실습/실습 042 - const 파라미터/const_print.cpp,,9,9,Changes
2023-03-21T17:32:31.964+09:00,nozerose,KeyEvent,8:8:0,_042___const_,Editor,/Users/nozerose/Desktop/2023학년도 1학기 수업/CB3500572-063 C++프로그래밍과실습(Prof.김태연)/실습/실습 042 - const 파라미터/const_print.cpp,,9,8,Changes
2023-03-21T17:32:33.030+09:00,nozerose,KeyEvent,115:83:0,_042___const_,Editor,/Users/nozerose/Desktop/2023학년도 1학기 수업/CB3500572-063 C++프로그래밍과실습(Prof.김태연)/실습/실습 042 - const 파라미터/const_print.cpp,,9,8,Changes
2023-03-21T17:32:33.478+09:00,nozerose,KeyEvent,116:84:0,_042___const_,Editor,/Users/nozerose/Desktop/2023학년도 1학기 수업/CB3500572-063 C++프로그래밍과실습(Prof.김태연)/실습/실습 042 - const 파라미터/const_print.cpp,,9,9,Changes
2023-03-21T17:32:33.684+09:00,nozerose,KeyEvent,114:82:0,_042___const_,Editor,/Users/nozerose/Desktop/2023학년도 1학기 수업/CB3500572-063 C++프로그래밍과실습(Prof.김태연)/실습/실습 042 - const 파라미터/const_print.cpp,,9,10,Changes
2023-03-21T17:32:34.303+09:00,nozerose,Action,EditorBackSpace,_042___const_,Editor,/Users/nozerose/Desktop/2023학년도 1학기 수업/CB3500572-063 C++프로그래밍과실습(Prof.김태연)/실습/실습 042 - const 파라미터/const_print.cpp,,9,11,Changes
2023-03-21T17:32:34.313+09:00,nozerose,KeyEvent,8:8:0,_042___const_,Editor,/Users/nozerose/Desktop/2023학년도 1학기 수업/CB3500572-063 C++프로그래밍과실습(Prof.김태연)/실습/실습 042 - const 파라미터/const_print.cpp,,9,10,Changes
2023-03-21T17:32:34.444+09:00,nozerose,Action,EditorBackSpace,_042___const_,Editor,/Users/nozerose/Desktop/2023학년도 1학기 수업/CB3500572-063 C++프로그래밍과실습(Prof.김태연)/실습/실습 042 - const 파라미터/const_print.cpp,,9,10,Changes
2023-03-21T17:32:34.457+09:00,nozerose,KeyEvent,8:8:0,_042___const_,Editor,/Users/nozerose/Desktop/2023학년도 1학기 수업/CB3500572-063 C++프로그래밍과실습(Prof.김태연)/실습/실습 042 - const 파라미터/const_print.cpp,,9,9,Changes
2023-03-21T17:32:35.130+09:00,nozerose,KeyEvent,116:84:0,_042___const_,Editor,/Users/nozerose/Desktop/2023학년도 1학기 수업/CB3500572-063 C++프로그래밍과실습(Prof.김태연)/실습/실습 042 - const 파라미터/const_print.cpp,,9,9,Changes
2023-03-21T17:32:35.465+09:00,nozerose,KeyEvent,114:82:0,_042___const_,Editor,/Users/nozerose/Desktop/2023학년도 1학기 수업/CB3500572-063 C++프로그래밍과실습(Prof.김태연)/실습/실습 042 - const 파라미터/const_print.cpp,,9,10,Changes
2023-03-21T17:32:35.553+09:00,nozerose,KeyEvent,105:73:0,_042___const_,Editor,/Users/nozerose/Desktop/2023학년도 1학기 수업/CB3500572-063 C++프로그래밍과실습(Prof.김태연)/실습/실습 042 - const 파라미터/const_print.cpp,,9,11,Changes
2023-03-21T17:32:35.669+09:00,nozerose,KeyEvent,110:78:0,_042___const_,Editor,/Users/nozerose/Desktop/2023학년도 1학기 수업/CB3500572-063 C++프로그래밍과실습(Prof.김태연)/실습/실습 042 - const 파라미터/const_print.cpp,,9,12,Changes
2023-03-21T17:32:35.792+09:00,nozerose,KeyEvent,103:71:0,_042___const_,Editor,/Users/nozerose/Desktop/2023학년도 1학기 수업/CB3500572-063 C++프로그래밍과실습(Prof.김태연)/실습/실습 042 - const 파라미터/const_print.cpp,,9,13,Changes
2023-03-21T17:32:36.151+09:00,nozerose,KeyEvent,32:32:0,_042___const_,Editor,/Users/nozerose/Desktop/2023학년도 1학기 수업/CB3500572-063 C++프로그래밍과실습(Prof.김태연)/실습/실습 042 - const 파라미터/const_print.cpp,,9,14,Changes
2023-03-21T17:32:36.402+09:00,nozerose,KeyEvent,115:83:0,_042___const_,Editor,/Users/nozerose/Desktop/2023학년도 1학기 수업/CB3500572-063 C++프로그래밍과실습(Prof.김태연)/실습/실습 042 - const 파라미터/const_print.cpp,,9,15,Changes
2023-03-21T17:32:36.653+09:00,nozerose,KeyEvent,116:84:0,_042___const_,Editor,/Users/nozerose/Desktop/2023학년도 1학기 수업/CB3500572-063 C++프로그래밍과실습(Prof.김태연)/실습/실습 042 - const 파라미터/const_print.cpp,,9,16,Changes
2023-03-21T17:32:36.827+09:00,nozerose,KeyEvent,114:82:0,_042___const_,Editor,/Users/nozerose/Desktop/2023학년도 1학기 수업/CB3500572-063 C++프로그래밍과실습(Prof.김태연)/실습/실습 042 - const 파라미터/const_print.cpp,,9,17,Changes
2023-03-21T17:32:36.936+09:00,nozerose,KeyEvent,59:59:0,_042___const_,Editor,/Users/nozerose/Desktop/2023학년도 1학기 수업/CB3500572-063 C++프로그래밍과실습(Prof.김태연)/실습/실습 042 - const 파라미터/const_print.cpp,,9,18,Changes
2023-03-21T17:32:38.186+09:00,nozerose,Action,EditorBackSpace,_042___const_,Editor,/Users/nozerose/Desktop/2023학년도 1학기 수업/CB3500572-063 C++프로그래밍과실습(Prof.김태연)/실습/실습 042 - const 파라미터/const_print.cpp,,9,19,Changes
2023-03-21T17:32:38.193+09:00,nozerose,KeyEvent,8:8:0,_042___const_,Editor,/Users/nozerose/Desktop/2023학년도 1학기 수업/CB3500572-063 C++프로그래밍과실습(Prof.김태연)/실습/실습 042 - const 파라미터/const_print.cpp,,9,18,Changes
2023-03-21T17:32:40.625+09:00,nozerose,KeyEvent,49:49:0,_042___const_,Editor,/Users/nozerose/Desktop/2023학년도 1학기 수업/CB3500572-063 C++프로그래밍과실습(Prof.김태연)/실습/실습 042 - const 파라미터/const_print.cpp,,9,18,Changes
2023-03-21T17:32:41.634+09:00,nozerose,KeyEvent,32:32:0,_042___const_,Editor,/Users/nozerose/Desktop/2023학년도 1학기 수업/CB3500572-063 C++프로그래밍과실습(Prof.김태연)/실습/실습 042 - const 파라미터/const_print.cpp,,9,19,Changes
2023-03-21T17:32:41.826+09:00,nozerose,KeyEvent,61:61:0,_042___const_,Editor,/Users/nozerose/Desktop/2023학년도 1학기 수업/CB3500572-063 C++프로그래밍과실습(Prof.김태연)/실습/실습 042 - const 파라미터/const_print.cpp,,9,20,Changes
2023-03-21T17:32:41.976+09:00,nozerose,KeyEvent,32:32:0,_042___const_,Editor,/Users/nozerose/Desktop/2023학년도 1학기 수업/CB3500572-063 C++프로그래밍과실습(Prof.김태연)/실습/실습 042 - const 파라미터/const_print.cpp,,9,21,Changes
2023-03-21T17:32:42.163+09:00,nozerose,KeyEvent,115:83:0,_042___const_,Editor,/Users/nozerose/Desktop/2023학년도 1학기 수업/CB3500572-063 C++프로그래밍과실습(Prof.김태연)/실습/실습 042 - const 파라미터/const_print.cpp,,9,22,Changes
2023-03-21T17:32:42.373+09:00,nozerose,KeyEvent,116:84:0,_042___const_,Editor,/Users/nozerose/Desktop/2023학년도 1학기 수업/CB3500572-063 C++프로그래밍과실습(Prof.김태연)/실습/실습 042 - const 파라미터/const_print.cpp,,9,23,Changes
2023-03-21T17:32:42.552+09:00,nozerose,KeyEvent,114:82:0,_042___const_,Editor,/Users/nozerose/Desktop/2023학년도 1학기 수업/CB3500572-063 C++프로그래밍과실습(Prof.김태연)/실습/실습 042 - const 파라미터/const_print.cpp,,9,24,Changes
2023-03-21T17:32:42.672+09:00,nozerose,KeyEvent,59:59:0,_042___const_,Editor,/Users/nozerose/Desktop/2023학년도 1학기 수업/CB3500572-063 C++프로그래밍과실습(Prof.김태연)/실습/실습 042 - const 파라미터/const_print.cpp,,9,25,Changes
2023-03-21T17:32:55.973+09:00,nozerose,Action,Run,_042___const_,Editor,/Users/nozerose/Desktop/2023학년도 1학기 수업/CB3500572-063 C++프로그래밍과실습(Prof.김태연)/실습/실습 042 - const 파라미터/const_print.cpp,,8,15,Changes
2023-03-21T17:34:39.891+09:00,nozerose,KeyEvent,99:67:0,_042___const_,Editor,/Users/nozerose/Desktop/2023학년도 1학기 수업/CB3500572-063 C++프로그래밍과실습(Prof.김태연)/실습/실습 042 - const 파라미터/const_print.cpp,,12,4,Changes
2023-03-21T17:34:40.070+09:00,nozerose,KeyEvent,111:79:0,_042___const_,Editor,/Users/nozerose/Desktop/2023학년도 1학기 수업/CB3500572-063 C++프로그래밍과실습(Prof.김태연)/실습/실습 042 - const 파라미터/const_print.cpp,,12,5,Changes
2023-03-21T17:34:40.296+09:00,nozerose,KeyEvent,117:85:0,_042___const_,Editor,/Users/nozerose/Desktop/2023학년도 1학기 수업/CB3500572-063 C++프로그래밍과실습(Prof.김태연)/실습/실습 042 - const 파라미터/const_print.cpp,,12,6,Changes
2023-03-21T17:34:40.442+09:00,nozerose,KeyEvent,116:84:0,_042___const_,Editor,/Users/nozerose/Desktop/2023학년도 1학기 수업/CB3500572-063 C++프로그래밍과실습(Prof.김태연)/실습/실습 042 - const 파라미터/const_print.cpp,,12,7,Changes
2023-03-21T17:34:40.640+09:00,nozerose,KeyEvent,32:32:0,_042___const_,Editor,/Users/nozerose/Desktop/2023학년도 1학기 수업/CB3500572-063 C++프로그래밍과실습(Prof.김태연)/실습/실습 042 - const 파라미터/const_print.cpp,,12,8,Changes
2023-03-21T17:34:40.816+09:00,nozerose,KeyEvent,65535:16:1,_042___const_,Editor,/Users/nozerose/Desktop/2023학년도 1학기 수업/CB3500572-063 C++프로그래밍과실습(Prof.김태연)/실습/실습 042 - const 파라미터/const_print.cpp,,12,9,Changes
2023-03-21T17:34:41.276+09:00,nozerose,KeyEvent,60:153:1,_042___const_,Editor,/Users/nozerose/Desktop/2023학년도 1학기 수업/CB3500572-063 C++프로그래밍과실습(Prof.김태연)/실습/실습 042 - const 파라미터/const_print.cpp,,12,9,Changes
2023-03-21T17:34:41.435+09:00,nozerose,KeyEvent,60:153:1,_042___const_,Editor,/Users/nozerose/Desktop/2023학년도 1학기 수업/CB3500572-063 C++프로그래밍과실습(Prof.김태연)/실습/실습 042 - const 파라미터/const_print.cpp,,12,10,Changes
2023-03-21T17:34:41.590+09:00,nozerose,KeyEvent,32:32:0,_042___const_,Editor,/Users/nozerose/Desktop/2023학년도 1학기 수업/CB3500572-063 C++프로그래밍과실습(Prof.김태연)/실습/실습 042 - const 파라미터/const_print.cpp,,12,11,Changes
2023-03-21T17:34:41.801+09:00,nozerose,KeyEvent,115:83:0,_042___const_,Editor,/Users/nozerose/Desktop/2023학년도 1학기 수업/CB3500572-063 C++프로그래밍과실습(Prof.김태연)/실습/실습 042 - const 파라미터/const_print.cpp,,12,12,Changes
2023-03-21T17:34:42.037+09:00,nozerose,KeyEvent,116:84:0,_042___const_,Editor,/Users/nozerose/Desktop/2023학년도 1학기 수업/CB3500572-063 C++프로그래밍과실습(Prof.김태연)/실습/실습 042 - const 파라미터/const_print.cpp,,12,13,Changes
2023-03-21T17:34:42.218+09:00,nozerose,KeyEvent,114:82:0,_042___const_,Editor,/Users/nozerose/Desktop/2023학년도 1학기 수업/CB3500572-063 C++프로그래밍과실습(Prof.김태연)/실습/실습 042 - const 파라미터/const_print.cpp,,12,14,Changes
2023-03-21T17:34:42.369+09:00,nozerose,KeyEvent,39:222:0,_042___const_,Editor,/Users/nozerose/Desktop/2023학년도 1학기 수업/CB3500572-063 C++프로그래밍과실습(Prof.김태연)/실습/실습 042 - const 파라미터/const_print.cpp,,12,15,Changes
2023-03-21T17:34:43.358+09:00,nozerose,Action,EditorBackSpace,_042___const_,Editor,/Users/nozerose/Desktop/2023학년도 1학기 수업/CB3500572-063 C++프로그래밍과실습(Prof.김태연)/실습/실습 042 - const 파라미터/const_print.cpp,,12,16,Changes
2023-03-21T17:34:43.362+09:00,nozerose,KeyEvent,8:8:0,_042___const_,Editor,/Users/nozerose/Desktop/2023학년도 1학기 수업/CB3500572-063 C++프로그래밍과실습(Prof.김태연)/실습/실습 042 - const 파라미터/const_print.cpp,,12,15,Changes
2023-03-21T17:34:43.568+09:00,nozerose,KeyEvent,59:59:0,_042___const_,Editor,/Users/nozerose/Desktop/2023학년도 1학기 수업/CB3500572-063 C++프로그래밍과실습(Prof.김태연)/실습/실습 042 - const 파라미터/const_print.cpp,,12,15,Changes
2023-03-21T17:34:47.755+09:00,nozerose,KeyEvent,49:49:0,_042___const_,Editor,/Users/nozerose/Desktop/2023학년도 1학기 수업/CB3500572-063 C++프로그래밍과실습(Prof.김태연)/실습/실습 042 - const 파라미터/const_print.cpp,,12,15,Changes
2023-03-21T17:34:48.181+09:00,nozerose,Action,Run,_042___const_,Editor,/Users/nozerose/Desktop/2023학년도 1학기 수업/CB3500572-063 C++프로그래밍과실습(Prof.김태연)/실습/실습 042 - const 파라미터/const_print.cpp,,12,16,Changes
2023-03-21T17:35:00.635+09:00,nozerose,KeyEvent,65535:157:4,_042___const_,Editor,/Users/nozerose/Desktop/2023학년도 1학기 수업/CB3500572-063 C++프로그래밍과실습(Prof.김태연)/실습/실습 042 - const 파라미터/const_print.cpp,,12,16,Changes
2023-03-21T17:35:00.888+09:00,nozerose,Action,EditorCopy,_042___const_,Editor,/Users/nozerose/Desktop/2023학년도 1학기 수업/CB3500572-063 C++프로그래밍과실습(Prof.김태연)/실습/실습 042 - const 파라미터/const_print.cpp,,12,16,Changes
2023-03-21T17:35:00.899+09:00,nozerose,KeyEvent,99:67:4,_042___const_,Editor,/Users/nozerose/Desktop/2023학년도 1학기 수업/CB3500572-063 C++프로그래밍과실습(Prof.김태연)/실습/실습 042 - const 파라미터/const_print.cpp,,12,16,Changes
2023-03-21T17:35:50.353+09:00,nozerose,KeyEvent,65535:157:4,_042___const_,Editor,/Users/nozerose/Desktop/2023학년도 1학기 수업/CB3500572-063 C++프로그래밍과실습(Prof.김태연)/실습/실습 042 - const 파라미터/const_print.cpp,,12,16,Changes
2023-03-21T17:35:50.538+09:00,nozerose,Action,EditorCopy,_042___const_,Editor,/Users/nozerose/Desktop/2023학년도 1학기 수업/CB3500572-063 C++프로그래밍과실습(Prof.김태연)/실습/실습 042 - const 파라미터/const_print.cpp,,12,16,Changes
2023-03-21T17:35:50.543+09:00,nozerose,KeyEvent,99:67:4,_042___const_,Editor,/Users/nozerose/Desktop/2023학년도 1학기 수업/CB3500572-063 C++프로그래밍과실습(Prof.김태연)/실습/실습 042 - const 파라미터/const_print.cpp,,12,16,Changes
2023-03-21T17:36:05.641+09:00,nozerose,KeyEvent,65535:157:4,_042___const_,Editor,/Users/nozerose/Desktop/2023학년도 1학기 수업/CB3500572-063 C++프로그래밍과실습(Prof.김태연)/실습/실습 042 - const 파라미터/const_print.cpp,,15,1,Changes
2023-03-21T17:36:06.139+09:00,nozerose,Action,GotoDeclaration,_042___const_,Editor,/Users/nozerose/Desktop/2023학년도 1학기 수업/CB3500572-063 C++프로그래밍과실습(Prof.김태연)/실습/실습 042 - const 파라미터/const_print.cpp,,9,18,Changes
2023-03-21T17:36:40.968+09:00,nozerose,Action,editRunConfigurations,,,,,-1,-1,
2023-03-21T17:38:50.816+09:00,nozerose,Action,EditorBackSpace,_042___const_,Editor,/Users/nozerose/Desktop/2023학년도 1학기 수업/CB3500572-063 C++프로그래밍과실습(Prof.김태연)/실습/실습 042 - const 파라미터/const_print.cpp,,17,21,Changes
2023-03-21T17:38:50.823+09:00,nozerose,KeyEvent,8:8:0,_042___const_,Editor,/Users/nozerose/Desktop/2023학년도 1학기 수업/CB3500572-063 C++프로그래밍과실습(Prof.김태연)/실습/실습 042 - const 파라미터/const_print.cpp,,17,20,Changes
2023-03-21T17:38:54.853+09:00,nozerose,Action,Run,_042___const_,Editor,/Users/nozerose/Desktop/2023학년도 1학기 수업/CB3500572-063 C++프로그래밍과실습(Prof.김태연)/실습/실습 042 - const 파라미터/const_print.cpp,,19,14,Changes
2023-03-21T17:38:55.634+09:00,nozerose,Execution,"Run:'CMake Application: _042___const_':""/Users/nozerose/Desktop/2023학년도 1학기 수업/CB3500572-063 C++프로그래밍과실습(Prof.김태연)/실습/실습 042 - const 파라미터/cmake-build-debug/_042___const_""",_042___const_,Editor,/Users/nozerose/Desktop/2023학년도 1학기 수업/CB3500572-063 C++프로그래밍과실습(Prof.김태연)/실습/실습 042 - const 파라미터/const_print.cpp,,19,14,Changes
2023-03-21T17:39:02.816+09:00,nozerose,Action,EditorRight,_042___const_,Editor,/Users/nozerose/Desktop/2023학년도 1학기 수업/CB3500572-063 C++프로그래밍과실습(Prof.김태연)/실습/실습 042 - const 파라미터/const_print.cpp,,19,13,Changes
2023-03-21T17:39:02.819+09:00,nozerose,KeyEvent,65535:39:0,_042___const_,Editor,/Users/nozerose/Desktop/2023학년도 1학기 수업/CB3500572-063 C++프로그래밍과실습(Prof.김태연)/실습/실습 042 - const 파라미터/const_print.cpp,,19,14,Changes
2023-03-21T17:39:07.569+09:00,nozerose,KeyEvent,12628:80:0,_042___const_,Editor,/Users/nozerose/Desktop/2023학년도 1학기 수업/CB3500572-063 C++프로그래밍과실습(Prof.김태연)/실습/실습 042 - const 파라미터/const_print.cpp,,12,4,Changes
2023-03-21T17:39:08.105+09:00,nozerose,Action,EditorBackSpace,_042___const_,Editor,/Users/nozerose/Desktop/2023학년도 1학기 수업/CB3500572-063 C++프로그래밍과실습(Prof.김태연)/실습/실습 042 - const 파라미터/const_print.cpp,,12,6,Changes
2023-03-21T17:39:08.107+09:00,nozerose,KeyEvent,8:8:0,_042___const_,Editor,/Users/nozerose/Desktop/2023학년도 1학기 수업/CB3500572-063 C++프로그래밍과실습(Prof.김태연)/실습/실습 042 - const 파라미터/const_print.cpp,,12,5,Changes
2023-03-21T17:39:08.216+09:00,nozerose,Action,EditorBackSpace,_042___const_,Editor,/Users/nozerose/Desktop/2023학년도 1학기 수업/CB3500572-063 C++프로그래밍과실습(Prof.김태연)/실습/실습 042 - const 파라미터/const_print.cpp,,12,5,Changes
2023-03-21T17:39:08.226+09:00,nozerose,KeyEvent,8:8:0,_042___const_,Editor,/Users/nozerose/Desktop/2023학년도 1학기 수업/CB3500572-063 C++프로그래밍과실습(Prof.김태연)/실습/실습 042 - const 파라미터/const_print.cpp,,12,4,Changes
2023-03-21T17:39:08.440+09:00,nozerose,KeyEvent,65535:20:0,_042___const_,Editor,/Users/nozerose/Desktop/2023학년도 1학기 수업/CB3500572-063 C++프로그래밍과실습(Prof.김태연)/실습/실습 042 - const 파라미터/const_print.cpp,,12,4,Changes
2023-03-21T17:39:08.487+09:00,nozerose,KeyEvent,65535:0:0,_042___const_,Editor,/Users/nozerose/Desktop/2023학년도 1학기 수업/CB3500572-063 C++프로그래밍과실습(Prof.김태연)/실습/실습 042 - const 파라미터/const_print.cpp,,12,4,Changes
2023-03-21T17:39:08.505+09:00,nozerose,KeyEvent,112:80:0,_042___const_,Editor,/Users/nozerose/Desktop/2023학년도 1학기 수업/CB3500572-063 C++프로그래밍과실습(Prof.김태연)/실습/실습 042 - const 파라미터/const_print.cpp,,12,4,Changes
2023-03-21T17:39:08.639+09:00,nozerose,KeyEvent,114:82:0,_042___const_,Editor,/Users/nozerose/Desktop/2023학년도 1학기 수업/CB3500572-063 C++프로그래밍과실습(Prof.김태연)/실습/실습 042 - const 파라미터/const_print.cpp,,12,5,Changes
2023-03-21T17:39:08.727+09:00,nozerose,KeyEvent,105:73:0,_042___const_,Editor,/Users/nozerose/Desktop/2023학년도 1학기 수업/CB3500572-063 C++프로그래밍과실습(Prof.김태연)/실습/실습 042 - const 파라미터/const_print.cpp,,12,6,Changes
2023-03-21T17:39:08.832+09:00,nozerose,KeyEvent,110:78:0,_042___const_,Editor,/Users/nozerose/Desktop/2023학년도 1학기 수업/CB3500572-063 C++프로그래밍과실습(Prof.김태연)/실습/실습 042 - const 파라미터/const_print.cpp,,12,7,Changes
2023-03-21T17:39:09.002+09:00,nozerose,KeyEvent,116:84:0,_042___const_,Editor,/Users/nozerose/Desktop/2023학년도 1학기 수업/CB3500572-063 C++프로그래밍과실습(Prof.김태연)/실습/실습 042 - const 파라미터/const_print.cpp,,12,8,Changes
2023-03-21T17:39:09.197+09:00,nozerose,KeyEvent,108:76:0,_042___const_,Editor,/Users/nozerose/Desktop/2023학년도 1학기 수업/CB3500572-063 C++프로그래밍과실습(Prof.김태연)/실습/실습 042 - const 파라미터/const_print.cpp,,12,9,Changes
2023-03-21T17:39:09.321+09:00,nozerose,KeyEvent,110:78:0,_042___const_,Editor,/Users/nozerose/Desktop/2023학년도 1학기 수업/CB3500572-063 C++프로그래밍과실습(Prof.김태연)/실습/실습 042 - const 파라미터/const_print.cpp,,12,10,Changes
2023-03-21T17:39:09.774+09:00,nozerose,KeyEvent,65535:16:1,_042___const_,Editor,/Users/nozerose/Desktop/2023학년도 1학기 수업/CB3500572-063 C++프로그래밍과실습(Prof.김태연)/실습/실습 042 - const 파라미터/const_print.cpp,,12,11,Changes
2023-03-21T17:39:10.148+09:00,nozerose,KeyEvent,40:519:1,_042___const_,Editor,/Users/nozerose/Desktop/2023학년도 1학기 수업/CB3500572-063 C++프로그래밍과실습(Prof.김태연)/실습/실습 042 - const 파라미터/const_print.cpp,,12,11,Changes
2023-03-21T17:39:10.373+09:00,nozerose,KeyEvent,115:83:0,_042___const_,Editor,/Users/nozerose/Desktop/2023학년도 1학기 수업/CB3500572-063 C++프로그래밍과실습(Prof.김태연)/실습/실습 042 - const 파라미터/const_print.cpp,,12,12,Changes
2023-03-21T17:39:10.631+09:00,nozerose,KeyEvent,116:84:0,_042___const_,Editor,/Users/nozerose/Desktop/2023학년도 1학기 수업/CB3500572-063 C++프로그래밍과실습(Prof.김태연)/실습/실습 042 - const 파라미터/const_print.cpp,,12,13,Changes
2023-03-21T17:39:10.812+09:00,nozerose,KeyEvent,114:82:0,_042___const_,Editor,/Users/nozerose/Desktop/2023학년도 1학기 수업/CB3500572-063 C++프로그래밍과실습(Prof.김태연)/실습/실습 042 - const 파라미터/const_print.cpp,,12,14,Changes
2023-03-21T17:39:11.056+09:00,nozerose,Action,EditorRight,_042___const_,Editor,/Users/nozerose/Desktop/2023학년도 1학기 수업/CB3500572-063 C++프로그래밍과실습(Prof.김태연)/실습/실습 042 - const 파라미터/const_print.cpp,,12,15,Changes
2023-03-21T17:39:11.058+09:00,nozerose,KeyEvent,65535:39:0,_042___const_,Editor,/Users/nozerose/Desktop/2023학년도 1학기 수업/CB3500572-063 C++프로그래밍과실습(Prof.김태연)/실습/실습 042 - const 파라미터/const_print.cpp,,12,16,Changes
2023-03-21T17:39:11.519+09:00,nozerose,KeyEvent,59:59:0,_042___const_,Editor,/Users/nozerose/Desktop/2023학년도 1학기 수업/CB3500572-063 C++프로그래밍과실습(Prof.김태연)/실습/실습 042 - const 파라미터/const_print.cpp,,12,16,Changes
2023-03-21T17:39:15.217+09:00,nozerose,Action,Run,_042___const_,Editor,/Users/nozerose/Desktop/2023학년도 1학기 수업/CB3500572-063 C++프로그래밍과실습(Prof.김태연)/실습/실습 042 - const 파라미터/const_print.cpp,,13,0,Changes
2023-03-21T17:39:15.760+09:00,nozerose,Execution,"Run:'CMake Application: _042___const_':""/Users/nozerose/Desktop/2023학년도 1학기 수업/CB3500572-063 C++프로그래밍과실습(Prof.김태연)/실습/실습 042 - const 파라미터/cmake-build-debug/_042___const_""",_042___const_,Editor,/Users/nozerose/Desktop/2023학년도 1학기 수업/CB3500572-063 C++프로그래밍과실습(Prof.김태연)/실습/실습 042 - const 파라미터/const_print.cpp,,13,0,Changes
2023-03-21T17:39:24.264+09:00,nozerose,Action,RevealIn,_042___const_,Popup,/Users/nozerose/Library/Application Support/JetBrains/CLion2022.3/plugins/activity-tracker/ide-events.csv,,0,0,Changes
