2023-03-08T00:43:00.268+09:00,nozerose,KeyEvent,65535:157:4,_018___reference_variable,Editor,/Users/nozerose/Desktop/2023학년도 1학기 수업/CB3500572-063 C++프로그래밍과실습(Prof.김태연)/실습 018 - reference variable/main.cpp,,2,0,Changes
2023-03-08T00:43:00.441+09:00,nozerose,Action,EditorPaste,_018___reference_variable,Editor,/Users/nozerose/Desktop/2023학년도 1학기 수업/CB3500572-063 C++프로그래밍과실습(Prof.김태연)/실습 018 - reference variable/main.cpp,,2,0,Changes
2023-03-08T00:43:00.516+09:00,nozerose,KeyEvent,118:86:4,_018___reference_variable,Editor,/Users/nozerose/Desktop/2023학년도 1학기 수업/CB3500572-063 C++프로그래밍과실습(Prof.김태연)/실습 018 - reference variable/main.cpp,,12,1,Changes
2023-03-08T00:43:02.762+09:00,nozerose,Action,EditorBackSpace,_018___reference_variable,Editor,/Users/nozerose/Desktop/2023학년도 1학기 수업/CB3500572-063 C++프로그래밍과실습(Prof.김태연)/실습 018 - reference variable/main.cpp,,3,0,Changes
2023-03-08T00:43:02.785+09:00,nozerose,KeyEvent,8:8:0,_018___reference_variable,Editor,/Users/nozerose/Desktop/2023학년도 1학기 수업/CB3500572-063 C++프로그래밍과실습(Prof.김태연)/실습 018 - reference variable/main.cpp,,2,12,Changes
2023-03-08T00:43:04.118+09:00,nozerose,Action,EditorEnter,_018___reference_variable,Editor,/Users/nozerose/Desktop/2023학년도 1학기 수업/CB3500572-063 C++프로그래밍과실습(Prof.김태연)/실습 018 - reference variable/main.cpp,,2,12,Changes
2023-03-08T00:43:04.147+09:00,nozerose,KeyEvent,10:10:0,_018___reference_variable,Editor,/Users/nozerose/Desktop/2023학년도 1학기 수업/CB3500572-063 C++프로그래밍과실습(Prof.김태연)/실습 018 - reference variable/main.cpp,,3,2,Changes
2023-03-08T00:43:04.787+09:00,nozerose,Action,EditorBackSpace,_018___reference_variable,Editor,/Users/nozerose/Desktop/2023학년도 1학기 수업/CB3500572-063 C++프로그래밍과실습(Prof.김태연)/실습 018 - reference variable/main.cpp,,5,0,Changes
2023-03-08T00:43:04.791+09:00,nozerose,KeyEvent,8:8:0,_018___reference_variable,Editor,/Users/nozerose/Desktop/2023학년도 1학기 수업/CB3500572-063 C++프로그래밍과실습(Prof.김태연)/실습 018 - reference variable/main.cpp,,4,11,Changes
2023-03-08T00:43:05.364+09:00,nozerose,Action,EditorBackSpace,_018___reference_variable,Editor,/Users/nozerose/Desktop/2023학년도 1학기 수업/CB3500572-063 C++프로그래밍과실습(Prof.김태연)/실습 018 - reference variable/main.cpp,,6,0,Changes
2023-03-08T00:43:05.368+09:00,nozerose,KeyEvent,8:8:0,_018___reference_variable,Editor,/Users/nozerose/Desktop/2023학년도 1학기 수업/CB3500572-063 C++프로그래밍과실습(Prof.김태연)/실습 018 - reference variable/main.cpp,,5,21,Changes
2023-03-08T00:43:05.863+09:00,nozerose,Action,EditorBackSpace,_018___reference_variable,Editor,/Users/nozerose/Desktop/2023학년도 1학기 수업/CB3500572-063 C++프로그래밍과실습(Prof.김태연)/실습 018 - reference variable/main.cpp,,7,0,Changes
2023-03-08T00:43:05.866+09:00,nozerose,KeyEvent,8:8:0,_018___reference_variable,Editor,/Users/nozerose/Desktop/2023학년도 1학기 수업/CB3500572-063 C++프로그래밍과실습(Prof.김태연)/실습 018 - reference variable/main.cpp,,6,16,Changes
2023-03-08T00:43:06.353+09:00,nozerose,Action,EditorBackSpace,_018___reference_variable,Editor,/Users/nozerose/Desktop/2023학년도 1학기 수업/CB3500572-063 C++프로그래밍과실습(Prof.김태연)/실습 018 - reference variable/main.cpp,,8,0,Changes
2023-03-08T00:43:06.356+09:00,nozerose,KeyEvent,8:8:0,_018___reference_variable,Editor,/Users/nozerose/Desktop/2023학년도 1학기 수업/CB3500572-063 C++프로그래밍과실습(Prof.김태연)/실습 018 - reference variable/main.cpp,,7,29,Changes
2023-03-08T00:43:11.663+09:00,nozerose,Action,EditorEnter,_018___reference_variable,Editor,/Users/nozerose/Desktop/2023학년도 1학기 수업/CB3500572-063 C++프로그래밍과실습(Prof.김태연)/실습 018 - reference variable/main.cpp,,1,0,Changes
2023-03-08T00:43:11.670+09:00,nozerose,KeyEvent,10:10:0,_018___reference_variable,Editor,/Users/nozerose/Desktop/2023학년도 1학기 수업/CB3500572-063 C++프로그래밍과실습(Prof.김태연)/실습 018 - reference variable/main.cpp,,2,0,Changes
2023-03-08T00:43:11.829+09:00,nozerose,Action,EditorEnter,_018___reference_variable,Editor,/Users/nozerose/Desktop/2023학년도 1학기 수업/CB3500572-063 C++프로그래밍과실습(Prof.김태연)/실습 018 - reference variable/main.cpp,,2,0,Changes
2023-03-08T00:43:11.838+09:00,nozerose,KeyEvent,10:10:0,_018___reference_variable,Editor,/Users/nozerose/Desktop/2023학년도 1학기 수업/CB3500572-063 C++프로그래밍과실습(Prof.김태연)/실습 018 - reference variable/main.cpp,,3,0,Changes
2023-03-08T00:43:12.463+09:00,nozerose,Action,EditorUp,_018___reference_variable,Editor,/Users/nozerose/Desktop/2023학년도 1학기 수업/CB3500572-063 C++프로그래밍과실습(Prof.김태연)/실습 018 - reference variable/main.cpp,,3,0,Changes
2023-03-08T00:43:12.465+09:00,nozerose,KeyEvent,65535:38:0,_018___reference_variable,Editor,/Users/nozerose/Desktop/2023학년도 1학기 수업/CB3500572-063 C++프로그래밍과실습(Prof.김태연)/실습 018 - reference variable/main.cpp,,2,0,Changes
2023-03-08T00:43:13.601+09:00,nozerose,KeyEvent,12625:73:0,_018___reference_variable,Editor,/Users/nozerose/Desktop/2023학년도 1학기 수업/CB3500572-063 C++프로그래밍과실습(Prof.김태연)/실습 018 - reference variable/main.cpp,,2,0,Changes
2023-03-08T00:43:14.206+09:00,nozerose,Action,EditorBackSpace,_018___reference_variable,Editor,/Users/nozerose/Desktop/2023학년도 1학기 수업/CB3500572-063 C++프로그래밍과실습(Prof.김태연)/실습 018 - reference variable/main.cpp,,2,1,Changes
2023-03-08T00:43:14.210+09:00,nozerose,KeyEvent,8:8:0,_018___reference_variable,Editor,/Users/nozerose/Desktop/2023학년도 1학기 수업/CB3500572-063 C++프로그래밍과실습(Prof.김태연)/실습 018 - reference variable/main.cpp,,2,0,Changes
2023-03-08T00:43:14.546+09:00,nozerose,KeyEvent,65535:20:0,_018___reference_variable,Editor,/Users/nozerose/Desktop/2023학년도 1학기 수업/CB3500572-063 C++프로그래밍과실습(Prof.김태연)/실습 018 - reference variable/main.cpp,,2,0,Changes
2023-03-08T00:43:14.652+09:00,nozerose,KeyEvent,65535:0:0,_018___reference_variable,Editor,/Users/nozerose/Desktop/2023학년도 1학기 수업/CB3500572-063 C++프로그래밍과실습(Prof.김태연)/실습 018 - reference variable/main.cpp,,2,0,Changes
2023-03-08T00:43:15.702+09:00,nozerose,KeyEvent,118:86:0,_018___reference_variable,Editor,/Users/nozerose/Desktop/2023학년도 1학기 수업/CB3500572-063 C++프로그래밍과실습(Prof.김태연)/실습 018 - reference variable/main.cpp,,2,0,Changes
2023-03-08T00:43:15.831+09:00,nozerose,KeyEvent,111:79:0,_018___reference_variable,Editor,/Users/nozerose/Desktop/2023학년도 1학기 수업/CB3500572-063 C++프로그래밍과실습(Prof.김태연)/실습 018 - reference variable/main.cpp,,2,1,Changes
2023-03-08T00:43:15.913+09:00,nozerose,KeyEvent,105:73:0,_018___reference_variable,Editor,/Users/nozerose/Desktop/2023학년도 1학기 수업/CB3500572-063 C++프로그래밍과실습(Prof.김태연)/실습 018 - reference variable/main.cpp,,2,2,Changes
2023-03-08T00:43:16.029+09:00,nozerose,KeyEvent,100:68:0,_018___reference_variable,Editor,/Users/nozerose/Desktop/2023학년도 1학기 수업/CB3500572-063 C++프로그래밍과실습(Prof.김태연)/실습 018 - reference variable/main.cpp,,2,3,Changes
2023-03-08T00:43:16.319+09:00,nozerose,KeyEvent,32:32:0,_018___reference_variable,Editor,/Users/nozerose/Desktop/2023학년도 1학기 수업/CB3500572-063 C++프로그래밍과실습(Prof.김태연)/실습 018 - reference variable/main.cpp,,2,4,Changes
2023-03-08T00:43:17.413+09:00,nozerose,KeyEvent,109:77:0,_018___reference_variable,Editor,/Users/nozerose/Desktop/2023학년도 1학기 수업/CB3500572-063 C++프로그래밍과실습(Prof.김태연)/실습 018 - reference variable/main.cpp,,2,5,Changes
2023-03-08T00:43:17.708+09:00,nozerose,KeyEvent,121:89:0,_018___reference_variable,Editor,/Users/nozerose/Desktop/2023학년도 1학기 수업/CB3500572-063 C++프로그래밍과실습(Prof.김태연)/실습 018 - reference variable/main.cpp,,2,6,Changes
2023-03-08T00:43:18.294+09:00,nozerose,KeyEvent,65535:16:1,_018___reference_variable,Editor,/Users/nozerose/Desktop/2023학년도 1학기 수업/CB3500572-063 C++프로그래밍과실습(Prof.김태연)/실습 018 - reference variable/main.cpp,,2,7,Changes
2023-03-08T00:43:18.504+09:00,nozerose,KeyEvent,95:523:1,_018___reference_variable,Editor,/Users/nozerose/Desktop/2023학년도 1학기 수업/CB3500572-063 C++프로그래밍과실습(Prof.김태연)/실습 018 - reference variable/main.cpp,,2,7,Changes
2023-03-08T00:43:18.788+09:00,nozerose,KeyEvent,115:83:0,_018___reference_variable,Editor,/Users/nozerose/Desktop/2023학년도 1학기 수업/CB3500572-063 C++프로그래밍과실습(Prof.김태연)/실습 018 - reference variable/main.cpp,,2,8,Changes
2023-03-08T00:43:19.002+09:00,nozerose,KeyEvent,119:87:0,_018___reference_variable,Editor,/Users/nozerose/Desktop/2023학년도 1학기 수업/CB3500572-063 C++프로그래밍과실습(Prof.김태연)/실습 018 - reference variable/main.cpp,,2,9,Changes
2023-03-08T00:43:19.191+09:00,nozerose,KeyEvent,97:65:0,_018___reference_variable,Editor,/Users/nozerose/Desktop/2023학년도 1학기 수업/CB3500572-063 C++프로그래밍과실습(Prof.김태연)/실습 018 - reference variable/main.cpp,,2,10,Changes
2023-03-08T00:43:19.302+09:00,nozerose,KeyEvent,112:80:0,_018___reference_variable,Editor,/Users/nozerose/Desktop/2023학년도 1학기 수업/CB3500572-063 C++프로그래밍과실습(Prof.김태연)/실습 018 - reference variable/main.cpp,,2,11,Changes
2023-03-08T00:43:19.984+09:00,nozerose,KeyEvent,65535:16:1,_018___reference_variable,Editor,/Users/nozerose/Desktop/2023학년도 1학기 수업/CB3500572-063 C++프로그래밍과실습(Prof.김태연)/실습 018 - reference variable/main.cpp,,2,12,Changes
2023-03-08T00:43:20.277+09:00,nozerose,KeyEvent,40:519:1,_018___reference_variable,Editor,/Users/nozerose/Desktop/2023학년도 1학기 수업/CB3500572-063 C++프로그래밍과실습(Prof.김태연)/실습 018 - reference variable/main.cpp,,2,12,Changes
2023-03-08T00:43:22.785+09:00,nozerose,KeyEvent,97:65:0,_018___reference_variable,Editor,/Users/nozerose/Desktop/2023학년도 1학기 수업/CB3500572-063 C++프로그래밍과실습(Prof.김태연)/실습 018 - reference variable/main.cpp,,2,13,Changes
2023-03-08T00:43:22.918+09:00,nozerose,KeyEvent,44:44:0,_018___reference_variable,Editor,/Users/nozerose/Desktop/2023학년도 1학기 수업/CB3500572-063 C++프로그래밍과실습(Prof.김태연)/실습 018 - reference variable/main.cpp,,2,14,Changes
2023-03-08T00:43:23.060+09:00,nozerose,KeyEvent,32:32:0,_018___reference_variable,Editor,/Users/nozerose/Desktop/2023학년도 1학기 수업/CB3500572-063 C++프로그래밍과실습(Prof.김태연)/실습 018 - reference variable/main.cpp,,2,15,Changes
2023-03-08T00:43:23.205+09:00,nozerose,KeyEvent,98:66:0,_018___reference_variable,Editor,/Users/nozerose/Desktop/2023학년도 1학기 수업/CB3500572-063 C++프로그래밍과실습(Prof.김태연)/실습 018 - reference variable/main.cpp,,2,16,Changes
2023-03-08T00:43:23.588+09:00,nozerose,Action,EditorRight,_018___reference_variable,Editor,/Users/nozerose/Desktop/2023학년도 1학기 수업/CB3500572-063 C++프로그래밍과실습(Prof.김태연)/실습 018 - reference variable/main.cpp,,2,17,Changes
2023-03-08T00:43:23.590+09:00,nozerose,KeyEvent,65535:39:0,_018___reference_variable,Editor,/Users/nozerose/Desktop/2023학년도 1학기 수업/CB3500572-063 C++프로그래밍과실습(Prof.김태연)/실습 018 - reference variable/main.cpp,,2,18,Changes
2023-03-08T00:43:23.933+09:00,nozerose,KeyEvent,59:59:0,_018___reference_variable,Editor,/Users/nozerose/Desktop/2023학년도 1학기 수업/CB3500572-063 C++프로그래밍과실습(Prof.김태연)/실습 018 - reference variable/main.cpp,,2,18,Changes
2023-03-08T00:43:30.979+09:00,nozerose,Action,EditorEnter,_018___reference_variable,Editor,/Users/nozerose/Desktop/2023학년도 1학기 수업/CB3500572-063 C++프로그래밍과실습(Prof.김태연)/실습 018 - reference variable/main.cpp,,7,21,Changes
2023-03-08T00:43:30.988+09:00,nozerose,KeyEvent,10:10:0,_018___reference_variable,Editor,/Users/nozerose/Desktop/2023학년도 1학기 수업/CB3500572-063 C++프로그래밍과실습(Prof.김태연)/실습 018 - reference variable/main.cpp,,8,2,Changes
2023-03-08T00:43:38.535+09:00,nozerose,Action,EditorEnter,_018___reference_variable,Editor,/Users/nozerose/Desktop/2023학년도 1학기 수업/CB3500572-063 C++프로그래밍과실습(Prof.김태연)/실습 018 - reference variable/main.cpp,,8,2,Changes
2023-03-08T00:43:38.543+09:00,nozerose,KeyEvent,10:10:0,_018___reference_variable,Editor,/Users/nozerose/Desktop/2023학년도 1학기 수업/CB3500572-063 C++프로그래밍과실습(Prof.김태연)/실습 018 - reference variable/main.cpp,,9,2,Changes
2023-03-08T00:43:39.428+09:00,nozerose,KeyEvent,105:73:0,_018___reference_variable,Editor,/Users/nozerose/Desktop/2023학년도 1학기 수업/CB3500572-063 C++프로그래밍과실습(Prof.김태연)/실습 018 - reference variable/main.cpp,,9,2,Changes
2023-03-08T00:43:39.581+09:00,nozerose,KeyEvent,110:78:0,_018___reference_variable,Editor,/Users/nozerose/Desktop/2023학년도 1학기 수업/CB3500572-063 C++프로그래밍과실습(Prof.김태연)/실습 018 - reference variable/main.cpp,,9,3,Changes
2023-03-08T00:43:39.713+09:00,nozerose,KeyEvent,116:84:0,_018___reference_variable,Editor,/Users/nozerose/Desktop/2023학년도 1학기 수업/CB3500572-063 C++프로그래밍과실습(Prof.김태연)/실습 018 - reference variable/main.cpp,,9,4,Changes
2023-03-08T00:43:40.354+09:00,nozerose,KeyEvent,65535:16:1,_018___reference_variable,Editor,/Users/nozerose/Desktop/2023학년도 1학기 수업/CB3500572-063 C++프로그래밍과실습(Prof.김태연)/실습 018 - reference variable/main.cpp,,9,5,Changes
2023-03-08T00:43:40.670+09:00,nozerose,KeyEvent,38:150:1,_018___reference_variable,Editor,/Users/nozerose/Desktop/2023학년도 1학기 수업/CB3500572-063 C++프로그래밍과실습(Prof.김태연)/실습 018 - reference variable/main.cpp,,9,5,Changes
2023-03-08T00:43:41.421+09:00,nozerose,KeyEvent,32:32:0,_018___reference_variable,Editor,/Users/nozerose/Desktop/2023학년도 1학기 수업/CB3500572-063 C++프로그래밍과실습(Prof.김태연)/실습 018 - reference variable/main.cpp,,9,6,Changes
2023-03-08T00:43:45.693+09:00,nozerose,Action,EditorBackSpace,_018___reference_variable,Editor,/Users/nozerose/Desktop/2023학년도 1학기 수업/CB3500572-063 C++프로그래밍과실습(Prof.김태연)/실습 018 - reference variable/main.cpp,,9,7,Changes
2023-03-08T00:43:45.700+09:00,nozerose,KeyEvent,8:8:0,_018___reference_variable,Editor,/Users/nozerose/Desktop/2023학년도 1학기 수업/CB3500572-063 C++프로그래밍과실습(Prof.김태연)/실습 018 - reference variable/main.cpp,,9,6,Changes
2023-03-08T00:43:45.852+09:00,nozerose,Action,EditorBackSpace,_018___reference_variable,Editor,/Users/nozerose/Desktop/2023학년도 1학기 수업/CB3500572-063 C++프로그래밍과실습(Prof.김태연)/실습 018 - reference variable/main.cpp,,9,6,Changes
2023-03-08T00:43:45.854+09:00,nozerose,KeyEvent,8:8:0,_018___reference_variable,Editor,/Users/nozerose/Desktop/2023학년도 1학기 수업/CB3500572-063 C++프로그래밍과실습(Prof.김태연)/실습 018 - reference variable/main.cpp,,9,5,Changes
2023-03-08T00:43:46.011+09:00,nozerose,Action,EditorBackSpace,_018___reference_variable,Editor,/Users/nozerose/Desktop/2023학년도 1학기 수업/CB3500572-063 C++프로그래밍과실습(Prof.김태연)/실습 018 - reference variable/main.cpp,,9,5,Changes
2023-03-08T00:43:46.013+09:00,nozerose,KeyEvent,8:8:0,_018___reference_variable,Editor,/Users/nozerose/Desktop/2023학년도 1학기 수업/CB3500572-063 C++프로그래밍과실습(Prof.김태연)/실습 018 - reference variable/main.cpp,,9,4,Changes
2023-03-08T00:43:46.169+09:00,nozerose,Action,EditorBackSpace,_018___reference_variable,Editor,/Users/nozerose/Desktop/2023학년도 1학기 수업/CB3500572-063 C++프로그래밍과실습(Prof.김태연)/실습 018 - reference variable/main.cpp,,9,4,Changes
2023-03-08T00:43:46.181+09:00,nozerose,KeyEvent,8:8:0,_018___reference_variable,Editor,/Users/nozerose/Desktop/2023학년도 1학기 수업/CB3500572-063 C++프로그래밍과실습(Prof.김태연)/실습 018 - reference variable/main.cpp,,9,3,Changes
2023-03-08T00:43:46.363+09:00,nozerose,Action,EditorBackSpace,_018___reference_variable,Editor,/Users/nozerose/Desktop/2023학년도 1학기 수업/CB3500572-063 C++프로그래밍과실습(Prof.김태연)/실습 018 - reference variable/main.cpp,,9,3,Changes
2023-03-08T00:43:46.365+09:00,nozerose,KeyEvent,8:8:0,_018___reference_variable,Editor,/Users/nozerose/Desktop/2023학년도 1학기 수업/CB3500572-063 C++프로그래밍과실습(Prof.김태연)/실습 018 - reference variable/main.cpp,,9,2,Changes
2023-03-08T00:43:46.619+09:00,nozerose,Action,EditorBackSpace,_018___reference_variable,Editor,/Users/nozerose/Desktop/2023학년도 1학기 수업/CB3500572-063 C++프로그래밍과실습(Prof.김태연)/실습 018 - reference variable/main.cpp,,9,2,Changes
2023-03-08T00:43:46.625+09:00,nozerose,KeyEvent,8:8:0,_018___reference_variable,Editor,/Users/nozerose/Desktop/2023학년도 1학기 수업/CB3500572-063 C++프로그래밍과실습(Prof.김태연)/실습 018 - reference variable/main.cpp,,8,2,Changes
2023-03-08T00:43:47.375+09:00,nozerose,Action,EditorBackSpace,_018___reference_variable,Editor,/Users/nozerose/Desktop/2023학년도 1학기 수업/CB3500572-063 C++프로그래밍과실습(Prof.김태연)/실습 018 - reference variable/main.cpp,,8,2,Changes
2023-03-08T00:43:47.384+09:00,nozerose,KeyEvent,8:8:0,_018___reference_variable,Editor,/Users/nozerose/Desktop/2023학년도 1학기 수업/CB3500572-063 C++프로그래밍과실습(Prof.김태연)/실습 018 - reference variable/main.cpp,,7,21,Changes
2023-03-08T00:43:53.349+09:00,nozerose,Action,EditorBackSpace,_018___reference_variable,Editor,/Users/nozerose/Desktop/2023학년도 1학기 수업/CB3500572-063 C++프로그래밍과실습(Prof.김태연)/실습 018 - reference variable/main.cpp,,5,2,Changes
2023-03-08T00:43:53.357+09:00,nozerose,KeyEvent,8:8:0,_018___reference_variable,Editor,/Users/nozerose/Desktop/2023학년도 1학기 수업/CB3500572-063 C++프로그래밍과실습(Prof.김태연)/실습 018 - reference variable/main.cpp,,4,12,Changes
2023-03-08T00:44:05.430+09:00,nozerose,Action,EditorLeft,_018___reference_variable,Editor,/Users/nozerose/Desktop/2023학년도 1학기 수업/CB3500572-063 C++프로그래밍과실습(Prof.김태연)/실습 018 - reference variable/main.cpp,,6,8,Changes
2023-03-08T00:44:05.433+09:00,nozerose,KeyEvent,65535:37:0,_018___reference_variable,Editor,/Users/nozerose/Desktop/2023학년도 1학기 수업/CB3500572-063 C++프로그래밍과실습(Prof.김태연)/실습 018 - reference variable/main.cpp,,6,7,Changes
2023-03-08T00:44:05.751+09:00,nozerose,Action,EditorBackSpace,_018___reference_variable,Editor,/Users/nozerose/Desktop/2023학년도 1학기 수업/CB3500572-063 C++프로그래밍과실습(Prof.김태연)/실습 018 - reference variable/main.cpp,,6,7,Changes
2023-03-08T00:44:05.755+09:00,nozerose,KeyEvent,8:8:0,_018___reference_variable,Editor,/Users/nozerose/Desktop/2023학년도 1학기 수업/CB3500572-063 C++프로그래밍과실습(Prof.김태연)/실습 018 - reference variable/main.cpp,,6,6,Changes
2023-03-08T00:44:05.899+09:00,nozerose,Action,EditorBackSpace,_018___reference_variable,Editor,/Users/nozerose/Desktop/2023학년도 1학기 수업/CB3500572-063 C++프로그래밍과실습(Prof.김태연)/실습 018 - reference variable/main.cpp,,6,6,Changes
2023-03-08T00:44:05.902+09:00,nozerose,KeyEvent,8:8:0,_018___reference_variable,Editor,/Users/nozerose/Desktop/2023학년도 1학기 수업/CB3500572-063 C++프로그래밍과실습(Prof.김태연)/실습 018 - reference variable/main.cpp,,6,5,Changes
2023-03-08T00:44:06.062+09:00,nozerose,Action,EditorBackSpace,_018___reference_variable,Editor,/Users/nozerose/Desktop/2023학년도 1학기 수업/CB3500572-063 C++프로그래밍과실습(Prof.김태연)/실습 018 - reference variable/main.cpp,,6,5,Changes
2023-03-08T00:44:06.064+09:00,nozerose,KeyEvent,8:8:0,_018___reference_variable,Editor,/Users/nozerose/Desktop/2023학년도 1학기 수업/CB3500572-063 C++프로그래밍과실습(Prof.김태연)/실습 018 - reference variable/main.cpp,,6,4,Changes
2023-03-08T00:44:06.285+09:00,nozerose,Action,EditorBackSpace,_018___reference_variable,Editor,/Users/nozerose/Desktop/2023학년도 1학기 수업/CB3500572-063 C++프로그래밍과실습(Prof.김태연)/실습 018 - reference variable/main.cpp,,6,4,Changes
2023-03-08T00:44:06.287+09:00,nozerose,KeyEvent,8:8:0,_018___reference_variable,Editor,/Users/nozerose/Desktop/2023학년도 1학기 수업/CB3500572-063 C++프로그래밍과실습(Prof.김태연)/실습 018 - reference variable/main.cpp,,6,3,Changes
2023-03-08T00:44:06.482+09:00,nozerose,Action,EditorBackSpace,_018___reference_variable,Editor,/Users/nozerose/Desktop/2023학년도 1학기 수업/CB3500572-063 C++프로그래밍과실습(Prof.김태연)/실습 018 - reference variable/main.cpp,,6,3,Changes
2023-03-08T00:44:06.484+09:00,nozerose,KeyEvent,8:8:0,_018___reference_variable,Editor,/Users/nozerose/Desktop/2023학년도 1학기 수업/CB3500572-063 C++프로그래밍과실습(Prof.김태연)/실습 018 - reference variable/main.cpp,,6,2,Changes
2023-03-08T00:44:08.138+09:00,nozerose,Action,EditorEnter,_018___reference_variable,Editor,/Users/nozerose/Desktop/2023학년도 1학기 수업/CB3500572-063 C++프로그래밍과실습(Prof.김태연)/실습 018 - reference variable/main.cpp,,0,19,Changes
2023-03-08T00:44:08.146+09:00,nozerose,KeyEvent,10:10:0,_018___reference_variable,Editor,/Users/nozerose/Desktop/2023학년도 1학기 수업/CB3500572-063 C++프로그래밍과실습(Prof.김태연)/실습 018 - reference variable/main.cpp,,1,0,Changes
2023-03-08T00:44:08.471+09:00,nozerose,KeyEvent,115:83:0,_018___reference_variable,Editor,/Users/nozerose/Desktop/2023학년도 1학기 수업/CB3500572-063 C++프로그래밍과실습(Prof.김태연)/실습 018 - reference variable/main.cpp,,1,0,Changes
2023-03-08T00:44:09.038+09:00,nozerose,Action,EditorBackSpace,_018___reference_variable,Editor,/Users/nozerose/Desktop/2023학년도 1학기 수업/CB3500572-063 C++프로그래밍과실습(Prof.김태연)/실습 018 - reference variable/main.cpp,,1,1,Changes
2023-03-08T00:44:09.044+09:00,nozerose,KeyEvent,8:8:0,_018___reference_variable,Editor,/Users/nozerose/Desktop/2023학년도 1학기 수업/CB3500572-063 C++프로그래밍과실습(Prof.김태연)/실습 018 - reference variable/main.cpp,,1,0,Changes
2023-03-08T00:44:09.288+09:00,nozerose,KeyEvent,117:85:0,_018___reference_variable,Editor,/Users/nozerose/Desktop/2023학년도 1학기 수업/CB3500572-063 C++프로그래밍과실습(Prof.김태연)/실습 018 - reference variable/main.cpp,,1,0,Changes
2023-03-08T00:44:09.431+09:00,nozerose,KeyEvent,115:83:0,_018___reference_variable,Editor,/Users/nozerose/Desktop/2023학년도 1학기 수업/CB3500572-063 C++프로그래밍과실습(Prof.김태연)/실습 018 - reference variable/main.cpp,,1,1,Changes
2023-03-08T00:44:09.503+09:00,nozerose,KeyEvent,105:73:0,_018___reference_variable,Editor,/Users/nozerose/Desktop/2023학년도 1학기 수업/CB3500572-063 C++프로그래밍과실습(Prof.김태연)/실습 018 - reference variable/main.cpp,,1,2,Changes
2023-03-08T00:44:09.654+09:00,nozerose,KeyEvent,110:78:0,_018___reference_variable,Editor,/Users/nozerose/Desktop/2023학년도 1학기 수업/CB3500572-063 C++프로그래밍과실습(Prof.김태연)/실습 018 - reference variable/main.cpp,,1,3,Changes
2023-03-08T00:44:09.792+09:00,nozerose,KeyEvent,103:71:0,_018___reference_variable,Editor,/Users/nozerose/Desktop/2023학년도 1학기 수업/CB3500572-063 C++프로그래밍과실습(Prof.김태연)/실습 018 - reference variable/main.cpp,,1,4,Changes
2023-03-08T00:44:09.929+09:00,nozerose,KeyEvent,32:32:0,_018___reference_variable,Editor,/Users/nozerose/Desktop/2023학년도 1학기 수업/CB3500572-063 C++프로그래밍과실습(Prof.김태연)/실습 018 - reference variable/main.cpp,,1,5,Changes
2023-03-08T00:44:10.052+09:00,nozerose,KeyEvent,110:78:0,_018___reference_variable,Editor,/Users/nozerose/Desktop/2023학년도 1학기 수업/CB3500572-063 C++프로그래밍과실습(Prof.김태연)/실습 018 - reference variable/main.cpp,,1,6,Changes
2023-03-08T00:44:10.160+09:00,nozerose,KeyEvent,97:65:0,_018___reference_variable,Editor,/Users/nozerose/Desktop/2023학년도 1학기 수업/CB3500572-063 C++프로그래밍과실습(Prof.김태연)/실습 018 - reference variable/main.cpp,,1,7,Changes
2023-03-08T00:44:10.248+09:00,nozerose,KeyEvent,109:77:0,_018___reference_variable,Editor,/Users/nozerose/Desktop/2023학년도 1학기 수업/CB3500572-063 C++프로그래밍과실습(Prof.김태연)/실습 018 - reference variable/main.cpp,,1,8,Changes
2023-03-08T00:44:10.356+09:00,nozerose,KeyEvent,101:69:0,_018___reference_variable,Editor,/Users/nozerose/Desktop/2023학년도 1학기 수업/CB3500572-063 C++프로그래밍과실습(Prof.김태연)/실습 018 - reference variable/main.cpp,,1,9,Changes
2023-03-08T00:44:10.515+09:00,nozerose,KeyEvent,115:83:0,_018___reference_variable,Editor,/Users/nozerose/Desktop/2023학년도 1학기 수업/CB3500572-063 C++프로그래밍과실습(Prof.김태연)/실습 018 - reference variable/main.cpp,,1,10,Changes
2023-03-08T00:44:10.706+09:00,nozerose,KeyEvent,112:80:0,_018___reference_variable,Editor,/Users/nozerose/Desktop/2023학년도 1학기 수업/CB3500572-063 C++프로그래밍과실습(Prof.김태연)/실습 018 - reference variable/main.cpp,,1,11,Changes
2023-03-08T00:44:10.754+09:00,nozerose,KeyEvent,97:65:0,_018___reference_variable,Editor,/Users/nozerose/Desktop/2023학년도 1학기 수업/CB3500572-063 C++프로그래밍과실습(Prof.김태연)/실습 018 - reference variable/main.cpp,,1,12,Changes
2023-03-08T00:44:10.879+09:00,nozerose,KeyEvent,99:67:0,_018___reference_variable,Editor,/Users/nozerose/Desktop/2023학년도 1학기 수업/CB3500572-063 C++프로그래밍과실습(Prof.김태연)/실습 018 - reference variable/main.cpp,,1,13,Changes
2023-03-08T00:44:11.074+09:00,nozerose,KeyEvent,101:69:0,_018___reference_variable,Editor,/Users/nozerose/Desktop/2023학년도 1학기 수업/CB3500572-063 C++프로그래밍과실습(Prof.김태연)/실습 018 - reference variable/main.cpp,,1,14,Changes
2023-03-08T00:44:11.233+09:00,nozerose,KeyEvent,32:32:0,_018___reference_variable,Editor,/Users/nozerose/Desktop/2023학년도 1학기 수업/CB3500572-063 C++프로그래밍과실습(Prof.김태연)/실습 018 - reference variable/main.cpp,,1,15,Changes
2023-03-08T00:44:11.429+09:00,nozerose,KeyEvent,115:83:0,_018___reference_variable,Editor,/Users/nozerose/Desktop/2023학년도 1학기 수업/CB3500572-063 C++프로그래밍과실습(Prof.김태연)/실습 018 - reference variable/main.cpp,,1,16,Changes
2023-03-08T00:44:11.610+09:00,nozerose,KeyEvent,116:84:0,_018___reference_variable,Editor,/Users/nozerose/Desktop/2023학년도 1학기 수업/CB3500572-063 C++프로그래밍과실습(Prof.김태연)/실습 018 - reference variable/main.cpp,,1,17,Changes
2023-03-08T00:44:11.810+09:00,nozerose,KeyEvent,100:68:0,_018___reference_variable,Editor,/Users/nozerose/Desktop/2023학년도 1학기 수업/CB3500572-063 C++프로그래밍과실습(Prof.김태연)/실습 018 - reference variable/main.cpp,,1,18,Changes
2023-03-08T00:44:11.901+09:00,nozerose,KeyEvent,59:59:0,_018___reference_variable,Editor,/Users/nozerose/Desktop/2023학년도 1학기 수업/CB3500572-063 C++프로그래밍과실습(Prof.김태연)/실습 018 - reference variable/main.cpp,,1,19,Changes
2023-03-08T00:44:13.746+09:00,nozerose,Action,EditorBackSpace,_018___reference_variable,Editor,/Users/nozerose/Desktop/2023학년도 1학기 수업/CB3500572-063 C++프로그래밍과실습(Prof.김태연)/실습 018 - reference variable/main.cpp,,9,7,Changes
2023-03-08T00:44:13.749+09:00,nozerose,KeyEvent,8:8:0,_018___reference_variable,Editor,/Users/nozerose/Desktop/2023학년도 1학기 수업/CB3500572-063 C++프로그래밍과실습(Prof.김태연)/실습 018 - reference variable/main.cpp,,9,6,Changes
2023-03-08T00:44:13.899+09:00,nozerose,Action,EditorBackSpace,_018___reference_variable,Editor,/Users/nozerose/Desktop/2023학년도 1학기 수업/CB3500572-063 C++프로그래밍과실습(Prof.김태연)/실습 018 - reference variable/main.cpp,,9,6,Changes
2023-03-08T00:44:13.902+09:00,nozerose,KeyEvent,8:8:0,_018___reference_variable,Editor,/Users/nozerose/Desktop/2023학년도 1학기 수업/CB3500572-063 C++프로그래밍과실습(Prof.김태연)/실습 018 - reference variable/main.cpp,,9,5,Changes
2023-03-08T00:44:14.063+09:00,nozerose,Action,EditorBackSpace,_018___reference_variable,Editor,/Users/nozerose/Desktop/2023학년도 1학기 수업/CB3500572-063 C++프로그래밍과실습(Prof.김태연)/실습 018 - reference variable/main.cpp,,9,5,Changes
2023-03-08T00:44:14.069+09:00,nozerose,KeyEvent,8:8:0,_018___reference_variable,Editor,/Users/nozerose/Desktop/2023학년도 1학기 수업/CB3500572-063 C++프로그래밍과실습(Prof.김태연)/실습 018 - reference variable/main.cpp,,9,4,Changes
2023-03-08T00:44:14.228+09:00,nozerose,Action,EditorBackSpace,_018___reference_variable,Editor,/Users/nozerose/Desktop/2023학년도 1학기 수업/CB3500572-063 C++프로그래밍과실습(Prof.김태연)/실습 018 - reference variable/main.cpp,,9,4,Changes
2023-03-08T00:44:14.233+09:00,nozerose,KeyEvent,8:8:0,_018___reference_variable,Editor,/Users/nozerose/Desktop/2023학년도 1학기 수업/CB3500572-063 C++프로그래밍과실습(Prof.김태연)/실습 018 - reference variable/main.cpp,,9,3,Changes
2023-03-08T00:44:14.420+09:00,nozerose,Action,EditorBackSpace,_018___reference_variable,Editor,/Users/nozerose/Desktop/2023학년도 1학기 수업/CB3500572-063 C++프로그래밍과실습(Prof.김태연)/실습 018 - reference variable/main.cpp,,9,3,Changes
2023-03-08T00:44:14.423+09:00,nozerose,KeyEvent,8:8:0,_018___reference_variable,Editor,/Users/nozerose/Desktop/2023학년도 1학기 수업/CB3500572-063 C++프로그래밍과실습(Prof.김태연)/실습 018 - reference variable/main.cpp,,9,2,Changes
2023-03-08T00:44:23.521+09:00,nozerose,KeyEvent,65535:16:1,_018___reference_variable,Editor,/Users/nozerose/Desktop/2023학년도 1학기 수업/CB3500572-063 C++프로그래밍과실습(Prof.김태연)/실습 018 - reference variable/main.cpp,,8,10,Changes
2023-03-08T00:44:24.317+09:00,nozerose,KeyEvent,38:150:1,_018___reference_variable,Editor,/Users/nozerose/Desktop/2023학년도 1학기 수업/CB3500572-063 C++프로그래밍과실습(Prof.김태연)/실습 018 - reference variable/main.cpp,,8,10,Changes
2023-03-08T00:44:25.378+09:00,nozerose,Action,EditorRight,_018___reference_variable,Editor,/Users/nozerose/Desktop/2023학년도 1학기 수업/CB3500572-063 C++프로그래밍과실습(Prof.김태연)/실습 018 - reference variable/main.cpp,,8,11,Changes
2023-03-08T00:44:25.381+09:00,nozerose,KeyEvent,65535:39:0,_018___reference_variable,Editor,/Users/nozerose/Desktop/2023학년도 1학기 수업/CB3500572-063 C++프로그래밍과실습(Prof.김태연)/실습 018 - reference variable/main.cpp,,8,12,Changes
2023-03-08T00:44:25.554+09:00,nozerose,Action,EditorRight,_018___reference_variable,Editor,/Users/nozerose/Desktop/2023학년도 1학기 수업/CB3500572-063 C++프로그래밍과실습(Prof.김태연)/실습 018 - reference variable/main.cpp,,8,12,Changes
2023-03-08T00:44:25.556+09:00,nozerose,KeyEvent,65535:39:0,_018___reference_variable,Editor,/Users/nozerose/Desktop/2023학년도 1학기 수업/CB3500572-063 C++프로그래밍과실습(Prof.김태연)/실습 018 - reference variable/main.cpp,,8,13,Changes
2023-03-08T00:44:26.089+09:00,nozerose,Action,EditorLeft,_018___reference_variable,Editor,/Users/nozerose/Desktop/2023학년도 1학기 수업/CB3500572-063 C++프로그래밍과실습(Prof.김태연)/실습 018 - reference variable/main.cpp,,8,13,Changes
2023-03-08T00:44:26.092+09:00,nozerose,KeyEvent,65535:37:0,_018___reference_variable,Editor,/Users/nozerose/Desktop/2023학년도 1학기 수업/CB3500572-063 C++프로그래밍과실습(Prof.김태연)/실습 018 - reference variable/main.cpp,,8,12,Changes
2023-03-08T00:44:26.261+09:00,nozerose,Action,EditorLeft,_018___reference_variable,Editor,/Users/nozerose/Desktop/2023학년도 1학기 수업/CB3500572-063 C++프로그래밍과실습(Prof.김태연)/실습 018 - reference variable/main.cpp,,8,12,Changes
2023-03-08T00:44:26.264+09:00,nozerose,KeyEvent,65535:37:0,_018___reference_variable,Editor,/Users/nozerose/Desktop/2023학년도 1학기 수업/CB3500572-063 C++프로그래밍과실습(Prof.김태연)/실습 018 - reference variable/main.cpp,,8,11,Changes
2023-03-08T00:44:26.697+09:00,nozerose,Action,EditorBackSpace,_018___reference_variable,Editor,/Users/nozerose/Desktop/2023학년도 1학기 수업/CB3500572-063 C++프로그래밍과실습(Prof.김태연)/실습 018 - reference variable/main.cpp,,8,11,Changes
2023-03-08T00:44:26.704+09:00,nozerose,KeyEvent,8:8:0,_018___reference_variable,Editor,/Users/nozerose/Desktop/2023학년도 1학기 수업/CB3500572-063 C++프로그래밍과실습(Prof.김태연)/실습 018 - reference variable/main.cpp,,8,10,Changes
2023-03-08T00:44:30.492+09:00,nozerose,Action,EditorLeft,_018___reference_variable,Editor,/Users/nozerose/Desktop/2023학년도 1학기 수업/CB3500572-063 C++프로그래밍과실습(Prof.김태연)/실습 018 - reference variable/main.cpp,,3,14,Changes
2023-03-08T00:44:30.493+09:00,nozerose,KeyEvent,65535:37:0,_018___reference_variable,Editor,/Users/nozerose/Desktop/2023학년도 1학기 수업/CB3500572-063 C++프로그래밍과실습(Prof.김태연)/실습 018 - reference variable/main.cpp,,3,13,Changes
2023-03-08T00:44:45.836+09:00,nozerose,KeyEvent,105:73:0,_018___reference_variable,Editor,/Users/nozerose/Desktop/2023학년도 1학기 수업/CB3500572-063 C++프로그래밍과실습(Prof.김태연)/실습 018 - reference variable/main.cpp,,3,13,Changes
2023-03-08T00:44:46.027+09:00,nozerose,KeyEvent,110:78:0,_018___reference_variable,Editor,/Users/nozerose/Desktop/2023학년도 1학기 수업/CB3500572-063 C++프로그래밍과실습(Prof.김태연)/실습 018 - reference variable/main.cpp,,3,14,Changes
2023-03-08T00:44:46.163+09:00,nozerose,KeyEvent,116:84:0,_018___reference_variable,Editor,/Users/nozerose/Desktop/2023학년도 1학기 수업/CB3500572-063 C++프로그래밍과실습(Prof.김태연)/실습 018 - reference variable/main.cpp,,3,15,Changes
2023-03-08T00:44:46.799+09:00,nozerose,KeyEvent,65535:16:1,_018___reference_variable,Editor,/Users/nozerose/Desktop/2023학년도 1학기 수업/CB3500572-063 C++프로그래밍과실습(Prof.김태연)/실습 018 - reference variable/main.cpp,,3,16,Changes
2023-03-08T00:44:47.195+09:00,nozerose,KeyEvent,38:150:1,_018___reference_variable,Editor,/Users/nozerose/Desktop/2023학년도 1학기 수업/CB3500572-063 C++프로그래밍과실습(Prof.김태연)/실습 018 - reference variable/main.cpp,,3,16,Changes
2023-03-08T00:44:47.628+09:00,nozerose,KeyEvent,32:32:0,_018___reference_variable,Editor,/Users/nozerose/Desktop/2023학년도 1학기 수업/CB3500572-063 C++프로그래밍과실습(Prof.김태연)/실습 018 - reference variable/main.cpp,,3,17,Changes
2023-03-08T00:44:47.995+09:00,nozerose,Action,EditorRight,_018___reference_variable,Editor,/Users/nozerose/Desktop/2023학년도 1학기 수업/CB3500572-063 C++프로그래밍과실습(Prof.김태연)/실습 018 - reference variable/main.cpp,,3,18,Changes
2023-03-08T00:44:47.996+09:00,nozerose,KeyEvent,65535:39:0,_018___reference_variable,Editor,/Users/nozerose/Desktop/2023학년도 1학기 수업/CB3500572-063 C++프로그래밍과실습(Prof.김태연)/실습 018 - reference variable/main.cpp,,3,19,Changes
2023-03-08T00:44:48.146+09:00,nozerose,Action,EditorRight,_018___reference_variable,Editor,/Users/nozerose/Desktop/2023학년도 1학기 수업/CB3500572-063 C++프로그래밍과실습(Prof.김태연)/실습 018 - reference variable/main.cpp,,3,19,Changes
2023-03-08T00:44:48.147+09:00,nozerose,KeyEvent,65535:39:0,_018___reference_variable,Editor,/Users/nozerose/Desktop/2023학년도 1학기 수업/CB3500572-063 C++프로그래밍과실습(Prof.김태연)/실습 018 - reference variable/main.cpp,,3,20,Changes
2023-03-08T00:44:48.457+09:00,nozerose,Action,EditorRight,_018___reference_variable,Editor,/Users/nozerose/Desktop/2023학년도 1학기 수업/CB3500572-063 C++프로그래밍과실습(Prof.김태연)/실습 018 - reference variable/main.cpp,,3,20,Changes
2023-03-08T00:44:48.459+09:00,nozerose,KeyEvent,65535:39:0,_018___reference_variable,Editor,/Users/nozerose/Desktop/2023학년도 1학기 수업/CB3500572-063 C++프로그래밍과실습(Prof.김태연)/실습 018 - reference variable/main.cpp,,3,21,Changes
2023-03-08T00:44:49.250+09:00,nozerose,KeyEvent,105:73:0,_018___reference_variable,Editor,/Users/nozerose/Desktop/2023학년도 1학기 수업/CB3500572-063 C++프로그래밍과실습(Prof.김태연)/실습 018 - reference variable/main.cpp,,3,21,Changes
2023-03-08T00:44:49.446+09:00,nozerose,KeyEvent,110:78:0,_018___reference_variable,Editor,/Users/nozerose/Desktop/2023학년도 1학기 수업/CB3500572-063 C++프로그래밍과실습(Prof.김태연)/실습 018 - reference variable/main.cpp,,3,22,Changes
2023-03-08T00:44:49.592+09:00,nozerose,KeyEvent,116:84:0,_018___reference_variable,Editor,/Users/nozerose/Desktop/2023학년도 1학기 수업/CB3500572-063 C++프로그래밍과실습(Prof.김태연)/실습 018 - reference variable/main.cpp,,3,23,Changes
2023-03-08T00:44:50.019+09:00,nozerose,KeyEvent,65535:16:1,_018___reference_variable,Editor,/Users/nozerose/Desktop/2023학년도 1학기 수업/CB3500572-063 C++프로그래밍과실습(Prof.김태연)/실습 018 - reference variable/main.cpp,,3,24,Changes
2023-03-08T00:44:50.384+09:00,nozerose,KeyEvent,38:150:1,_018___reference_variable,Editor,/Users/nozerose/Desktop/2023학년도 1학기 수업/CB3500572-063 C++프로그래밍과실습(Prof.김태연)/실습 018 - reference variable/main.cpp,,3,24,Changes
2023-03-08T00:44:50.551+09:00,nozerose,KeyEvent,32:32:0,_018___reference_variable,Editor,/Users/nozerose/Desktop/2023학년도 1학기 수업/CB3500572-063 C++프로그래밍과실습(Prof.김태연)/실습 018 - reference variable/main.cpp,,3,25,Changes
2023-03-08T00:44:51.086+09:00,nozerose,Action,EditorRight,_018___reference_variable,Editor,/Users/nozerose/Desktop/2023학년도 1학기 수업/CB3500572-063 C++프로그래밍과실습(Prof.김태연)/실습 018 - reference variable/main.cpp,,3,26,Changes
2023-03-08T00:44:51.087+09:00,nozerose,KeyEvent,65535:39:0,_018___reference_variable,Editor,/Users/nozerose/Desktop/2023학년도 1학기 수업/CB3500572-063 C++프로그래밍과실습(Prof.김태연)/실습 018 - reference variable/main.cpp,,3,27,Changes
2023-03-08T00:44:51.526+09:00,nozerose,Action,EditorRight,_018___reference_variable,Editor,/Users/nozerose/Desktop/2023학년도 1학기 수업/CB3500572-063 C++프로그래밍과실습(Prof.김태연)/실습 018 - reference variable/main.cpp,,3,27,Changes
2023-03-08T00:44:51.527+09:00,nozerose,KeyEvent,65535:39:0,_018___reference_variable,Editor,/Users/nozerose/Desktop/2023학년도 1학기 수업/CB3500572-063 C++프로그래밍과실습(Prof.김태연)/실습 018 - reference variable/main.cpp,,3,28,Changes
2023-03-08T00:44:51.851+09:00,nozerose,Action,EditorRight,_018___reference_variable,Editor,/Users/nozerose/Desktop/2023학년도 1학기 수업/CB3500572-063 C++프로그래밍과실습(Prof.김태연)/실습 018 - reference variable/main.cpp,,3,28,Changes
2023-03-08T00:44:51.853+09:00,nozerose,KeyEvent,65535:39:0,_018___reference_variable,Editor,/Users/nozerose/Desktop/2023학년도 1학기 수업/CB3500572-063 C++프로그래밍과실습(Prof.김태연)/실습 018 - reference variable/main.cpp,,3,29,Changes
2023-03-08T00:44:52.238+09:00,nozerose,Action,EditorBackSpace,_018___reference_variable,Editor,/Users/nozerose/Desktop/2023학년도 1학기 수업/CB3500572-063 C++프로그래밍과실습(Prof.김태연)/실습 018 - reference variable/main.cpp,,3,29,Changes
2023-03-08T00:44:52.240+09:00,nozerose,KeyEvent,8:8:0,_018___reference_variable,Editor,/Users/nozerose/Desktop/2023학년도 1학기 수업/CB3500572-063 C++프로그래밍과실습(Prof.김태연)/실습 018 - reference variable/main.cpp,,3,28,Changes
2023-03-08T00:44:52.798+09:00,nozerose,KeyEvent,32:32:0,_018___reference_variable,Editor,/Users/nozerose/Desktop/2023학년도 1학기 수업/CB3500572-063 C++프로그래밍과실습(Prof.김태연)/실습 018 - reference variable/main.cpp,,3,28,Changes
2023-03-08T00:44:52.954+09:00,nozerose,KeyEvent,65535:16:1,_018___reference_variable,Editor,/Users/nozerose/Desktop/2023학년도 1학기 수업/CB3500572-063 C++프로그래밍과실습(Prof.김태연)/실습 018 - reference variable/main.cpp,,3,29,Changes
2023-03-08T00:44:53.175+09:00,nozerose,KeyEvent,123:91:1,_018___reference_variable,Editor,/Users/nozerose/Desktop/2023학년도 1학기 수업/CB3500572-063 C++프로그래밍과실습(Prof.김태연)/실습 018 - reference variable/main.cpp,,3,29,Changes
2023-03-08T00:44:53.361+09:00,nozerose,Action,EditorEnter,_018___reference_variable,Editor,/Users/nozerose/Desktop/2023학년도 1학기 수업/CB3500572-063 C++프로그래밍과실습(Prof.김태연)/실습 018 - reference variable/main.cpp,,3,30,Changes
2023-03-08T00:44:53.368+09:00,nozerose,KeyEvent,10:10:0,_018___reference_variable,Editor,/Users/nozerose/Desktop/2023학년도 1학기 수업/CB3500572-063 C++프로그래밍과실습(Prof.김태연)/실습 018 - reference variable/main.cpp,,4,2,Changes
2023-03-08T00:45:07.959+09:00,nozerose,KeyEvent,105:73:0,_018___reference_variable,Editor,/Users/nozerose/Desktop/2023학년도 1학기 수업/CB3500572-063 C++프로그래밍과실습(Prof.김태연)/실습 018 - reference variable/main.cpp,,4,2,Changes
2023-03-08T00:45:08.155+09:00,nozerose,KeyEvent,110:78:0,_018___reference_variable,Editor,/Users/nozerose/Desktop/2023학년도 1학기 수업/CB3500572-063 C++프로그래밍과실습(Prof.김태연)/실습 018 - reference variable/main.cpp,,4,3,Changes
2023-03-08T00:45:08.314+09:00,nozerose,KeyEvent,116:84:0,_018___reference_variable,Editor,/Users/nozerose/Desktop/2023학년도 1학기 수업/CB3500572-063 C++프로그래밍과실습(Prof.김태연)/실습 018 - reference variable/main.cpp,,4,4,Changes
2023-03-08T00:45:08.467+09:00,nozerose,KeyEvent,32:32:0,_018___reference_variable,Editor,/Users/nozerose/Desktop/2023학년도 1학기 수업/CB3500572-063 C++프로그래밍과실습(Prof.김태연)/실습 018 - reference variable/main.cpp,,4,5,Changes
2023-03-08T00:45:08.709+09:00,nozerose,KeyEvent,116:84:0,_018___reference_variable,Editor,/Users/nozerose/Desktop/2023학년도 1학기 수업/CB3500572-063 C++프로그래밍과실습(Prof.김태연)/실습 018 - reference variable/main.cpp,,4,6,Changes
2023-03-08T00:45:09.305+09:00,nozerose,KeyEvent,101:69:0,_018___reference_variable,Editor,/Users/nozerose/Desktop/2023학년도 1학기 수업/CB3500572-063 C++프로그래밍과실습(Prof.김태연)/실습 018 - reference variable/main.cpp,,4,7,Changes
2023-03-08T00:45:09.405+09:00,nozerose,KeyEvent,109:77:0,_018___reference_variable,Editor,/Users/nozerose/Desktop/2023학년도 1학기 수업/CB3500572-063 C++프로그래밍과실습(Prof.김태연)/실습 018 - reference variable/main.cpp,,4,8,Changes
2023-03-08T00:45:09.685+09:00,nozerose,KeyEvent,112:80:0,_018___reference_variable,Editor,/Users/nozerose/Desktop/2023학년도 1학기 수업/CB3500572-063 C++프로그래밍과실습(Prof.김태연)/실습 018 - reference variable/main.cpp,,4,9,Changes
2023-03-08T00:45:10.225+09:00,nozerose,KeyEvent,32:32:0,_018___reference_variable,Editor,/Users/nozerose/Desktop/2023학년도 1학기 수업/CB3500572-063 C++프로그래밍과실습(Prof.김태연)/실습 018 - reference variable/main.cpp,,4,10,Changes
2023-03-08T00:45:10.519+09:00,nozerose,KeyEvent,61:61:0,_018___reference_variable,Editor,/Users/nozerose/Desktop/2023학년도 1학기 수업/CB3500572-063 C++프로그래밍과실습(Prof.김태연)/실습 018 - reference variable/main.cpp,,4,11,Changes
2023-03-08T00:45:10.629+09:00,nozerose,KeyEvent,32:32:0,_018___reference_variable,Editor,/Users/nozerose/Desktop/2023학년도 1학기 수업/CB3500572-063 C++프로그래밍과실습(Prof.김태연)/실습 018 - reference variable/main.cpp,,4,12,Changes
2023-03-08T00:45:11.156+09:00,nozerose,KeyEvent,97:65:0,_018___reference_variable,Editor,/Users/nozerose/Desktop/2023학년도 1학기 수업/CB3500572-063 C++프로그래밍과실습(Prof.김태연)/실습 018 - reference variable/main.cpp,,4,13,Changes
2023-03-08T00:45:11.778+09:00,nozerose,KeyEvent,59:59:0,_018___reference_variable,Editor,/Users/nozerose/Desktop/2023학년도 1학기 수업/CB3500572-063 C++프로그래밍과실습(Prof.김태연)/실습 018 - reference variable/main.cpp,,4,14,Changes
2023-03-08T00:45:12.027+09:00,nozerose,Action,EditorEnter,_018___reference_variable,Editor,/Users/nozerose/Desktop/2023학년도 1학기 수업/CB3500572-063 C++프로그래밍과실습(Prof.김태연)/실습 018 - reference variable/main.cpp,,4,15,Changes
2023-03-08T00:45:12.035+09:00,nozerose,KeyEvent,10:10:0,_018___reference_variable,Editor,/Users/nozerose/Desktop/2023학년도 1학기 수업/CB3500572-063 C++프로그래밍과실습(Prof.김태연)/실습 018 - reference variable/main.cpp,,5,2,Changes
2023-03-08T00:45:12.416+09:00,nozerose,KeyEvent,97:65:0,_018___reference_variable,Editor,/Users/nozerose/Desktop/2023학년도 1학기 수업/CB3500572-063 C++프로그래밍과실습(Prof.김태연)/실습 018 - reference variable/main.cpp,,5,2,Changes
2023-03-08T00:45:12.639+09:00,nozerose,KeyEvent,32:32:0,_018___reference_variable,Editor,/Users/nozerose/Desktop/2023학년도 1학기 수업/CB3500572-063 C++프로그래밍과실습(Prof.김태연)/실습 018 - reference variable/main.cpp,,5,3,Changes
2023-03-08T00:45:12.814+09:00,nozerose,KeyEvent,61:61:0,_018___reference_variable,Editor,/Users/nozerose/Desktop/2023학년도 1학기 수업/CB3500572-063 C++프로그래밍과실습(Prof.김태연)/실습 018 - reference variable/main.cpp,,5,4,Changes
2023-03-08T00:45:12.952+09:00,nozerose,KeyEvent,32:32:0,_018___reference_variable,Editor,/Users/nozerose/Desktop/2023학년도 1학기 수업/CB3500572-063 C++프로그래밍과실습(Prof.김태연)/실습 018 - reference variable/main.cpp,,5,5,Changes
2023-03-08T00:45:13.186+09:00,nozerose,KeyEvent,98:66:0,_018___reference_variable,Editor,/Users/nozerose/Desktop/2023학년도 1학기 수업/CB3500572-063 C++프로그래밍과실습(Prof.김태연)/실습 018 - reference variable/main.cpp,,5,6,Changes
2023-03-08T00:45:13.409+09:00,nozerose,KeyEvent,59:59:0,_018___reference_variable,Editor,/Users/nozerose/Desktop/2023학년도 1학기 수업/CB3500572-063 C++프로그래밍과실습(Prof.김태연)/실습 018 - reference variable/main.cpp,,5,7,Changes
2023-03-08T00:45:13.620+09:00,nozerose,Action,EditorEnter,_018___reference_variable,Editor,/Users/nozerose/Desktop/2023학년도 1학기 수업/CB3500572-063 C++프로그래밍과실습(Prof.김태연)/실습 018 - reference variable/main.cpp,,5,8,Changes
2023-03-08T00:45:13.625+09:00,nozerose,KeyEvent,10:10:0,_018___reference_variable,Editor,/Users/nozerose/Desktop/2023학년도 1학기 수업/CB3500572-063 C++프로그래밍과실습(Prof.김태연)/실습 018 - reference variable/main.cpp,,6,2,Changes
2023-03-08T00:45:13.886+09:00,nozerose,KeyEvent,98:66:0,_018___reference_variable,Editor,/Users/nozerose/Desktop/2023학년도 1학기 수업/CB3500572-063 C++프로그래밍과실습(Prof.김태연)/실습 018 - reference variable/main.cpp,,6,2,Changes
2023-03-08T00:45:14.194+09:00,nozerose,KeyEvent,32:32:0,_018___reference_variable,Editor,/Users/nozerose/Desktop/2023학년도 1학기 수업/CB3500572-063 C++프로그래밍과실습(Prof.김태연)/실습 018 - reference variable/main.cpp,,6,3,Changes
2023-03-08T00:45:14.429+09:00,nozerose,KeyEvent,61:61:0,_018___reference_variable,Editor,/Users/nozerose/Desktop/2023학년도 1학기 수업/CB3500572-063 C++프로그래밍과실습(Prof.김태연)/실습 018 - reference variable/main.cpp,,6,4,Changes
2023-03-08T00:45:14.564+09:00,nozerose,KeyEvent,32:32:0,_018___reference_variable,Editor,/Users/nozerose/Desktop/2023학년도 1학기 수업/CB3500572-063 C++프로그래밍과실습(Prof.김태연)/실습 018 - reference variable/main.cpp,,6,5,Changes
2023-03-08T00:45:14.703+09:00,nozerose,KeyEvent,97:65:0,_018___reference_variable,Editor,/Users/nozerose/Desktop/2023학년도 1학기 수업/CB3500572-063 C++프로그래밍과실습(Prof.김태연)/실습 018 - reference variable/main.cpp,,6,6,Changes
2023-03-08T00:45:14.963+09:00,nozerose,KeyEvent,59:59:0,_018___reference_variable,Editor,/Users/nozerose/Desktop/2023학년도 1학기 수업/CB3500572-063 C++프로그래밍과실습(Prof.김태연)/실습 018 - reference variable/main.cpp,,6,7,Changes
2023-03-08T00:45:20.883+09:00,nozerose,Action,Run,_018___reference_variable,Editor,/Users/nozerose/Desktop/2023학년도 1학기 수업/CB3500572-063 C++프로그래밍과실습(Prof.김태연)/실습 018 - reference variable/main.cpp,,14,1,Changes
2023-03-08T00:45:21.575+09:00,nozerose,Execution,"Run:'CMake Application: _018___reference_variable':""/Users/nozerose/Desktop/2023학년도 1학기 수업/CB3500572-063 C++프로그래밍과실습(Prof.김태연)/실습 018 - reference variable/cmake-build-debug/_018___reference_variable""",_018___reference_variable,Editor,/Users/nozerose/Desktop/2023학년도 1학기 수업/CB3500572-063 C++프로그래밍과실습(Prof.김태연)/실습 018 - reference variable/main.cpp,,14,1,Changes
2023-03-08T00:45:23.127+09:00,nozerose,KeyEvent,51:51:0,_018___reference_variable,Editor,/Users/nozerose/Desktop/2023학년도 1학기 수업/CB3500572-063 C++프로그래밍과실습(Prof.김태연)/실습 018 - reference variable/main.cpp,,14,1,Changes
2023-03-08T00:45:23.260+09:00,nozerose,KeyEvent,32:32:0,_018___reference_variable,Editor,/Users/nozerose/Desktop/2023학년도 1학기 수업/CB3500572-063 C++프로그래밍과실습(Prof.김태연)/실습 018 - reference variable/main.cpp,,14,1,Changes
2023-03-08T00:45:23.408+09:00,nozerose,KeyEvent,52:52:0,_018___reference_variable,Editor,/Users/nozerose/Desktop/2023학년도 1학기 수업/CB3500572-063 C++프로그래밍과실습(Prof.김태연)/실습 018 - reference variable/main.cpp,,14,1,Changes
2023-03-08T00:45:23.662+09:00,nozerose,KeyEvent,10:10:0,_018___reference_variable,Editor,/Users/nozerose/Desktop/2023학년도 1학기 수업/CB3500572-063 C++프로그래밍과실습(Prof.김태연)/실습 018 - reference variable/main.cpp,,14,1,Changes
2023-03-08T00:45:29.122+09:00,nozerose,Action,EditorBackSpace,_018___reference_variable,Editor,/Users/nozerose/Desktop/2023학년도 1학기 수업/CB3500572-063 C++프로그래밍과실습(Prof.김태연)/실습 018 - reference variable/main.cpp,,6,7,Changes
2023-03-08T00:45:29.130+09:00,nozerose,KeyEvent,8:8:0,_018___reference_variable,Editor,/Users/nozerose/Desktop/2023학년도 1학기 수업/CB3500572-063 C++프로그래밍과실습(Prof.김태연)/실습 018 - reference variable/main.cpp,,6,6,Changes
2023-03-08T00:45:29.472+09:00,nozerose,KeyEvent,116:84:0,_018___reference_variable,Editor,/Users/nozerose/Desktop/2023학년도 1학기 수업/CB3500572-063 C++프로그래밍과실습(Prof.김태연)/실습 018 - reference variable/main.cpp,,6,6,Changes
2023-03-08T00:45:29.663+09:00,nozerose,KeyEvent,101:69:0,_018___reference_variable,Editor,/Users/nozerose/Desktop/2023학년도 1학기 수업/CB3500572-063 C++프로그래밍과실습(Prof.김태연)/실습 018 - reference variable/main.cpp,,6,7,Changes
2023-03-08T00:45:29.747+09:00,nozerose,KeyEvent,109:77:0,_018___reference_variable,Editor,/Users/nozerose/Desktop/2023학년도 1학기 수업/CB3500572-063 C++프로그래밍과실습(Prof.김태연)/실습 018 - reference variable/main.cpp,,6,8,Changes
2023-03-08T00:45:29.964+09:00,nozerose,KeyEvent,112:80:0,_018___reference_variable,Editor,/Users/nozerose/Desktop/2023학년도 1학기 수업/CB3500572-063 C++프로그래밍과실습(Prof.김태연)/실습 018 - reference variable/main.cpp,,6,9,Changes
2023-03-08T00:45:31.266+09:00,nozerose,Action,Run,_018___reference_variable,Editor,/Users/nozerose/Desktop/2023학년도 1학기 수업/CB3500572-063 C++프로그래밍과실습(Prof.김태연)/실습 018 - reference variable/main.cpp,,6,10,Changes
2023-03-08T00:45:31.756+09:00,nozerose,Execution,"Run:'CMake Application: _018___reference_variable':""/Users/nozerose/Desktop/2023학년도 1학기 수업/CB3500572-063 C++프로그래밍과실습(Prof.김태연)/실습 018 - reference variable/cmake-build-debug/_018___reference_variable""",_018___reference_variable,Editor,/Users/nozerose/Desktop/2023학년도 1학기 수업/CB3500572-063 C++프로그래밍과실습(Prof.김태연)/실습 018 - reference variable/main.cpp,,6,10,Changes
2023-03-08T00:45:33.170+09:00,nozerose,KeyEvent,51:51:0,_018___reference_variable,Editor,/Users/nozerose/Desktop/2023학년도 1학기 수업/CB3500572-063 C++프로그래밍과실습(Prof.김태연)/실습 018 - reference variable/main.cpp,,6,10,Changes
2023-03-08T00:45:33.293+09:00,nozerose,KeyEvent,32:32:0,_018___reference_variable,Editor,/Users/nozerose/Desktop/2023학년도 1학기 수업/CB3500572-063 C++프로그래밍과실습(Prof.김태연)/실습 018 - reference variable/main.cpp,,6,10,Changes
2023-03-08T00:45:33.424+09:00,nozerose,KeyEvent,52:52:0,_018___reference_variable,Editor,/Users/nozerose/Desktop/2023학년도 1학기 수업/CB3500572-063 C++프로그래밍과실습(Prof.김태연)/실습 018 - reference variable/main.cpp,,6,10,Changes
2023-03-08T00:45:33.659+09:00,nozerose,KeyEvent,10:10:0,_018___reference_variable,Editor,/Users/nozerose/Desktop/2023학년도 1학기 수업/CB3500572-063 C++프로그래밍과실습(Prof.김태연)/실습 018 - reference variable/main.cpp,,6,10,Changes
2023-03-08T00:45:35.077+09:00,nozerose,Action,Run,_018___reference_variable,Editor,/Users/nozerose/Desktop/2023학년도 1학기 수업/CB3500572-063 C++프로그래밍과실습(Prof.김태연)/실습 018 - reference variable/main.cpp,,6,10,Changes
2023-03-08T00:45:35.333+09:00,nozerose,Execution,"Run:'CMake Application: _018___reference_variable':""/Users/nozerose/Desktop/2023학년도 1학기 수업/CB3500572-063 C++프로그래밍과실습(Prof.김태연)/실습 018 - reference variable/cmake-build-debug/_018___reference_variable""",_018___reference_variable,Editor,/Users/nozerose/Desktop/2023학년도 1학기 수업/CB3500572-063 C++프로그래밍과실습(Prof.김태연)/실습 018 - reference variable/main.cpp,,6,10,Changes
2023-03-08T00:45:36.784+09:00,nozerose,KeyEvent,49:49:0,_018___reference_variable,Editor,/Users/nozerose/Desktop/2023학년도 1학기 수업/CB3500572-063 C++프로그래밍과실습(Prof.김태연)/실습 018 - reference variable/main.cpp,,6,10,Changes
2023-03-08T00:45:36.928+09:00,nozerose,KeyEvent,32:32:0,_018___reference_variable,Editor,/Users/nozerose/Desktop/2023학년도 1학기 수업/CB3500572-063 C++프로그래밍과실습(Prof.김태연)/실습 018 - reference variable/main.cpp,,6,10,Changes
2023-03-08T00:45:37.177+09:00,nozerose,KeyEvent,53:53:0,_018___reference_variable,Editor,/Users/nozerose/Desktop/2023학년도 1학기 수업/CB3500572-063 C++프로그래밍과실습(Prof.김태연)/실습 018 - reference variable/main.cpp,,6,10,Changes
2023-03-08T00:45:37.350+09:00,nozerose,KeyEvent,10:10:0,_018___reference_variable,Editor,/Users/nozerose/Desktop/2023학년도 1학기 수업/CB3500572-063 C++프로그래밍과실습(Prof.김태연)/실습 018 - reference variable/main.cpp,,6,10,Changes
2023-03-08T00:45:39.211+09:00,nozerose,Action,Run,_018___reference_variable,Editor,/Users/nozerose/Desktop/2023학년도 1학기 수업/CB3500572-063 C++프로그래밍과실습(Prof.김태연)/실습 018 - reference variable/main.cpp,,6,10,Changes
2023-03-08T00:45:39.474+09:00,nozerose,Execution,"Run:'CMake Application: _018___reference_variable':""/Users/nozerose/Desktop/2023학년도 1학기 수업/CB3500572-063 C++프로그래밍과실습(Prof.김태연)/실습 018 - reference variable/cmake-build-debug/_018___reference_variable""",_018___reference_variable,Editor,/Users/nozerose/Desktop/2023학년도 1학기 수업/CB3500572-063 C++프로그래밍과실습(Prof.김태연)/실습 018 - reference variable/main.cpp,,6,10,Changes
2023-03-08T00:45:41.086+09:00,nozerose,KeyEvent,49:49:0,_018___reference_variable,Editor,/Users/nozerose/Desktop/2023학년도 1학기 수업/CB3500572-063 C++프로그래밍과실습(Prof.김태연)/실습 018 - reference variable/main.cpp,,14,1,Changes
2023-03-08T00:45:41.271+09:00,nozerose,KeyEvent,48:48:0,_018___reference_variable,Editor,/Users/nozerose/Desktop/2023학년도 1학기 수업/CB3500572-063 C++프로그래밍과실습(Prof.김태연)/실습 018 - reference variable/main.cpp,,14,1,Changes
2023-03-08T00:45:41.347+09:00,nozerose,KeyEvent,32:32:0,_018___reference_variable,Editor,/Users/nozerose/Desktop/2023학년도 1학기 수업/CB3500572-063 C++프로그래밍과실습(Prof.김태연)/실습 018 - reference variable/main.cpp,,14,1,Changes
2023-03-08T00:45:41.483+09:00,nozerose,KeyEvent,50:50:0,_018___reference_variable,Editor,/Users/nozerose/Desktop/2023학년도 1학기 수업/CB3500572-063 C++프로그래밍과실습(Prof.김태연)/실습 018 - reference variable/main.cpp,,14,1,Changes
2023-03-08T00:45:41.557+09:00,nozerose,KeyEvent,48:48:0,_018___reference_variable,Editor,/Users/nozerose/Desktop/2023학년도 1학기 수업/CB3500572-063 C++프로그래밍과실습(Prof.김태연)/실습 018 - reference variable/main.cpp,,14,1,Changes
2023-03-08T00:45:41.712+09:00,nozerose,KeyEvent,10:10:0,_018___reference_variable,Editor,/Users/nozerose/Desktop/2023학년도 1학기 수업/CB3500572-063 C++프로그래밍과실습(Prof.김태연)/실습 018 - reference variable/main.cpp,,14,1,Changes
2023-03-08T00:45:47.292+09:00,nozerose,Action,Start/Stop Activity Tracking,,,,,-1,-1,
